Rank,Year,Position,Name,Age,Games,Plate_Appearances,At_Bats,Runs,Hits,Doubles,Triples,Home_Runs,Runs_Batted_In,Stolen_Bases,Caught_Stealing,Base_On_Balls,Strikeouts,Batting_Average,On_Base_Percentage,Slugging_Percentage,On_Base_Plus_Slugging_Percentage,On_Base_Plus_Slugging_Percentage_Plus,Total_Bases,Double_Plays_Grounded_Into,Times_Hit_By_Pitch,Sacrifice_Hits,Sacrifice_Flies,Intentional_Bases_on_Balls,Dominant_Hand,Switch_Hitter,Birth_Country,Salary,Contract_Type
1,2023,C,Will Smith,28,126,554,464,80,121,21,2,19,76,3,0,63,89,0.261,0.359,0.438,0.797,114,203,8,15,0,12,2,Right,No,USA,12005000.0,Mid
2,2023,1B,Freddie Freeman,33,161,730,637,131,211,59,2,29,102,23,1,72,121,0.331,0.41,0.567,0.976,161,361,14,16,0,5,12,Left,No,USA,22813000.0,Star
3,2023,2B,Miguel Vargas,23,81,304,256,36,50,15,4,7,32,3,2,38,61,0.195,0.305,0.367,0.672,81,94,1,4,1,4,1,Right,No,Cuba,3400000.0,Arbitration
4,2023,SS,Miguel Rojas,34,124,423,385,49,91,16,1,5,31,8,3,26,48,0.236,0.29,0.322,0.612,66,124,12,5,2,5,0,Right,No,Venezuela,5669000.0,Arbitration
5,2023,3B,Max Muncy,32,135,579,482,95,102,17,1,36,105,1,2,85,153,0.212,0.333,0.475,0.808,115,229,8,6,0,6,4,Left,No,USA,15065000.0,Star
6,2023,LF,David Peralta,35,133,422,394,47,102,25,1,7,55,4,1,20,72,0.259,0.294,0.381,0.675,81,150,8,2,0,6,1,Left,No,Venezuela,4384000.0,Arbitration
7,2023,CF,James Outman,26,151,567,483,86,120,16,3,23,70,16,3,68,181,0.248,0.353,0.437,0.79,112,211,4,12,0,4,1,Left,No,USA,9012000.0,Mid
8,2023,RF,Mookie Betts,30,152,693,584,126,179,40,1,39,107,14,3,96,107,0.307,0.408,0.579,0.987,163,338,5,8,0,5,3,Right,No,USA,29731000.0,Superstar
9,2023,DH,J.D. Martinez,35,113,479,432,61,117,27,2,33,103,1,0,34,149,0.271,0.321,0.572,0.893,134,247,11,2,0,9,1,Right,No,USA,12192000.0,Mid
10,2023,UT,Chris Taylor,32,117,384,338,51,80,15,1,15,56,16,3,41,125,0.237,0.326,0.42,0.746,100,142,2,4,0,1,2,Right,No,USA,11915000.0,Mid
11,2023,RF,Jason Heyward,33,124,377,334,56,90,23,0,15,40,2,2,34,64,0.269,0.34,0.473,0.813,117,158,7,3,0,3,1,Left,No,USA,20080000.0,Star
12,2023,C,Austin Barnes,33,59,200,178,15,32,5,0,2,11,2,1,17,43,0.18,0.256,0.242,0.498,36,43,7,2,1,2,0,Right,No,USA,2821000.0,Arbitration
13,2023,UT,Enrique Hernández,31,54,185,168,19,44,12,0,5,30,1,0,12,29,0.262,0.308,0.423,0.731,95,71,6,1,0,4,1,Right,No,Puerto Rico,11844000.0,Mid
14,2023,2B,Amed Rosario,27,48,133,125,19,32,6,2,3,18,6,2,7,22,0.256,0.301,0.408,0.709,89,51,4,1,0,0,0,Right,No,Dominican Republic,10449000.0,Mid
15,2023,OF,Trayce Thompson,32,36,87,71,12,11,0,0,5,14,0,0,15,37,0.155,0.31,0.366,0.677,82,26,0,1,0,0,0,Right,No,USA,853000.0,Rookie
16,2023,IF,Michael Busch,25,27,81,72,9,12,3,0,2,7,1,0,8,27,0.167,0.247,0.292,0.539,45,21,0,0,0,1,0,Left,No,USA,908000.0,Rookie
17,2023,OF,Jonny Deluca,24,24,45,42,5,11,1,0,2,6,1,0,3,8,0.262,0.311,0.429,0.74,97,18,0,0,0,0,0,Right,No,USA,843000.0,Rookie
18,2023,2B,Kolten Wong,32,20,34,30,4,9,0,0,2,8,2,1,2,7,0.3,0.353,0.5,0.853,127,15,1,1,0,1,0,Left,No,USA,727000.0,Rookie
19,2023,IF,Yonny Hernández,25,14,27,22,5,3,1,0,0,4,0,0,2,8,0.136,0.231,0.182,0.413,14,4,0,1,1,1,0,Right,Yes,Venezuela,921000.0,Rookie
20,2023,C,Austin Wynns,32,5,12,11,0,2,1,0,0,2,0,0,1,5,0.182,0.25,0.273,0.523,42,3,0,0,0,0,0,Right,No,Cuba,869000.0,Rookie
21,2023,SS,Luke Williams,26,4,10,10,0,1,0,0,0,0,1,0,0,3,0.1,0.1,0.1,0.2,-46,1,0,0,0,0,0,Right,No,USA,866000.0,Rookie
22,2023,CF,Jake Marisnick,32,4,6,5,0,2,0,0,0,0,0,1,0,0,0.4,0.5,0.4,0.9,149,2,0,1,0,0,0,Right,No,Dominican Republic,767000.0,Rookie
23,2023,P,Shelby Miller,32,1,1,1,0,0,0,0,0,0,0,0,0,0,0.0,0.0,0.0,0.0,-100,0,0,0,0,0,0,Right,No,Dominican Republic,862000.0,Rookie
24,2023,P,Michael Grove,26,0,0,0,0,0,0,0,0,0,0,0,0,0,0.0,0.0,0.0,0.0,0,0,0,0,0,0,0,Right,No,USA,805000.0,Rookie
25,2023,P,Dustin May,25,0,0,0,0,0,0,0,0,0,0,0,0,0,0.0,0.0,0.0,0.0,0,0,0,0,0,0,0,Right,No,Venezuela,861000.0,Rookie
26,2023,P,Noah Syndergaard,30,0,0,0,0,0,0,0,0,0,0,0,0,0,0.0,0.0,0.0,0.0,0,0,0,0,0,0,0,Left,No,Puerto Rico,743000.0,Rookie
27,2023,P,Jake Reed,30,0,0,0,0,0,0,0,0,0,0,0,0,0,0.0,0.0,0.0,0.0,0,0,0,0,0,0,0,Right,No,Dominican Republic,862000.0,Rookie
28,2023,P,Julio Urías,26,0,0,0,0,0,0,0,0,0,0,0,0,0,0.0,0.0,0.0,0.0,0,0,0,0,0,0,0,Left,No,Dominican Republic,936000.0,Rookie
29,2023,P,Dylan Covey,31,0,0,0,0,0,0,0,0,0,0,0,0,0,0.0,0.0,0.0,0.0,0,0,0,0,0,0,0,Right,No,Puerto Rico,730000.0,Rookie
30,2023,P,Gavin Stone,24,0,0,0,0,0,0,0,0,0,0,0,0,0,0.0,0.0,0.0,0.0,0,0,0,0,0,0,0,Right,No,South Korea,931000.0,Rookie
31,2023,P,Gus Varland,26,0,0,0,0,0,0,0,0,0,0,0,0,0,0.0,0.0,0.0,0.0,0,0,0,0,0,0,0,Left,No,USA,808000.0,Rookie
32,2023,P,Wander Suero,31,0,0,0,0,0,0,0,0,0,0,0,0,0,0.0,0.0,0.0,0.0,0,0,0,0,0,0,0,Right,No,USA,908000.0,Rookie
33,2023,P,Bryan Hudson,26,0,0,0,0,0,0,0,0,0,0,0,0,0,0.0,0.0,0.0,0.0,0,0,0,0,0,0,0,Left,No,USA,889000.0,Rookie
34,2023,P,Tayler Scott,31,1,0,0,0,0,0,0,0,0,0,0,0,0,0.0,0.0,0.0,0.0,0,0,0,0,0,0,0,Right,No,USA,842000.0,Rookie
35,2023,P,Phil Bickford,27,0,0,0,0,0,0,0,0,0,0,0,0,0,0.0,0.0,0.0,0.0,0,0,0,0,0,0,0,Right,No,USA,880000.0,Rookie
36,2023,P,Justin Bruihl,26,0,0,0,0,0,0,0,0,0,0,0,0,0,0.0,0.0,0.0,0.0,0,0,0,0,0,0,0,Left,No,Puerto Rico,910000.0,Rookie
37,2023,P,Lance Lynn,36,0,0,0,0,0,0,0,0,0,0,0,0,0,0.0,0.0,0.0,0.0,0,0,0,0,0,0,0,Right,Yes,USA,807000.0,Rookie
38,2023,P,Kyle Hurt,25,0,0,0,0,0,0,0,0,0,0,0,0,0,0.0,0.0,0.0,0.0,0,0,0,0,0,0,0,Right,No,USA,791000.0,Rookie
39,2023,P,Tyler Cyr,30,0,0,0,0,0,0,0,0,0,0,0,0,0,0.0,0.0,0.0,0.0,0,0,0,0,0,0,0,Right,No,USA,864000.0,Rookie
40,2023,P,Victor González,27,2,0,0,0,0,0,0,0,0,0,0,0,0,0.0,0.0,0.0,0.0,0,0,0,0,0,0,0,Left,No,Dominican Republic,894000.0,Rookie
41,2023,P,Tyson Miller,27,0,0,0,0,0,0,0,0,0,0,0,0,0,0.0,0.0,0.0,0.0,0,0,0,0,0,0,0,Right,No,USA,885000.0,Rookie
42,2023,P,Nick Robertson,24,0,0,0,0,0,0,0,0,0,0,0,0,0,0.0,0.0,0.0,0.0,0,0,0,0,0,0,0,Right,No,USA,892000.0,Rookie
43,2023,P,Joe Kelly,35,0,0,0,0,0,0,0,0,0,0,0,0,0,0.0,0.0,0.0,0.0,0,0,0,0,0,0,0,Right,No,USA,814000.0,Rookie
44,2023,P,Bobby Miller,24,0,0,0,0,0,0,0,0,0,0,0,0,0,0.0,0.0,0.0,0.0,0,0,0,0,0,0,0,Left,No,Venezuela,897000.0,Rookie
45,2023,P,Caleb Ferguson,26,2,0,0,0,0,0,0,0,0,0,0,0,0,0.0,0.0,0.0,0.0,0,0,0,0,0,0,0,Right,No,USA,746000.0,Rookie
46,2023,P,Daniel Hudson,36,0,0,0,0,0,0,0,0,0,0,0,0,0,0.0,0.0,0.0,0.0,0,0,0,0,0,0,0,Right,No,USA,838000.0,Rookie
47,2023,P,Ryan Brasier,35,1,0,0,0,0,0,0,0,0,0,0,0,0,0.0,0.0,0.0,0.0,0,0,0,0,0,0,0,Right,No,Puerto Rico,721000.0,Rookie
48,2023,P,Alex Vesia,27,2,0,0,0,0,0,0,0,0,0,0,0,0,0.0,0.0,0.0,0.0,0,0,0,0,0,0,0,Left,No,USA,790000.0,Rookie
49,2023,P,Ryan Pepiot,25,0,0,0,0,0,0,0,0,0,0,0,0,0,0.0,0.0,0.0,0.0,0,0,0,0,0,0,0,Right,No,Cuba,799000.0,Rookie
50,2023,P,Adam Kolarek,34,0,0,0,0,0,0,0,0,0,0,0,0,0,0.0,0.0,0.0,0.0,0,0,0,0,0,0,0,Left,No,USA,806000.0,Rookie
51,2023,P,Ryan Yarbrough,31,1,0,0,0,0,0,0,0,0,0,0,0,0,0.0,0.0,0.0,0.0,0,0,0,0,0,0,0,Right,No,USA,870000.0,Rookie
52,2023,P,Yency Almonte,29,0,0,0,0,0,0,0,0,0,0,0,0,0,0.0,0.0,0.0,0.0,0,0,0,0,0,0,0,Right,No,Cuba,804000.0,Rookie
53,2023,P,Clayton Kershaw,35,0,0,0,0,0,0,0,0,0,0,0,0,0,0.0,0.0,0.0,0.0,0,0,0,0,0,0,0,Left,No,USA,35000000.0,Superstar
54,2023,P,Evan Phillips,28,0,0,0,0,0,0,0,0,0,0,0,0,0,0.0,0.0,0.0,0.0,0,0,0,0,0,0,0,Right,No,USA,771000.0,Rookie
55,2023,P,Emmet Sheehan,23,0,0,0,0,0,0,0,0,0,0,0,0,0,0.0,0.0,0.0,0.0,0,0,0,0,0,0,0,Right,No,Venezuela,801000.0,Rookie
56,2023,P,Tony Gonsolin,29,0,0,0,0,0,0,0,0,0,0,0,0,0,0.0,0.0,0.0,0.0,0,0,0,0,0,0,0,Right,No,USA,769000.0,Rookie
57,2023,P,Andre Jackson,27,0,0,0,0,0,0,0,0,0,0,0,0,0,0.0,0.0,0.0,0.0,0,0,0,0,0,0,0,Right,No,Dominican Republic,736000.0,Rookie
58,2023,P,Brusdar Graterol,24,1,0,0,0,0,0,0,0,0,0,0,0,0,0.0,0.0,0.0,0.0,0,0,0,0,0,0,0,Right,No,Dominican Republic,850000.0,Rookie
1,2022,C,Will Smith,27,137,578,508,68,132,26,3,24,87,1,0,56,96,0.26,0.343,0.465,0.807,124,236,11,10,0,4,4,Right,No,USA,20234000.0,Star
2,2022,1B,Freddie Freeman,32,159,708,612,117,199,47,2,21,100,13,3,84,102,0.325,0.407,0.511,0.918,156,313,6,5,0,7,12,Left,No,USA,27866000.0,Superstar
3,2022,2B,Gavin Lux,24,129,471,421,66,116,20,7,6,42,7,2,47,95,0.276,0.346,0.399,0.745,109,168,3,0,0,3,0,Left,No,USA,7037000.0,Arbitration
4,2022,SS,Trea Turner,29,160,708,652,101,194,39,4,21,100,27,3,45,131,0.298,0.343,0.466,0.809,124,304,9,3,0,6,1,Right,No,Dominican Republic,17638000.0,Star
5,2022,3B,Max Muncy,31,136,565,464,69,91,22,1,21,69,2,0,90,141,0.196,0.329,0.384,0.713,100,178,2,5,0,6,1,Left,No,USA,13195000.0,Mid
6,2022,LF,Chris Taylor,31,118,454,402,45,89,25,3,10,43,10,1,44,160,0.221,0.304,0.373,0.677,89,150,4,5,0,3,2,Right,No,USA,4989000.0,Arbitration
7,2022,CF,Cody Bellinger,26,144,550,504,70,106,27,3,19,68,14,3,38,150,0.21,0.265,0.389,0.654,81,196,7,2,0,6,0,Left,No,USA,4387000.0,Arbitration
8,2022,RF,Mookie Betts,29,142,639,572,117,154,40,3,35,82,12,2,55,104,0.269,0.34,0.533,0.873,140,305,8,8,0,4,0,Right,No,USA,14451000.0,Mid
9,2022,DH,Justin Turner,37,128,532,468,61,130,36,0,13,81,3,0,50,89,0.278,0.35,0.438,0.788,120,205,13,6,0,8,1,Right,No,USA,5856000.0,Arbitration
10,2022,OF,Trayce Thompson,31,74,239,205,35,55,14,1,13,39,4,0,30,86,0.268,0.364,0.537,0.901,149,110,2,2,0,2,0,Right,No,USA,26071000.0,Superstar
11,2022,C,Austin Barnes,32,62,212,179,31,38,6,0,8,26,2,1,27,37,0.212,0.324,0.38,0.704,97,68,5,3,2,1,0,Right,No,USA,9711000.0,Mid
12,2022,IF,Hanser Alberto,29,73,159,156,13,38,9,2,2,15,0,1,3,25,0.244,0.258,0.365,0.623,73,57,7,0,0,0,0,Right,No,USA,5209000.0,Arbitration
13,2022,LF,Joey Gallo,28,44,137,117,16,19,4,1,7,23,1,0,16,57,0.162,0.277,0.393,0.671,86,46,0,3,0,1,0,Left,No,USA,5041000.0,Arbitration
14,2022,DH,Edwin Rios,28,27,92,86,12,21,1,0,7,17,0,1,5,36,0.244,0.293,0.5,0.793,117,43,2,1,0,0,1,Left,No,Dominican Republic,851000.0,Rookie
15,2022,DH,Jake Lamb,31,25,77,67,10,16,5,1,2,4,0,1,8,24,0.239,0.338,0.433,0.77,115,29,4,2,0,0,0,Left,No,USA,885000.0,Rookie
16,2022,UT,Miguel Vargas,22,18,50,47,4,8,1,0,1,8,1,0,2,13,0.17,0.2,0.255,0.455,27,12,0,0,0,1,0,Right,No,Cuba,896000.0,Rookie
17,2022,UT,Eddy Alvarez,32,14,27,25,1,4,0,0,0,3,1,0,0,9,0.16,0.154,0.16,0.314,-12,4,1,0,1,1,0,Left,No,USA,875000.0,Rookie
18,2022,OF,James Outman,25,4,16,13,6,6,2,0,1,3,0,0,2,7,0.462,0.563,0.846,1.409,289,11,0,1,0,0,0,Left,No,USA,926000.0,Rookie
19,2022,UT,Zach McKinstry,27,10,14,11,4,1,0,0,1,2,0,0,3,4,0.091,0.286,0.364,0.649,81,4,0,0,0,0,0,Left,No,USA,724000.0,Rookie
20,2022,OF,Kevin Pillar,33,4,13,12,1,1,1,0,0,0,0,0,1,4,0.083,0.154,0.167,0.321,-10,2,1,0,0,0,0,Right,No,USA,762000.0,Rookie
21,2022,UT,Tony Wolters,30,2,4,4,0,0,0,0,0,0,0,0,0,3,0.0,0.0,0.0,0.0,-100,0,0,0,0,0,0,Left,No,Dominican Republic,722000.0,Rookie
22,2022,P,Tyler Anderson,32,2,1,1,0,0,0,0,0,0,0,0,0,1,0.0,0.0,0.0,0.0,-100,0,0,0,0,0,0,Left,No,USA,860000.0,Rookie
23,2022,P,Evan Phillips,27,1,1,0,0,0,0,0,0,0,0,0,1,0,0.0,1.0,0.0,0.0,0,0,0,0,0,0,0,Right,No,USA,914000.0,Rookie
24,2022,P,Michael Grove,25,0,0,0,0,0,0,0,0,0,0,0,0,0,0.0,0.0,0.0,0.0,0,0,0,0,0,0,0,Right,No,USA,773000.0,Rookie
25,2022,P,Dustin May,24,0,0,0,0,0,0,0,0,0,0,0,0,0,0.0,0.0,0.0,0.0,0,0,0,0,0,0,0,Right,No,Puerto Rico,920000.0,Rookie
26,2022,P,Jake Reed,29,1,0,0,0,0,0,0,0,0,0,0,0,0,0.0,0.0,0.0,0.0,0,0,0,0,0,0,0,Right,No,USA,733000.0,Rookie
27,2022,P,Julio Urías,25,0,0,0,0,0,0,0,0,0,0,0,0,0,0.0,0.0,0.0,0.0,0,0,0,0,0,0,0,Left,No,USA,922000.0,Rookie
28,2022,P,Tommy Kahnle,32,0,0,0,0,0,0,0,0,0,0,0,0,0,0.0,0.0,0.0,0.0,0,0,0,0,0,0,0,Right,No,USA,796000.0,Rookie
29,2022,P,Phil Bickford,26,2,0,0,0,0,0,0,0,0,0,0,0,0,0.0,0.0,0.0,0.0,0,0,0,0,0,0,0,Right,No,Puerto Rico,742000.0,Rookie
30,2022,P,Reyes Moronta,29,0,0,0,0,0,0,0,0,0,0,0,0,0,0.0,0.0,0.0,0.0,0,0,0,0,0,0,0,Right,No,USA,825000.0,Rookie
31,2022,P,Craig Kimbrel,34,1,0,0,0,0,0,0,0,0,0,0,0,0,0.0,0.0,0.0,0.0,0,0,0,0,0,0,0,Right,No,USA,775000.0,Rookie
32,2022,P,Justin Bruihl,25,1,0,0,0,0,0,0,0,0,0,0,0,0,0.0,0.0,0.0,0.0,0,0,0,0,0,0,0,Left,No,Venezuela,782000.0,Rookie
33,2022,P,Andrew Heaney,31,0,0,0,0,0,0,0,0,0,0,0,0,0,0.0,0.0,0.0,0.0,0,0,0,0,0,0,0,Left,No,Cuba,786000.0,Rookie
34,2022,P,Walker Buehler,27,0,0,0,0,0,0,0,0,0,0,0,0,0,0.0,0.0,0.0,0.0,0,0,0,0,0,0,0,Right,No,USA,893000.0,Rookie
35,2022,P,Blake Treinen,34,0,0,0,0,0,0,0,0,0,0,0,0,0,0.0,0.0,0.0,0.0,0,0,0,0,0,0,0,Right,No,Dominican Republic,836000.0,Rookie
36,2022,P,Garrett Cleavinger,28,0,0,0,0,0,0,0,0,0,0,0,0,0,0.0,0.0,0.0,0.0,0,0,0,0,0,0,0,Right,No,USA,787000.0,Rookie
37,2022,P,Heath Hembree,33,0,0,0,0,0,0,0,0,0,0,0,0,0,0.0,0.0,0.0,0.0,0,0,0,0,0,0,0,Right,No,USA,852000.0,Rookie
38,2022,P,David Price,36,1,0,0,0,0,0,0,0,0,0,0,0,0,0.0,0.0,0.0,0.0,0,0,0,0,0,0,0,Left,No,USA,875000.0,Rookie
39,2022,P,Caleb Ferguson,25,0,0,0,0,0,0,0,0,0,0,0,0,0,0.0,0.0,0.0,0.0,0,0,0,0,0,0,0,Right,No,USA,779000.0,Rookie
40,2022,P,Daniel Hudson,35,0,0,0,0,0,0,0,0,0,0,0,0,0,0.0,0.0,0.0,0.0,0,0,0,0,0,0,0,Right,No,Venezuela,809000.0,Rookie
41,2022,P,Alex Vesia,26,0,0,0,0,0,0,0,0,0,0,0,0,0,0.0,0.0,0.0,0.0,0,0,0,0,0,0,0,Left,No,Venezuela,746000.0,Rookie
42,2022,P,Chris Martin,36,1,0,0,0,0,0,0,0,0,0,0,0,0,0.0,0.0,0.0,0.0,0,0,0,0,0,0,0,Right,No,USA,759000.0,Rookie
43,2022,P,Ryan Pepiot,24,0,0,0,0,0,0,0,0,0,0,0,0,0,0.0,0.0,0.0,0.0,0,0,0,0,0,0,0,Right,No,USA,867000.0,Rookie
44,2022,P,Yency Almonte,28,0,0,0,0,0,0,0,0,0,0,0,0,0,0.0,0.0,0.0,0.0,0,0,0,0,0,0,0,Right,No,USA,759000.0,Rookie
45,2022,P,Clayton Kershaw,34,0,0,0,0,0,0,0,0,0,0,0,0,0,0.0,0.0,0.0,0.0,0,0,0,0,0,0,0,Left,No,USA,35000000.0,Superstar
46,2022,P,Mitch White,27,0,0,0,0,0,0,0,0,0,0,0,0,0,0.0,0.0,0.0,0.0,0,0,0,0,0,0,0,Right,No,USA,873000.0,Rookie
47,2022,P,Robbie Erlin,31,0,0,0,0,0,0,0,0,0,0,0,0,0,0.0,0.0,0.0,0.0,0,0,0,0,0,0,0,Right,No,USA,743000.0,Rookie
48,2022,P,Tony Gonsolin,28,0,0,0,0,0,0,0,0,0,0,0,0,0,0.0,0.0,0.0,0.0,0,0,0,0,0,0,0,Right,No,USA,843000.0,Rookie
49,2022,P,Andre Jackson,26,0,0,0,0,0,0,0,0,0,0,0,0,0,0.0,0.0,0.0,0.0,0,0,0,0,0,0,0,Right,No,USA,775000.0,Rookie
50,2022,P,Shane Greene,33,0,0,0,0,0,0,0,0,0,0,0,0,0,0.0,0.0,0.0,0.0,0,0,0,0,0,0,0,Right,No,USA,928000.0,Rookie
51,2022,P,Brusdar Graterol,23,0,0,0,0,0,0,0,0,0,0,0,0,0,0.0,0.0,0.0,0.0,0,0,0,0,0,0,0,Right,No,Cuba,824000.0,Rookie
1,2021,C,Will Smith,26,130,501,414,71,107,19,2,25,76,3,0,58,101,0.258,0.365,0.495,0.86,127,205,11,18,0,11,4,Right,No,USA,19168000.0,Star
2,2021,1B,Max Muncy,30,144,592,497,95,124,26,2,36,94,2,1,83,120,0.249,0.368,0.527,0.895,135,262,7,11,0,1,5,Left,No,USA,19172000.0,Star
3,2021,2B,Trea Turner,28,52,226,207,41,70,17,0,10,28,11,2,15,33,0.338,0.385,0.565,0.95,149,117,5,2,0,2,2,Right,No,Dominican Republic,23546000.0,Star
4,2021,SS,Corey Seager,27,95,409,353,54,108,22,3,16,57,1,1,48,66,0.306,0.394,0.521,0.915,142,184,8,5,0,3,2,Left,No,USA,27969000.0,Superstar
5,2021,3B,Justin Turner,36,151,612,533,87,148,22,0,27,87,3,0,61,98,0.278,0.361,0.471,0.832,120,251,12,12,0,6,0,Right,No,USA,15723000.0,Star
6,2021,LF,AJ Pollock,33,117,422,384,53,114,27,1,21,69,9,1,30,80,0.297,0.355,0.536,0.892,134,206,4,6,0,2,4,Right,No,USA,18121000.0,Star
7,2021,CF,Cody Bellinger,25,95,350,315,39,52,9,2,10,36,3,1,31,94,0.165,0.24,0.302,0.542,44,95,2,1,0,3,2,Left,No,USA,2291000.0,Arbitration
8,2021,RF,Mookie Betts,28,122,550,466,93,123,29,3,23,58,10,5,68,86,0.264,0.367,0.487,0.854,126,227,5,11,0,5,2,Right,No,USA,22178000.0,Star
9,2021,UT,Chris Taylor,30,148,582,507,92,129,25,4,20,73,13,1,63,167,0.254,0.344,0.438,0.782,107,222,5,8,1,3,2,Right,No,USA,8431000.0,Mid
10,2021,MI,Gavin Lux,23,102,381,335,49,81,12,4,7,46,4,1,41,83,0.242,0.328,0.364,0.692,85,122,3,3,0,2,3,Left,No,Puerto Rico,2477000.0,Arbitration
11,2021,UT,Matt Beaty,28,120,234,204,35,55,4,1,7,40,2,2,20,44,0.27,0.363,0.402,0.765,104,82,3,10,0,0,0,Left,No,USA,11302000.0,Mid
12,2021,C,Austin Barnes,31,77,225,200,28,43,8,0,6,23,1,0,20,56,0.215,0.299,0.345,0.644,72,69,6,4,1,0,1,Right,No,USA,4600000.0,Arbitration
13,2021,1B,Albert Pujols,41,85,204,189,20,48,3,0,12,38,1,0,11,32,0.254,0.299,0.46,0.759,99,87,10,2,0,2,2,Right,No,USA,4164000.0,Arbitration
14,2021,UT,Zach McKinstry,26,60,172,158,19,34,9,0,7,29,1,1,10,50,0.215,0.263,0.405,0.668,75,64,3,1,1,2,1,Left,No,Dominican Republic,5733000.0,Arbitration
15,2021,RF,Billy McKinney,26,37,98,82,8,12,2,1,1,7,0,0,14,24,0.146,0.276,0.232,0.507,38,19,1,1,0,1,1,Left,No,Dominican Republic,796000.0,Rookie
16,2021,OF,Luke Raley,26,33,72,66,5,12,1,0,2,4,0,0,2,25,0.182,0.25,0.288,0.538,43,19,1,4,0,0,1,Left,No,South Korea,771000.0,Rookie
17,2021,UT,Sheldon Neuse,26,33,66,65,6,11,1,0,3,4,1,1,1,26,0.169,0.182,0.323,0.505,31,21,2,0,0,0,0,Right,No,USA,889000.0,Rookie
18,2021,UT,Edwin Rios,27,25,60,51,4,4,0,0,1,1,0,0,7,18,0.078,0.217,0.137,0.354,-2,7,3,2,0,0,0,Left,No,Mexico,779000.0,Rookie
19,2021,OF,Steven Souza Jr.,32,17,36,33,2,5,1,1,1,3,0,0,2,14,0.152,0.222,0.333,0.556,46,11,2,1,0,0,0,Right,No,USA,898000.0,Rookie
20,2021,OF,DJ Peters,25,18,34,26,5,5,2,0,1,4,0,0,8,14,0.192,0.382,0.385,0.767,106,10,0,0,0,0,4,Right,No,USA,812000.0,Rookie
21,2021,LF,Yoshi Tsutsugo,29,12,31,25,2,3,0,0,0,2,0,0,6,12,0.12,0.29,0.12,0.41,16,3,0,0,0,0,0,Left,No,Dominican Republic,864000.0,Rookie
22,2021,IF,Andy Burns,30,9,15,11,2,3,1,0,0,0,0,0,3,1,0.273,0.467,0.364,0.83,127,4,1,1,0,0,0,Right,No,Venezuela,741000.0,Rookie
23,2021,OF,Zach Reks,27,6,10,10,2,0,0,0,0,0,0,0,0,7,0.0,0.0,0.0,0.0,-100,0,0,0,0,0,0,Left,No,Puerto Rico,855000.0,Rookie
24,2021,C,Keibert Ruiz,22,6,7,7,1,1,0,0,1,1,0,0,0,5,0.143,0.143,0.571,0.714,77,4,0,0,0,0,0,Right,Yes,Dominican Republic,818000.0,Rookie
25,2021,P,Walker Buehler,26,34,82,69,5,7,2,0,0,3,0,0,5,45,0.101,0.162,0.13,0.293,-20,9,0,0,8,0,0,Right,No,USA,847000.0,Rookie
26,2021,P,Julio Urías,24,30,70,59,5,12,2,0,0,9,0,0,0,22,0.203,0.217,0.237,0.454,21,14,1,1,10,0,0,Left,No,Venezuela,756000.0,Rookie
27,2021,P,Clayton Kershaw,33,21,39,36,2,8,0,0,0,3,0,0,1,11,0.222,0.243,0.222,0.465,26,8,0,0,2,0,0,Left,No,USA,35000000.0,Superstar
28,2021,P,Trevor Bauer,30,14,34,30,0,1,0,0,0,1,0,0,1,11,0.033,0.065,0.033,0.098,-73,1,0,0,3,0,0,Right,No,Venezuela,906000.0,Rookie
29,2021,P,Max Scherzer,36,11,26,24,0,0,0,0,0,1,0,0,0,15,0.0,0.0,0.0,0.0,-100,0,0,0,1,1,0,Right,No,Venezuela,767000.0,Rookie
30,2021,P,Tony Gonsolin,27,17,19,17,2,3,1,0,0,0,0,0,1,8,0.176,0.222,0.235,0.458,23,4,0,0,1,0,0,Right,No,USA,741000.0,Rookie
31,2021,P,David Price,35,37,18,15,1,4,1,0,0,2,0,0,0,3,0.267,0.25,0.333,0.583,54,5,0,0,2,1,0,Left,No,USA,725000.0,Rookie
32,2021,P,Mitch White,26,20,16,15,1,0,0,0,0,0,0,0,1,11,0.0,0.063,0.0,0.063,-81,0,0,0,0,0,0,Right,No,USA,859000.0,Rookie
33,2021,P,Edwin Uceta,23,14,5,5,1,1,0,0,0,0,0,0,0,2,0.2,0.2,0.2,0.4,8,1,0,0,0,0,0,Right,No,Puerto Rico,851000.0,Rookie
34,2021,P,Dustin May,23,3,4,3,0,0,0,0,0,0,0,0,0,3,0.0,0.0,0.0,0.0,-100,0,0,0,1,0,0,Right,No,USA,838000.0,Rookie
35,2021,P,Alex Vesia,25,41,4,3,0,0,0,0,0,0,0,0,1,3,0.0,0.25,0.0,0.25,-24,0,0,0,0,0,0,Left,No,USA,770000.0,Rookie
36,2021,P,Andre Jackson,25,3,4,4,0,0,0,0,0,0,0,0,0,3,0.0,0.0,0.0,0.0,-100,0,0,0,0,0,0,Right,No,USA,804000.0,Rookie
37,2021,P,Phil Bickford,25,55,3,3,0,1,0,0,0,0,0,0,0,2,0.333,0.333,0.333,0.667,79,1,0,0,0,0,0,Right,No,USA,848000.0,Rookie
38,2021,P,Garrett Cleavinger,27,21,3,2,0,1,1,0,0,0,0,0,0,1,0.5,0.5,1.0,1.5,286,2,0,0,1,0,0,Right,No,USA,827000.0,Rookie
39,2021,P,Jimmy Nelson,32,26,3,3,0,0,0,0,0,0,0,0,0,3,0.0,0.0,0.0,0.0,-100,0,0,0,0,0,0,Right,No,Dominican Republic,933000.0,Rookie
40,2021,P,Joe Kelly,33,46,3,3,0,0,0,0,0,0,0,0,0,0,0.0,0.0,0.0,0.0,-100,0,0,0,0,0,0,Right,No,Puerto Rico,749000.0,Rookie
41,2021,P,Josiah Gray,23,2,3,3,0,0,0,0,0,0,0,0,0,3,0.0,0.0,0.0,0.0,-100,0,0,0,0,0,0,Right,No,Dominican Republic,870000.0,Rookie
42,2021,P,Evan Phillips,26,7,3,3,0,0,0,0,0,0,0,0,0,3,0.0,0.0,0.0,0.0,-100,0,0,0,0,0,0,Right,No,USA,807000.0,Rookie
43,2021,P,Corey Knebel,29,26,2,2,0,0,0,0,0,0,0,0,0,0,0.0,0.0,0.0,0.0,-100,0,0,0,0,0,0,Right,No,Puerto Rico,812000.0,Rookie
44,2021,P,Dennis Santana,25,14,2,2,0,0,0,0,0,0,0,0,0,2,0.0,0.0,0.0,0.0,-100,0,0,0,0,0,0,Right,No,USA,875000.0,Rookie
45,2021,P,Brusdar Graterol,22,34,2,2,0,0,0,0,0,0,0,0,0,0,0.0,0.0,0.0,0.0,-100,0,0,0,0,0,0,Right,No,USA,870000.0,Rookie
46,2021,P,Justin Bruihl,24,21,1,0,0,0,0,0,0,0,0,0,1,0,0.0,1.0,0.0,0.0,0,0,0,0,0,0,0,Left,No,Puerto Rico,934000.0,Rookie
47,2021,P,Yefry Ramírez,27,1,1,1,0,0,0,0,0,0,0,0,0,0,0.0,0.0,0.0,0.0,-100,0,1,0,0,0,0,Right,No,Dominican Republic,748000.0,Rookie
48,2021,P,Kenley Jansen,33,66,1,1,0,0,0,0,0,0,0,0,0,1,0.0,0.0,0.0,0.0,-100,0,0,0,0,0,0,Right,Yes,Netherlands Antilles,18000000.0,Star
49,2021,P,Nate Jones,35,7,1,1,0,0,0,0,0,0,0,0,0,0,0.0,0.0,0.0,0.0,-100,0,0,0,0,0,0,Right,No,USA,876000.0,Rookie
50,2021,P,James Sherfy,29,4,1,1,0,0,0,0,0,0,0,0,0,0,0.0,0.0,0.0,0.0,-100,0,0,0,0,0,0,Right,No,Venezuela,845000.0,Rookie
51,2021,P,Jake Reed,28,6,0,0,0,0,0,0,0,0,0,0,0,0,0.0,0.0,0.0,0.0,0,0,0,0,0,0,0,Right,No,USA,779000.0,Rookie
52,2021,P,Scott Alexander,31,16,0,0,0,0,0,0,0,0,0,0,0,0,0.0,0.0,0.0,0.0,0,0,0,0,0,0,0,Left,No,USA,737000.0,Rookie
53,2021,P,Mike Kickham,32,1,0,0,0,0,0,0,0,0,0,0,0,0,0.0,0.0,0.0,0.0,0,0,0,0,0,0,0,Left,No,USA,739000.0,Rookie
54,2021,P,Kevin Quackenbush,32,1,0,0,0,0,0,0,0,0,0,0,0,0,0.0,0.0,0.0,0.0,0,0,0,0,0,0,0,Right,No,USA,913000.0,Rookie
55,2021,P,Andrew Vasquez,27,2,0,0,0,0,0,0,0,0,0,0,0,0,0.0,0.0,0.0,0.0,0,0,0,0,0,0,0,Left,No,USA,761000.0,Rookie
56,2021,P,Victor González,25,40,0,0,0,0,0,0,0,0,0,0,0,0,0.0,0.0,0.0,0.0,0,0,0,0,0,0,0,Left,No,USA,790000.0,Rookie
57,2021,P,Blake Treinen,33,70,0,0,0,0,0,0,0,0,0,0,0,0,0.0,0.0,0.0,0.0,0,0,0,0,0,0,0,Right,No,USA,769000.0,Rookie
58,2021,P,Neftalí Feliz,33,3,0,0,0,0,0,0,0,0,0,0,0,0,0.0,0.0,0.0,0.0,0,0,0,0,0,0,0,Right,No,USA,797000.0,Rookie
59,2021,P,Darien Núñez,28,6,0,0,0,0,0,0,0,0,0,0,0,0,0.0,0.0,0.0,0.0,0,0,0,0,0,0,0,Left,No,Dominican Republic,735000.0,Rookie
60,2021,P,Conner Greene,26,2,0,0,0,0,0,0,0,0,0,0,0,0,0.0,0.0,0.0,0.0,0,0,0,0,0,0,0,Right,No,Dominican Republic,832000.0,Rookie
61,2021,P,Shane Greene,32,9,0,0,0,0,0,0,0,0,0,0,0,0,0.0,0.0,0.0,0.0,0,0,0,0,0,0,0,Right,No,USA,735000.0,Rookie
1,2020,C,Will Smith,25,37,137,114,23,33,9,0,8,25,0,0,20,22,0.289,0.401,0.579,0.98,162,66,2,2,0,1,1,Right,No,USA,22889000.0,Star
2,2020,1B,Max Muncy,29,58,248,203,36,39,4,0,12,27,1,0,39,60,0.192,0.331,0.389,0.72,95,79,3,4,0,2,2,Left,No,USA,8473000.0,Mid
3,2020,2B,Enrique Hernández,28,48,148,139,20,32,8,1,5,20,0,1,6,31,0.23,0.27,0.41,0.68,81,57,5,2,0,1,0,Right,No,Puerto Rico,5064000.0,Arbitration
4,2020,SS,Corey Seager,26,52,232,212,38,65,12,1,15,41,1,0,17,37,0.307,0.358,0.585,0.943,150,124,8,1,0,2,0,Left,No,USA,26587000.0,Superstar
5,2020,3B,Justin Turner,35,42,175,150,26,46,9,1,4,23,1,0,18,26,0.307,0.4,0.46,0.86,133,69,2,6,0,1,0,Right,No,USA,15432000.0,Star
6,2020,LF,AJ Pollock,32,55,210,196,30,54,9,0,16,34,2,2,12,45,0.276,0.314,0.566,0.881,132,111,6,0,0,2,1,Right,No,USA,19017000.0,Star
7,2020,CF,Cody Bellinger,24,56,243,213,33,51,10,0,12,30,6,1,30,42,0.239,0.333,0.455,0.789,112,97,4,0,0,0,2,Left,No,USA,6342000.0,Arbitration
8,2020,RF,Mookie Betts,27,55,246,219,47,64,9,1,16,39,10,2,24,38,0.292,0.366,0.562,0.927,147,123,2,2,0,1,1,Right,No,USA,25718000.0,Superstar
9,2020,DH,Joc Pederson,28,43,138,121,21,23,4,0,7,16,1,0,11,34,0.19,0.285,0.397,0.681,83,48,5,5,0,0,0,Left,No,USA,5530000.0,Arbitration
10,2020,UT,Chris Taylor,29,56,214,185,30,50,10,2,8,32,3,2,26,55,0.27,0.366,0.476,0.842,127,88,3,2,1,0,0,Right,No,USA,23167000.0,Star
11,2020,C,Austin Barnes,30,29,104,86,14,21,3,0,1,9,3,0,13,24,0.244,0.353,0.314,0.667,84,27,0,2,2,1,0,Right,No,USA,5503000.0,Arbitration
12,2020,3B,Edwin Rios,26,32,83,76,13,19,6,0,8,17,0,0,4,18,0.25,0.301,0.645,0.946,147,49,2,2,0,1,0,Left,No,USA,840000.0,Rookie
13,2020,2B,Gavin Lux,22,19,69,63,8,11,2,0,3,8,1,0,6,19,0.175,0.246,0.349,0.596,59,22,0,0,0,0,0,Left,No,USA,878000.0,Rookie
14,2020,UT,Matt Beaty,27,21,54,50,8,11,1,0,2,5,0,0,2,14,0.22,0.278,0.36,0.638,72,18,3,2,0,0,0,Left,No,Dominican Republic,820000.0,Rookie
15,2020,C,Keibert Ruiz,21,2,8,8,1,2,0,0,1,1,0,0,0,3,0.25,0.25,0.625,0.875,126,5,0,0,0,0,0,Right,Yes,Puerto Rico,733000.0,Rookie
16,2020,UT,Zach McKinstry,25,4,7,7,1,2,1,0,0,0,0,0,0,3,0.286,0.286,0.429,0.714,90,3,1,0,0,0,0,Left,No,USA,841000.0,Rookie
17,2020,DH,Terrance Gore,29,2,0,0,0,0,0,0,0,0,0,0,0,0,0.0,0.0,0.0,0.0,0,0,0,0,0,0,0,Right,No,Japan,927000.0,Rookie
18,2020,P,Dustin May,22,0,0,0,0,0,0,0,0,0,0,0,0,0,0.0,0.0,0.0,0.0,0,0,0,0,0,0,0,Right,No,USA,758000.0,Rookie
19,2020,P,Scott Alexander,30,0,0,0,0,0,0,0,0,0,0,0,0,0,0.0,0.0,0.0,0.0,0,0,0,0,0,0,0,Left,No,Puerto Rico,869000.0,Rookie
20,2020,P,Julio Urías,23,0,0,0,0,0,0,0,0,0,0,0,0,0,0.0,0.0,0.0,0.0,0,0,0,0,0,0,0,Left,No,Cuba,763000.0,Rookie
21,2020,P,Jake McGee,33,0,0,0,0,0,0,0,0,0,0,0,0,0,0.0,0.0,0.0,0.0,0,0,0,0,0,0,0,Left,No,USA,836000.0,Rookie
22,2020,P,Dennis Santana,24,0,0,0,0,0,0,0,0,0,0,0,0,0,0.0,0.0,0.0,0.0,0,0,0,0,0,0,0,Right,No,Dominican Republic,741000.0,Rookie
23,2020,P,Victor González,24,0,0,0,0,0,0,0,0,0,0,0,0,0,0.0,0.0,0.0,0.0,0,0,0,0,0,0,0,Left,No,Japan,817000.0,Rookie
24,2020,P,Walker Buehler,25,0,0,0,0,0,0,0,0,0,0,0,0,0,0.0,0.0,0.0,0.0,0,0,0,0,0,0,0,Right,No,USA,883000.0,Rookie
25,2020,P,Blake Treinen,32,0,0,0,0,0,0,0,0,0,0,0,0,0,0.0,0.0,0.0,0.0,0,0,0,0,0,0,0,Right,No,Venezuela,795000.0,Rookie
26,2020,P,Joe Kelly,32,0,0,0,0,0,0,0,0,0,0,0,0,0,0.0,0.0,0.0,0.0,0,0,0,0,0,0,0,Right,No,USA,864000.0,Rookie
27,2020,P,Kenley Jansen,32,0,0,0,0,0,0,0,0,0,0,0,0,0,0.0,0.0,0.0,0.0,0,0,0,0,0,0,0,Right,Yes,Netherlands Antilles,18000000.0,Star
28,2020,P,Caleb Ferguson,23,0,0,0,0,0,0,0,0,0,0,0,0,0,0.0,0.0,0.0,0.0,0,0,0,0,0,0,0,Right,No,USA,920000.0,Rookie
29,2020,P,Adam Kolarek,31,1,0,0,0,0,0,0,0,0,0,0,0,0,0.0,0.0,0.0,0.0,0,0,0,0,0,0,0,Left,No,USA,771000.0,Rookie
30,2020,P,Clayton Kershaw,32,0,0,0,0,0,0,0,0,0,0,0,0,0,0.0,0.0,0.0,0.0,0,0,0,0,0,0,0,Left,No,USA,35000000.0,Superstar
31,2020,P,Pedro Báez,32,0,0,0,0,0,0,0,0,0,0,0,0,0,0.0,0.0,0.0,0.0,0,0,0,0,0,0,0,Right,No,Puerto Rico,753000.0,Rookie
32,2020,P,Mitch White,25,0,0,0,0,0,0,0,0,0,0,0,0,0,0.0,0.0,0.0,0.0,0,0,0,0,0,0,0,Right,No,USA,934000.0,Rookie
33,2020,P,Tony Gonsolin,26,1,0,0,0,0,0,0,0,0,0,0,0,0,0.0,0.0,0.0,0.0,0,0,0,0,0,0,0,Right,No,USA,920000.0,Rookie
34,2020,P,Alex Wood,29,0,0,0,0,0,0,0,0,0,0,0,0,0,0.0,0.0,0.0,0.0,0,0,0,0,0,0,0,Right,No,USA,837000.0,Rookie
35,2020,P,Brusdar Graterol,21,0,0,0,0,0,0,0,0,0,0,0,0,0,0.0,0.0,0.0,0.0,0,0,0,0,0,0,0,Right,No,Venezuela,902000.0,Rookie
36,2020,P,Dylan Floro,29,0,0,0,0,0,0,0,0,0,0,0,0,0,0.0,0.0,0.0,0.0,0,0,0,0,0,0,0,Left,No,USA,833000.0,Rookie
37,2020,P,Ross Stripling,30,0,0,0,0,0,0,0,0,0,0,0,0,0,0.0,0.0,0.0,0.0,0,0,0,0,0,0,0,Right,No,Puerto Rico,855000.0,Rookie
38,2020,P,Josh Sborz,26,0,0,0,0,0,0,0,0,0,0,0,0,0,0.0,0.0,0.0,0.0,0,0,0,0,0,0,0,Right,No,USA,739000.0,Rookie
1,2019,C,Austin Barnes,29,75,242,212,28,43,12,1,5,25,3,0,23,56,0.203,0.293,0.34,0.633,67,72,8,5,0,2,3,Right,No,USA,3067000.0,Arbitration
2,2019,1B,Max Muncy,28,141,589,487,101,122,22,1,35,98,4,1,90,149,0.251,0.374,0.515,0.889,132,251,5,8,0,4,1,Left,No,USA,7832000.0,Arbitration
3,2019,2B,Enrique Hernández,27,130,460,414,57,98,19,1,17,64,4,0,36,97,0.237,0.304,0.411,0.715,87,170,9,6,0,4,3,Right,No,Puerto Rico,6605000.0,Arbitration
4,2019,SS,Corey Seager,25,134,541,489,82,133,44,1,19,87,1,0,44,98,0.272,0.335,0.483,0.817,112,236,8,4,0,4,3,Left,No,USA,8495000.0,Mid
5,2019,3B,Justin Turner,34,135,549,479,80,139,24,0,27,67,2,0,51,88,0.29,0.372,0.509,0.881,130,244,11,14,0,5,1,Right,No,USA,8857000.0,Mid
6,2019,LF,Joc Pederson,27,149,514,450,83,112,16,3,36,74,1,1,50,111,0.249,0.339,0.538,0.876,126,242,4,12,0,2,2,Left,No,Venezuela,7420000.0,Arbitration
7,2019,CF,AJ Pollock,31,86,342,308,49,82,15,1,15,47,5,1,23,74,0.266,0.327,0.468,0.795,107,144,7,7,0,4,1,Right,No,USA,4644000.0,Arbitration
8,2019,RF,Cody Bellinger,23,156,661,558,121,170,34,3,47,115,15,5,95,108,0.305,0.406,0.629,1.035,167,351,10,3,0,4,21,Left,No,USA,7306000.0,Arbitration
9,2019,UT,Chris Taylor,28,124,414,366,52,96,29,4,12,52,8,0,37,115,0.262,0.333,0.462,0.794,107,169,6,4,2,5,3,Right,No,USA,4858000.0,Arbitration
10,2019,OF,Alex Verdugo,23,106,377,343,43,101,22,2,12,44,4,1,26,49,0.294,0.342,0.475,0.817,113,163,8,2,0,6,1,Left,No,Dominican Republic,4477000.0,Arbitration
11,2019,UT,Matt Beaty,26,99,268,249,36,66,19,1,9,46,5,0,17,33,0.265,0.317,0.458,0.775,101,114,6,2,0,0,2,Left,No,Mexico,6297000.0,Arbitration
12,2019,C,Russell Martin,36,83,249,209,29,46,5,0,6,20,1,0,30,60,0.22,0.337,0.33,0.667,78,69,1,8,0,2,3,Right,No,USA,2001000.0,Arbitration
13,2019,C,Will Smith,24,54,196,170,30,43,9,0,15,42,2,0,18,52,0.253,0.337,0.571,0.907,133,97,3,5,0,3,1,Right,No,USA,8771000.0,Mid
14,2019,1B,David Freese,36,79,186,162,35,51,13,0,11,29,0,0,23,44,0.315,0.403,0.599,1.002,160,97,7,1,0,0,0,Right,No,Mexico,9170000.0,Mid
15,2019,2B,Gavin Lux,21,23,82,75,12,18,4,1,2,9,2,0,7,24,0.24,0.305,0.4,0.705,84,30,0,0,0,0,0,Left,No,USA,576000.0,Rookie
16,2019,UT,Kristopher Negrón,33,30,57,54,9,14,1,0,2,7,0,1,3,17,0.259,0.298,0.389,0.687,80,21,1,0,0,0,1,Right,No,Cuba,599000.0,Rookie
17,2019,CI,Edwin Rios,25,28,56,47,10,13,2,1,4,8,0,0,9,21,0.277,0.393,0.617,1.01,161,29,1,0,0,0,0,Left,No,USA,586000.0,Rookie
18,2019,OF,Kyle Garlick,27,30,53,48,8,12,4,0,3,6,0,0,5,19,0.25,0.321,0.521,0.842,117,25,0,0,0,0,1,Right,No,USA,647000.0,Rookie
19,2019,IF,Jedd Gyorko,30,24,39,36,1,5,1,0,0,2,0,0,3,10,0.139,0.205,0.167,0.372,1,6,2,0,0,0,0,Right,No,USA,583000.0,Rookie
20,2019,1B,Tyler White,28,12,26,22,2,1,0,0,0,2,0,0,4,4,0.045,0.192,0.045,0.238,-31,1,0,0,0,0,0,Right,No,USA,659000.0,Rookie
21,2019,C,Rocky Gale,31,5,15,15,1,2,0,0,0,0,0,0,0,7,0.133,0.133,0.133,0.267,-29,2,1,0,0,0,0,Right,No,USA,637000.0,Rookie
22,2019,,Travis d'Arnaud,30,1,1,1,0,0,0,0,0,0,0,0,0,0,0.0,0.0,0.0,0.0,-100,0,0,0,0,0,0,Right,No,USA,539000.0,Rookie
23,2019,P,Hyun Jin Ryu,32,28,67,51,3,8,1,0,1,3,0,0,4,23,0.157,0.218,0.235,0.453,20,12,0,0,12,0,0,Right,No,South Korea,649000.0,Rookie
24,2019,P,Walker Buehler,24,29,66,59,5,5,0,0,1,2,0,0,4,33,0.085,0.143,0.136,0.278,-25,8,0,0,3,0,0,Right,No,USA,525000.0,Rookie
25,2019,P,Clayton Kershaw,31,28,65,49,1,5,1,0,0,1,0,0,1,16,0.102,0.12,0.122,0.242,-35,6,0,0,15,0,0,Left,No,USA,35000000.0,Superstar
26,2019,P,Kenta Maeda,31,38,61,48,3,12,2,0,0,6,0,0,0,13,0.25,0.25,0.292,0.542,43,14,0,0,13,0,0,Right,No,Dominican Republic,565000.0,Rookie
27,2019,P,Ross Stripling,29,27,24,20,1,3,0,0,0,1,0,0,2,7,0.15,0.227,0.15,0.377,4,3,1,0,2,0,0,Right,No,USA,641000.0,Rookie
28,2019,P,Rich Hill,39,11,20,18,0,3,1,0,0,1,0,0,1,9,0.167,0.211,0.222,0.433,15,4,0,0,1,0,0,Left,No,Puerto Rico,640000.0,Rookie
29,2019,P,Julio Urías,22,35,18,12,0,3,0,0,0,2,0,0,1,4,0.25,0.308,0.25,0.558,51,3,0,0,5,0,0,Left,No,USA,630000.0,Rookie
30,2019,P,Tony Gonsolin,25,10,14,13,2,4,0,0,0,1,0,0,0,4,0.308,0.308,0.308,0.615,64,4,0,0,1,0,0,Right,No,Dominican Republic,628000.0,Rookie
31,2019,P,Dustin May,21,13,11,11,0,1,0,0,0,0,0,0,0,4,0.091,0.091,0.091,0.182,-51,1,0,0,0,0,0,Right,No,USA,554000.0,Rookie
32,2019,P,Brock Stewart,27,3,3,3,1,1,1,0,0,0,0,0,0,0,0.333,0.333,0.667,1.0,154,2,0,0,0,0,0,Left,No,USA,520000.0,Rookie
33,2019,P,Joe Kelly,31,52,3,2,0,0,0,0,0,0,0,0,0,2,0.0,0.0,0.0,0.0,-100,0,0,0,1,0,0,Right,No,Dominican Republic,569000.0,Rookie
34,2019,P,Casey Sadler,28,23,3,3,0,0,0,0,0,0,0,0,0,1,0.0,0.0,0.0,0.0,-100,0,0,0,0,0,0,Right,No,USA,534000.0,Rookie
35,2019,P,Dennis Santana,23,3,2,2,0,1,0,0,0,0,0,0,0,0,0.5,0.5,0.5,1.0,167,1,0,0,0,0,0,Right,No,USA,613000.0,Rookie
36,2019,P,Yimi García,28,61,2,2,0,0,0,0,0,0,0,0,0,1,0.0,0.0,0.0,0.0,-100,0,1,0,0,0,0,Right,No,USA,560000.0,Rookie
37,2019,P,Caleb Ferguson,22,42,2,2,1,1,1,0,0,0,0,0,0,0,0.5,0.5,1.0,1.5,281,2,0,0,0,0,0,Right,No,USA,656000.0,Rookie
38,2019,P,Dylan Floro,28,46,2,2,0,0,0,0,0,0,0,0,0,1,0.0,0.0,0.0,0.0,-100,0,0,0,0,0,0,Left,No,USA,605000.0,Rookie
39,2019,P,Kenley Jansen,31,59,1,1,0,0,0,0,0,0,0,0,0,1,0.0,0.0,0.0,0.0,-100,0,0,0,0,0,0,Right,Yes,Netherlands Antilles,18000000.0,Star
40,2019,P,JT Chargois,28,19,1,1,0,0,0,0,0,0,0,0,0,1,0.0,0.0,0.0,0.0,-100,0,0,0,0,0,0,Right,Yes,Venezuela,528000.0,Rookie
41,2019,P,Scott Alexander,29,27,0,0,0,0,0,0,0,0,0,0,0,0,0.0,0.0,0.0,0.0,0,0,0,0,0,0,0,Left,No,USA,639000.0,Rookie
42,2019,P,Jaime Schultz,28,4,0,0,0,0,0,0,0,0,0,0,0,0,0.0,0.0,0.0,0.0,0,0,0,0,0,0,0,Right,No,Dominican Republic,648000.0,Rookie
43,2019,P,Zac Rosscup,31,5,0,0,0,0,0,0,0,0,0,0,0,0,0.0,0.0,0.0,0.0,0,0,0,0,0,0,0,Right,No,Dominican Republic,582000.0,Rookie
44,2019,P,Adam Kolarek,30,25,0,0,0,0,0,0,0,0,0,0,0,0,0.0,0.0,0.0,0.0,0,0,0,0,0,0,0,Left,No,Cuba,600000.0,Rookie
45,2019,P,Pedro Báez,31,66,0,0,0,0,0,0,0,0,0,0,0,0,0.0,0.0,0.0,0.0,0,0,0,0,0,0,0,Right,No,Puerto Rico,624000.0,Rookie
46,2019,P,Josh Sborz,25,7,0,0,0,0,0,0,0,0,0,0,0,0,0.0,0.0,0.0,0.0,0,0,0,0,0,0,0,Right,No,Dominican Republic,534000.0,Rookie
1,2018,C,Yasmani Grandal,29,140,518,440,65,106,23,2,24,68,2,1,72,124,0.241,0.349,0.466,0.815,121,205,12,3,0,3,1,Right,Yes,Mexico,9519000.0,Mid
2,2018,1B,Cody Bellinger,22,162,632,557,84,145,28,7,25,76,14,1,69,151,0.26,0.343,0.47,0.814,120,262,7,3,0,3,9,Left,No,USA,4305000.0,Arbitration
3,2018,2B,Logan Forsythe,31,70,211,193,18,40,10,0,2,13,2,0,17,43,0.207,0.27,0.29,0.56,54,56,5,0,0,1,1,Right,No,USA,811000.0,Rookie
4,2018,SS,Chris Taylor,27,155,604,536,85,136,35,8,17,63,9,6,55,178,0.254,0.331,0.444,0.775,110,238,5,9,0,4,0,Right,No,USA,4886000.0,Arbitration
5,2018,3B,Justin Turner,33,103,426,365,62,114,31,1,14,52,2,1,47,54,0.312,0.406,0.518,0.924,151,189,10,12,0,2,3,Right,No,USA,11093000.0,Mid
6,2018,LF,Joc Pederson,26,148,443,395,65,98,27,3,25,56,1,5,40,85,0.248,0.321,0.522,0.843,125,206,6,4,1,3,3,Left,No,USA,6611000.0,Arbitration
7,2018,CF,Enrique Hernández,26,145,462,402,67,103,17,3,21,52,3,0,50,78,0.256,0.336,0.47,0.806,117,189,3,1,4,5,5,Right,No,Puerto Rico,7048000.0,Arbitration
8,2018,RF,Yasiel Puig,27,125,444,405,60,108,21,1,23,63,15,5,36,87,0.267,0.327,0.494,0.82,120,200,15,1,0,2,2,Right,No,Cuba,11592000.0,Mid
9,2018,OF,Matt Kemp,33,146,506,462,62,134,25,0,21,85,0,0,36,115,0.29,0.338,0.481,0.818,121,222,14,1,0,7,2,Right,No,USA,8993000.0,Mid
10,2018,CI,Max Muncy,27,137,481,395,75,104,17,2,35,79,3,0,79,131,0.263,0.391,0.582,0.973,161,230,4,5,0,2,6,Left,No,USA,15379000.0,Star
11,2018,IF,Manny Machado,25,66,296,267,36,73,14,2,13,42,6,1,25,53,0.273,0.338,0.487,0.825,122,130,12,2,0,2,6,Right,No,Dominican Republic,7271000.0,Arbitration
12,2018,C,Austin Barnes,28,100,238,200,32,41,5,0,4,14,4,3,31,67,0.205,0.329,0.29,0.619,72,58,7,6,1,0,4,Right,No,USA,2269000.0,Arbitration
13,2018,2B,Chase Utley,39,87,187,164,18,35,10,1,1,14,3,1,17,34,0.213,0.305,0.305,0.61,68,50,3,5,0,1,2,Left,No,Venezuela,1436000.0,Rookie
14,2018,2B,Brian Dozier,31,47,170,143,16,26,9,0,5,20,4,0,24,33,0.182,0.3,0.35,0.65,77,50,5,1,0,2,0,Right,No,USA,2499000.0,Arbitration
15,2018,SS,Corey Seager,24,26,115,101,13,27,5,1,2,13,0,0,11,17,0.267,0.348,0.396,0.744,103,40,2,2,0,1,1,Left,No,USA,2772000.0,Arbitration
16,2018,OF,Alex Verdugo,22,37,86,77,11,20,6,0,1,4,0,0,8,14,0.26,0.329,0.377,0.706,93,29,4,0,1,0,0,Left,No,Dominican Republic,605000.0,Rookie
17,2018,3B,Kyle Farmer,27,39,77,68,1,16,4,1,0,9,0,0,5,15,0.235,0.312,0.324,0.635,74,22,1,3,0,1,1,Right,No,Dominican Republic,540000.0,Rookie
18,2018,CI,David Freese,35,19,47,39,9,15,2,1,2,9,0,0,6,16,0.385,0.489,0.641,1.13,206,25,0,2,0,0,0,Right,No,USA,602000.0,Rookie
19,2018,UT,Breyvic Valera,26,20,34,29,4,5,0,0,0,4,0,0,4,4,0.172,0.273,0.172,0.445,26,5,0,0,1,0,0,Right,Yes,USA,606000.0,Rookie
20,2018,OF,Andrew Toles,26,17,32,30,5,7,2,0,0,4,1,0,2,8,0.233,0.281,0.3,0.581,59,9,1,0,0,0,1,Left,No,Dominican Republic,531000.0,Rookie
21,2018,OF,Tim Locastro,25,18,14,11,6,2,1,0,0,0,4,0,2,5,0.182,0.357,0.273,0.63,76,3,0,1,0,0,0,Right,No,USA,517000.0,Rookie
22,2018,C,Rocky Gale,30,3,2,2,0,0,0,0,0,0,0,0,0,1,0.0,0.0,0.0,0.0,-100,0,0,0,0,0,0,Right,No,Mexico,626000.0,Rookie
23,2018,P,Clayton Kershaw,30,25,57,46,1,11,2,0,0,7,0,0,7,11,0.239,0.34,0.283,0.622,73,13,0,0,4,0,0,Left,No,USA,35000000.0,Superstar
24,2018,P,Alex Wood,27,31,50,44,1,2,0,0,0,0,1,0,0,25,0.045,0.045,0.045,0.091,-75,2,0,0,6,0,0,Right,No,USA,516000.0,Rookie
25,2018,P,Walker Buehler,23,22,47,43,1,7,0,0,0,1,0,0,2,21,0.163,0.2,0.163,0.363,1,7,0,0,2,0,0,Right,No,USA,659000.0,Rookie
26,2018,P,Rich Hill,38,23,45,43,2,4,0,0,0,2,0,0,0,15,0.093,0.093,0.093,0.186,-49,4,1,0,2,0,0,Left,No,USA,516000.0,Rookie
27,2018,P,Kenta Maeda,30,39,40,32,0,3,0,0,0,0,0,0,0,9,0.094,0.094,0.094,0.188,-48,3,1,0,8,0,0,Right,No,Venezuela,613000.0,Rookie
28,2018,P,Ross Stripling,28,35,37,33,0,3,0,0,0,2,1,0,0,13,0.091,0.091,0.091,0.182,-50,3,0,0,4,0,0,Right,No,USA,657000.0,Rookie
29,2018,P,Hyun Jin Ryu,31,16,30,26,4,7,1,0,0,2,0,0,2,13,0.269,0.321,0.308,0.629,74,8,0,0,2,0,0,Right,No,South Korea,544000.0,Rookie
30,2018,P,Scott Alexander,28,67,6,5,0,0,0,0,0,0,0,0,0,5,0.0,0.0,0.0,0.0,-100,0,0,0,1,0,0,Left,No,USA,529000.0,Rookie
31,2018,P,Caleb Ferguson,21,28,5,5,0,1,0,0,0,0,0,0,0,3,0.2,0.2,0.2,0.4,10,1,1,0,0,0,0,Right,No,Mexico,526000.0,Rookie
32,2018,P,Pedro Báez,30,53,4,4,0,0,0,0,0,0,0,0,0,2,0.0,0.0,0.0,0.0,-100,0,0,0,0,0,0,Right,No,Puerto Rico,554000.0,Rookie
33,2018,P,Dennis Santana,22,2,2,2,0,1,1,0,0,2,0,0,0,1,0.5,0.5,1.0,1.5,296,2,0,0,0,0,0,Right,No,USA,523000.0,Rookie
34,2018,P,Brock Stewart,26,9,2,2,0,0,0,0,0,0,0,0,0,2,0.0,0.0,0.0,0.0,-100,0,0,0,0,0,0,Left,No,Dominican Republic,613000.0,Rookie
35,2018,P,Wilmer Font,28,6,2,0,0,0,0,0,0,0,0,0,0,0,0.0,0.0,0.0,0.0,0,0,0,0,2,0,0,Right,No,USA,517000.0,Rookie
36,2018,P,Daniel Hudson,31,37,2,2,0,0,0,0,0,0,0,0,0,1,0.0,0.0,0.0,0.0,-100,0,0,0,0,0,0,Right,No,USA,585000.0,Rookie
37,2018,P,Julio Urías,21,3,1,1,0,0,0,0,0,0,0,0,0,1,0.0,0.0,0.0,0.0,-100,0,0,0,0,0,0,Left,No,USA,659000.0,Rookie
38,2018,P,Adam Liberatore,31,17,1,1,1,0,0,0,0,0,0,0,0,0,0.0,0.0,0.0,0.0,-100,0,0,0,0,0,0,Left,No,USA,631000.0,Rookie
39,2018,P,JT Chargois,27,35,1,1,0,0,0,0,0,0,0,0,0,0,0.0,0.0,0.0,0.0,-100,0,0,0,0,0,0,Right,Yes,USA,601000.0,Rookie
40,2018,P,Daniel Corcino,27,2,1,1,0,0,0,0,0,0,0,0,0,1,0.0,0.0,0.0,0.0,-100,0,0,0,0,0,0,Right,No,USA,554000.0,Rookie
41,2018,P,John Axford,35,5,0,0,0,0,0,0,0,0,0,0,0,0,0.0,0.0,0.0,0.0,0,0,0,0,0,0,0,Right,No,USA,602000.0,Rookie
42,2018,P,Josh Fields,32,45,0,0,0,0,0,0,0,0,0,0,0,0,0.0,0.0,0.0,0.0,0,0,0,0,0,0,0,Right,No,Venezuela,588000.0,Rookie
43,2018,P,Zach Neal,29,1,0,0,0,0,0,0,0,0,0,0,0,0,0.0,0.0,0.0,0.0,0,0,0,0,0,0,0,Right,No,USA,572000.0,Rookie
44,2018,P,Edward Paredes,31,13,0,0,0,0,0,0,0,0,0,0,0,0,0.0,0.0,0.0,0.0,0,0,0,0,0,0,0,Left,No,USA,527000.0,Rookie
45,2018,P,Ryan Madson,37,9,0,0,0,0,0,0,0,0,0,0,0,0,0.0,0.0,0.0,0.0,0,0,0,0,0,0,0,Left,No,USA,642000.0,Rookie
46,2018,P,Yimi García,27,25,0,0,0,0,0,0,0,0,0,0,0,0,0.0,0.0,0.0,0.0,0,0,0,0,0,0,0,Right,No,Cuba,576000.0,Rookie
47,2018,P,Erik Goeddel,29,25,0,0,0,0,0,0,0,0,0,0,0,0,0.0,0.0,0.0,0.0,0,0,0,0,0,0,0,Right,No,USA,537000.0,Rookie
48,2018,P,Zac Rosscup,30,16,0,0,0,0,0,0,0,0,0,0,0,0,0.0,0.0,0.0,0.0,0,0,0,0,0,0,0,Right,No,Puerto Rico,563000.0,Rookie
49,2018,P,Kenley Jansen,30,65,0,0,0,0,0,0,0,0,0,0,0,0,0.0,0.0,0.0,0.0,0,0,0,0,0,0,0,Right,Yes,Netherlands Antilles,18000000.0,Star
50,2018,P,Pat Venditte,33,14,0,0,0,0,0,0,0,0,0,0,0,0,0.0,0.0,0.0,0.0,0,0,0,0,0,0,0,Right,Yes,Mexico,633000.0,Rookie
51,2018,P,Tony Cingrani,28,30,0,0,0,0,0,0,0,0,0,0,0,0,0.0,0.0,0.0,0.0,0,0,0,0,0,0,0,Left,No,Mexico,619000.0,Rookie
52,2018,P,Dylan Floro,27,24,0,0,0,0,0,0,0,0,0,0,0,0,0.0,0.0,0.0,0.0,0,0,0,0,0,0,0,Left,No,USA,625000.0,Rookie
1,2017,C,Yasmani Grandal,28,129,482,438,50,108,27,0,22,58,0,1,40,130,0.247,0.308,0.459,0.767,101,201,10,0,1,3,0,Right,Yes,USA,3549000.0,Arbitration
2,2017,1B,Cody Bellinger,21,132,548,480,87,128,26,4,39,97,10,3,64,146,0.267,0.352,0.581,0.933,143,279,5,1,0,3,13,Left,No,USA,4778000.0,Arbitration
3,2017,2B,Logan Forsythe,30,119,439,361,56,81,19,0,6,36,3,2,69,109,0.224,0.351,0.327,0.678,83,118,12,4,0,5,1,Right,No,USA,2574000.0,Arbitration
4,2017,SS,Corey Seager,23,145,613,539,85,159,33,0,22,77,4,2,67,131,0.295,0.375,0.479,0.854,126,258,14,4,0,3,5,Left,No,USA,4305000.0,Arbitration
5,2017,3B,Justin Turner,32,130,543,457,72,147,32,0,21,71,7,1,59,56,0.322,0.415,0.53,0.945,150,242,12,19,1,7,5,Right,No,USA,12732000.0,Mid
6,2017,LF,Chris Taylor,26,140,568,514,85,148,34,5,21,72,17,4,50,142,0.288,0.354,0.496,0.85,123,255,2,3,0,1,0,Right,No,USA,9549000.0,Mid
7,2017,CF,Joc Pederson,25,102,323,273,44,58,20,0,11,35,4,3,39,68,0.212,0.331,0.407,0.738,96,111,7,10,0,1,1,Left,No,USA,3241000.0,Arbitration
8,2017,RF,Yasiel Puig,26,152,570,499,72,131,24,2,28,74,15,6,64,100,0.263,0.346,0.487,0.833,119,243,21,2,0,5,8,Right,No,Cuba,8649000.0,Mid
9,2017,2B,Chase Utley,38,127,353,309,43,73,20,4,8,34,6,1,32,57,0.236,0.324,0.405,0.728,93,125,3,9,1,2,0,Left,No,USA,2487000.0,Arbitration
10,2017,UT,Enrique Hernández,25,140,342,297,46,64,24,2,11,37,3,0,41,80,0.215,0.308,0.421,0.729,92,125,4,0,1,3,2,Right,No,Puerto Rico,2876000.0,Arbitration
11,2017,C,Austin Barnes,27,102,262,218,35,63,15,2,8,38,4,1,39,43,0.289,0.408,0.486,0.895,138,106,6,5,0,0,1,Right,No,USA,8343000.0,Mid
12,2017,1B,Adrián González,35,71,252,231,14,56,17,0,3,30,0,1,16,43,0.242,0.287,0.355,0.642,70,82,7,0,0,4,1,Left,No,Puerto Rico,2754000.0,Arbitration
13,2017,LF,Curtis Granderson,36,36,132,112,16,18,2,0,7,12,2,0,18,33,0.161,0.288,0.366,0.654,73,41,1,2,0,0,0,Left,No,USA,2305000.0,Arbitration
14,2017,OF,Andrew Toles,25,31,102,96,17,26,3,0,5,15,0,1,5,16,0.271,0.314,0.458,0.772,102,44,3,1,0,0,0,Left,No,Dominican Republic,5640000.0,Arbitration
15,2017,LF,Franklin Gutiérrez,34,35,63,56,8,13,3,0,1,8,0,1,7,16,0.232,0.317,0.339,0.657,76,19,2,0,0,0,0,Right,No,USA,582000.0,Rookie
16,2017,OF,Trayce Thompson,26,27,55,49,6,6,2,1,1,2,0,0,6,23,0.122,0.218,0.265,0.483,28,13,0,0,0,0,1,Right,No,USA,524000.0,Rookie
17,2017,UT,Scott Van Slyke,30,29,48,41,6,5,1,0,2,3,1,0,7,15,0.122,0.25,0.293,0.543,44,12,0,0,0,0,1,Right,No,Dominican Republic,591000.0,Rookie
18,2017,LF,Andre Ethier,35,22,38,34,3,8,1,0,2,3,0,0,4,10,0.235,0.316,0.441,0.757,99,15,0,0,0,0,1,Left,No,USA,577000.0,Rookie
19,2017,OF,Brett Eibner,28,17,36,33,3,6,0,0,2,6,0,0,2,17,0.182,0.25,0.364,0.614,61,12,0,1,0,0,0,Right,No,USA,636000.0,Rookie
20,2017,OF,Alex Verdugo,21,15,25,23,1,4,0,0,1,1,0,1,2,4,0.174,0.24,0.304,0.544,44,7,1,0,0,0,0,Left,No,Dominican Republic,522000.0,Rookie
21,2017,UT,Kyle Farmer,26,20,20,20,1,6,1,0,0,2,0,0,0,3,0.3,0.3,0.35,0.65,73,7,2,0,0,0,0,Right,No,USA,582000.0,Rookie
22,2017,CI,Rob Segedin,28,13,20,20,3,4,2,0,0,1,0,0,0,7,0.2,0.2,0.3,0.5,31,6,0,0,0,0,0,Right,No,USA,530000.0,Rookie
23,2017,MI,Charlie Culberson,28,15,15,13,0,2,1,0,0,1,0,0,2,4,0.154,0.267,0.231,0.497,35,3,2,0,0,0,0,Right,No,USA,557000.0,Rookie
24,2017,LF,O'Koyea Dickson,27,7,9,7,0,1,0,0,0,0,0,0,2,2,0.143,0.333,0.143,0.476,35,1,0,0,0,0,1,Right,No,USA,620000.0,Rookie
25,2017,3B,Mike Freeman,29,4,5,5,0,0,0,0,0,0,0,0,0,2,0.0,0.0,0.0,0.0,-100,0,0,0,0,0,0,Left,No,Dominican Republic,580000.0,Rookie
26,2017,LF,Tim Locastro,24,3,1,1,0,0,0,0,0,0,1,0,0,0,0.0,0.0,0.0,0.0,-100,0,0,0,0,0,0,Right,No,Panama,565000.0,Rookie
27,2017,P,Clayton Kershaw,29,24,59,49,6,9,1,0,0,2,0,0,4,13,0.184,0.245,0.204,0.449,22,10,2,0,6,0,0,Left,No,USA,35000000.0,Superstar
28,2017,P,Alex Wood,26,27,58,52,1,3,0,0,0,4,0,0,2,29,0.058,0.093,0.058,0.15,-58,3,1,0,4,0,0,Right,No,Dominican Republic,577000.0,Rookie
29,2017,P,Rich Hill,37,23,49,45,1,5,1,0,0,4,0,0,0,18,0.111,0.146,0.133,0.279,-25,6,0,2,1,1,0,Left,No,Puerto Rico,627000.0,Rookie
30,2017,P,Kenta Maeda,29,28,44,39,2,5,1,0,0,4,0,0,0,3,0.128,0.128,0.154,0.282,-25,6,1,0,5,0,0,Right,No,USA,643000.0,Rookie
31,2017,P,Hyun Jin Ryu,30,23,38,30,3,4,1,0,0,0,0,0,3,18,0.133,0.235,0.167,0.402,11,5,0,1,4,0,0,Right,No,South Korea,653000.0,Rookie
32,2017,P,Brandon McCarthy,33,18,28,23,2,1,0,0,0,0,0,0,3,16,0.043,0.154,0.043,0.197,-43,1,0,0,2,0,0,Right,No,USA,627000.0,Rookie
33,2017,P,Yu Darvish,30,9,20,17,0,1,0,0,0,0,0,0,1,14,0.059,0.111,0.059,0.17,-52,1,0,0,2,0,0,Right,No,Mexico,556000.0,Rookie
34,2017,P,Ross Stripling,27,48,9,9,2,0,0,0,0,0,0,0,0,4,0.0,0.0,0.0,0.0,-100,0,0,0,0,0,0,Right,No,Dominican Republic,612000.0,Rookie
35,2017,P,Julio Urías,20,5,7,6,0,1,0,0,0,0,0,0,0,4,0.167,0.167,0.167,0.333,-10,1,0,0,1,0,0,Left,No,USA,574000.0,Rookie
36,2017,P,Brock Stewart,25,16,5,4,0,1,0,0,0,1,0,0,0,2,0.25,0.25,0.25,0.5,34,1,0,0,1,0,0,Left,No,Dominican Republic,546000.0,Rookie
37,2017,P,Kenley Jansen,29,59,4,4,0,2,1,0,0,1,0,0,0,0,0.5,0.5,0.75,1.25,227,3,1,0,0,0,0,Right,Yes,Netherlands Antilles,18000000.0,Star
38,2017,P,Luis Avilán,27,58,2,2,0,0,0,0,0,0,0,0,0,1,0.0,0.0,0.0,0.0,-100,0,0,0,0,0,0,Left,No,Venezuela,513000.0,Rookie
39,2017,P,Pedro Báez,29,61,2,1,0,0,0,0,0,1,0,0,1,1,0.0,0.5,0.0,0.5,52,0,0,0,0,0,0,Right,No,Cuba,645000.0,Rookie
40,2017,P,Josh Ravin,29,14,2,1,0,0,0,0,0,0,0,0,0,0,0.0,0.0,0.0,0.0,-100,0,0,0,1,0,0,Right,No,USA,578000.0,Rookie
41,2017,P,Tony Watson,32,24,0,0,0,0,0,0,0,0,0,0,0,0,0.0,0.0,0.0,0.0,0,0,0,0,0,0,0,Left,No,USA,605000.0,Rookie
42,2017,P,Josh Fields,31,55,0,0,0,0,0,0,0,0,0,0,0,0,0.0,0.0,0.0,0.0,0,0,0,0,0,0,0,Right,No,USA,608000.0,Rookie
43,2017,P,Brandon Morrow,32,43,0,0,0,0,0,0,0,0,0,0,0,0,0.0,0.0,0.0,0.0,0,0,0,0,0,0,0,Right,No,USA,644000.0,Rookie
44,2017,P,Edward Paredes,30,10,0,0,0,0,0,0,0,0,0,0,0,0,0.0,0.0,0.0,0.0,0,0,0,0,0,0,0,Left,No,USA,604000.0,Rookie
45,2017,P,Walker Buehler,22,8,0,0,0,0,0,0,0,0,0,0,0,0,0.0,0.0,0.0,0.0,0,0,0,0,0,0,0,Right,No,Puerto Rico,601000.0,Rookie
46,2017,P,Adam Liberatore,30,4,0,0,0,0,0,0,0,0,0,0,0,0,0.0,0.0,0.0,0.0,0,0,0,0,0,0,0,Left,No,Dominican Republic,518000.0,Rookie
47,2017,P,Wilmer Font,27,3,0,0,0,0,0,0,0,0,0,0,0,0,0.0,0.0,0.0,0.0,0,0,0,0,0,0,0,Right,No,USA,586000.0,Rookie
48,2017,P,Sergio Romo,34,30,0,0,0,0,0,0,0,0,0,0,0,0,0.0,0.0,0.0,0.0,0,0,0,0,0,0,0,Right,No,USA,530000.0,Rookie
49,2017,P,Tony Cingrani,27,21,0,0,0,0,0,0,0,0,0,0,0,0,0.0,0.0,0.0,0.0,0,0,0,0,0,0,0,Left,No,Mexico,620000.0,Rookie
50,2017,P,Grant Dayton,29,26,0,0,0,0,0,0,0,0,0,0,0,0,0.0,0.0,0.0,0.0,0,0,0,0,0,0,0,Left,No,Dominican Republic,585000.0,Rookie
51,2017,P,Chris Hatcher,32,24,0,0,0,0,0,0,0,0,0,0,0,0,0.0,0.0,0.0,0.0,0,0,0,0,0,0,0,Right,Yes,USA,611000.0,Rookie
52,2017,P,Fabio Castillo,28,2,0,0,0,0,0,0,0,0,0,0,0,0,0.0,0.0,0.0,0.0,0,0,0,0,0,0,0,Right,No,USA,514000.0,Rookie
1,2016,C,Yasmani Grandal,27,126,457,390,49,89,14,1,27,72,1,3,64,116,0.228,0.339,0.477,0.816,118,186,11,2,0,1,1,Right,Yes,USA,7639000.0,Arbitration
2,2016,1B,Adrián González,34,156,633,568,69,162,31,0,18,90,0,2,55,117,0.285,0.349,0.435,0.784,111,247,16,4,0,6,9,Left,No,USA,5284000.0,Arbitration
3,2016,2B,Chase Utley,37,138,565,512,79,129,26,3,14,52,2,2,40,115,0.252,0.319,0.396,0.716,92,203,0,11,1,1,1,Left,No,Venezuela,2470000.0,Arbitration
4,2016,SS,Corey Seager,22,157,687,627,105,193,40,5,26,72,3,3,54,133,0.308,0.365,0.512,0.877,134,321,12,4,0,2,5,Left,No,USA,3650000.0,Arbitration
5,2016,3B,Justin Turner,31,151,622,556,79,153,34,3,27,90,4,1,48,107,0.275,0.339,0.493,0.832,121,274,16,10,0,8,1,Right,No,USA,7312000.0,Arbitration
6,2016,LF,Howie Kendrick,32,146,543,487,65,124,26,2,8,40,10,2,50,96,0.255,0.326,0.366,0.691,87,178,20,3,0,3,2,Right,No,USA,3429000.0,Arbitration
7,2016,CF,Joc Pederson,24,137,476,406,64,100,26,0,25,68,6,2,63,130,0.246,0.352,0.495,0.847,126,201,5,4,1,2,4,Left,No,USA,7220000.0,Arbitration
8,2016,RF,Yasiel Puig,25,104,368,334,45,88,14,2,11,45,5,2,24,74,0.263,0.323,0.416,0.74,98,139,10,7,0,3,0,Right,No,Cuba,3871000.0,Arbitration
9,2016,OF,Trayce Thompson,25,80,262,236,31,53,11,0,13,32,5,1,26,66,0.225,0.302,0.436,0.738,96,103,3,0,0,0,0,Right,No,USA,3706000.0,Arbitration
10,2016,OF,Enrique Hernández,24,109,244,216,25,41,8,0,7,18,2,0,28,64,0.19,0.283,0.324,0.607,64,70,3,0,0,0,1,Right,No,Puerto Rico,1727000.0,Arbitration
11,2016,RF,Josh Reddick,29,47,167,155,20,40,6,0,2,9,3,3,11,22,0.258,0.307,0.335,0.643,74,52,1,0,0,0,0,Left,No,Cuba,3102000.0,Arbitration
12,2016,C,A.J. Ellis,35,53,161,139,8,27,5,0,1,13,1,1,16,24,0.194,0.285,0.252,0.537,47,35,5,2,3,1,2,Right,No,USA,1149000.0,Rookie
13,2016,OF,Andrew Toles,24,48,115,105,19,33,9,1,3,16,1,1,8,25,0.314,0.365,0.505,0.87,132,53,1,1,0,1,2,Left,No,Puerto Rico,5563000.0,Arbitration
14,2016,UT,Scott Van Slyke,29,52,113,102,10,23,6,0,1,7,1,2,5,24,0.225,0.292,0.314,0.606,64,32,3,5,0,1,1,Right,No,USA,2021000.0,Arbitration
15,2016,LF,Carl Crawford,34,30,87,81,8,15,2,1,0,6,0,1,4,11,0.185,0.23,0.235,0.464,26,19,3,1,0,1,0,Left,No,USA,522000.0,Rookie
16,2016,UT,Rob Segedin,27,40,83,73,9,17,2,1,2,12,0,0,6,22,0.233,0.301,0.37,0.671,80,27,1,2,0,2,0,Right,No,USA,608000.0,Rookie
17,2016,UT,Charlie Culberson,27,34,68,67,6,20,3,0,1,7,1,0,1,13,0.299,0.309,0.388,0.697,87,26,2,0,0,0,0,Right,No,Cuba,624000.0,Rookie
18,2016,IF,Chris Taylor,25,34,62,58,8,12,2,2,1,7,0,0,4,13,0.207,0.258,0.362,0.62,65,21,3,0,0,0,1,Right,No,USA,548000.0,Rookie
19,2016,C,Carlos Ruiz,37,14,40,36,3,10,2,0,0,3,0,0,3,5,0.278,0.35,0.333,0.683,87,12,1,1,0,0,0,Right,No,USA,511000.0,Rookie
20,2016,UT,Austin Barnes,26,21,37,32,3,5,1,0,0,2,0,0,5,9,0.156,0.27,0.188,0.458,28,6,0,0,0,0,0,Right,No,USA,520000.0,Rookie
21,2016,LF,Andre Ethier,34,16,26,24,2,5,1,0,1,2,0,0,2,6,0.208,0.269,0.375,0.644,72,9,1,0,0,0,1,Left,No,USA,655000.0,Rookie
22,2016,OF,Will Venable,33,12,19,18,2,1,1,0,0,0,0,0,0,5,0.056,0.105,0.111,0.216,-41,2,0,1,0,0,0,Left,No,Japan,552000.0,Rookie
23,2016,UT,Micah Johnson,25,7,6,6,1,1,0,0,0,0,0,0,0,1,0.167,0.167,0.167,0.333,-9,1,0,0,0,0,0,Left,No,USA,625000.0,Rookie
24,2016,UT,Zach Walters,26,3,5,5,0,0,0,0,0,0,0,0,0,2,0.0,0.0,0.0,0.0,-100,0,0,0,0,0,0,Right,Yes,USA,603000.0,Rookie
25,2016,P,Kenta Maeda,28,34,66,57,5,7,1,0,1,4,0,0,1,16,0.123,0.138,0.193,0.331,-12,11,1,0,8,0,0,Right,No,Puerto Rico,566000.0,Rookie
26,2016,P,Scott Kazmir,32,26,50,43,3,5,0,0,0,2,0,0,1,24,0.116,0.136,0.116,0.253,-30,5,1,0,6,0,0,Left,No,USA,539000.0,Rookie
27,2016,P,Clayton Kershaw,28,21,50,46,2,8,1,0,0,3,0,0,1,12,0.174,0.191,0.196,0.387,5,9,0,0,3,0,0,Left,No,USA,35000000.0,Superstar
28,2016,P,Ross Stripling,26,19,27,24,2,2,0,0,0,1,0,0,2,12,0.083,0.154,0.083,0.237,-33,2,0,0,1,0,0,Right,No,USA,601000.0,Rookie
29,2016,P,Julio Urías,19,17,26,22,0,3,0,0,0,2,0,0,0,9,0.136,0.136,0.136,0.273,-26,3,1,0,4,0,0,Left,No,USA,625000.0,Rookie
30,2016,P,Alex Wood,25,14,19,16,2,4,0,0,0,2,0,0,1,9,0.25,0.294,0.25,0.544,50,4,0,0,2,0,0,Right,No,USA,606000.0,Rookie
31,2016,P,Bud Norris,31,13,16,15,1,4,0,0,0,1,0,0,0,2,0.267,0.267,0.267,0.533,45,4,0,0,1,0,0,Right,No,USA,588000.0,Rookie
32,2016,P,Brandon McCarthy,32,10,15,13,0,0,0,0,0,1,0,0,2,6,0.0,0.133,0.0,0.133,-59,0,0,0,0,0,0,Right,No,Dominican Republic,514000.0,Rookie
33,2016,P,Rich Hill,36,6,12,12,0,0,0,0,0,0,0,0,0,8,0.0,0.0,0.0,0.0,-100,0,0,0,0,0,0,Left,No,USA,655000.0,Rookie
34,2016,P,Brock Stewart,24,7,10,10,0,1,0,0,0,0,0,0,0,7,0.1,0.1,0.1,0.2,-46,1,0,0,0,0,0,Left,No,USA,629000.0,Rookie
35,2016,P,Mike Bolsinger,28,5,9,9,0,0,0,0,0,0,0,0,0,7,0.0,0.0,0.0,0.0,-100,0,0,0,0,0,0,Right,No,USA,552000.0,Rookie
36,2016,P,José De León,23,3,4,4,0,0,0,0,0,0,0,0,0,1,0.0,0.0,0.0,0.0,-100,0,0,0,0,0,0,Right,No,Japan,657000.0,Rookie
37,2016,P,Chris Hatcher,31,34,3,3,0,1,0,0,0,1,0,0,0,0,0.333,0.333,0.333,0.667,82,1,0,0,0,0,0,Right,Yes,USA,599000.0,Rookie
38,2016,P,Brett Anderson,28,4,3,3,0,0,0,0,0,0,0,0,0,2,0.0,0.0,0.0,0.0,-100,0,0,0,0,0,0,Left,No,USA,596000.0,Rookie
39,2016,P,J.P. Howell,33,61,2,2,0,0,0,0,0,0,0,0,0,2,0.0,0.0,0.0,0.0,-100,0,0,0,0,0,0,Left,No,Venezuela,621000.0,Rookie
40,2016,P,Josh Fields,30,21,1,1,0,0,0,0,0,0,0,0,0,1,0.0,0.0,0.0,0.0,-100,0,0,0,0,0,0,Right,No,USA,631000.0,Rookie
41,2016,P,Carlos Frías,26,1,1,1,0,0,0,0,0,0,0,0,0,1,0.0,0.0,0.0,0.0,-100,0,0,0,0,0,0,Right,No,USA,607000.0,Rookie
42,2016,P,Hyun Jin Ryu,29,1,1,1,0,0,0,0,0,0,0,0,0,0,0.0,0.0,0.0,0.0,-100,0,0,0,0,0,0,Right,No,South Korea,527000.0,Rookie
43,2016,P,Nick Tepesch,27,1,1,1,0,0,0,0,0,0,0,0,0,1,0.0,0.0,0.0,0.0,-100,0,0,0,0,0,0,Right,No,USA,559000.0,Rookie
44,2016,P,Grant Dayton,28,23,1,1,0,0,0,0,0,0,0,0,0,1,0.0,0.0,0.0,0.0,-100,0,0,0,0,0,0,Left,No,USA,649000.0,Rookie
45,2016,P,Pedro Báez,28,67,1,1,0,0,0,0,0,0,0,0,0,0,0.0,0.0,0.0,0.0,-100,0,0,0,0,0,0,Right,No,USA,542000.0,Rookie
46,2016,P,Luis Avilán,26,26,0,0,0,0,0,0,0,0,0,0,0,0,0.0,0.0,0.0,0.0,0,0,0,0,0,0,0,Left,No,USA,564000.0,Rookie
47,2016,P,Louis Coleman,30,57,0,0,0,0,0,0,0,0,0,0,0,0,0.0,0.0,0.0,0.0,0,0,0,0,0,0,0,Right,No,Dominican Republic,573000.0,Rookie
48,2016,P,Chin-hui Tsao,35,1,0,0,0,0,0,0,0,0,0,0,0,0,0.0,0.0,0.0,0.0,0,0,0,0,0,0,0,Right,No,Dominican Republic,574000.0,Rookie
49,2016,P,Adam Liberatore,29,55,0,0,0,0,0,0,0,0,0,0,0,0,0.0,0.0,0.0,0.0,0,0,0,0,0,0,0,Left,No,USA,601000.0,Rookie
50,2016,P,Yimi García,25,9,0,0,0,0,0,0,0,0,0,0,0,0,0.0,0.0,0.0,0.0,0,0,0,0,0,0,0,Right,No,USA,651000.0,Rookie
51,2016,P,Kenley Jansen,28,68,0,0,0,0,0,0,0,0,0,0,0,0,0.0,0.0,0.0,0.0,0,0,0,0,0,0,0,Right,Yes,Netherlands Antilles,18000000.0,Star
52,2016,P,Joe Blanton,35,71,0,0,0,0,0,0,0,0,0,0,0,0,0.0,0.0,0.0,0.0,0,0,0,0,0,0,0,Right,No,Venezuela,526000.0,Rookie
53,2016,P,Jesse Chavez,32,22,0,0,0,0,0,0,0,0,0,0,0,0,0.0,0.0,0.0,0.0,0,0,0,0,0,0,0,Right,No,Japan,538000.0,Rookie
54,2016,P,Casey Fien,32,25,0,0,0,0,0,0,0,0,0,0,0,0,0.0,0.0,0.0,0.0,0,0,0,0,0,0,0,Right,No,Puerto Rico,643000.0,Rookie
55,2016,P,Josh Ravin,28,10,0,0,0,0,0,0,0,0,0,0,0,0,0.0,0.0,0.0,0.0,0,0,0,0,0,0,0,Right,No,Japan,606000.0,Rookie
1,2015,C,Yasmani Grandal,26,115,426,355,43,83,12,0,16,47,0,1,65,92,0.234,0.353,0.403,0.756,112,143,16,2,1,3,1,Right,Yes,USA,4127000.0,Arbitration
2,2015,1B,Adrián González,33,156,643,571,76,157,33,0,28,90,0,1,62,107,0.275,0.35,0.48,0.83,130,274,21,6,0,3,10,Left,No,Cuba,10096000.0,Mid
3,2015,2B,Howie Kendrick,31,117,495,464,64,137,22,2,9,54,6,2,27,82,0.295,0.336,0.409,0.746,108,190,17,2,1,1,1,Right,No,USA,6738000.0,Arbitration
4,2015,SS,Jimmy Rollins,36,144,563,517,71,116,24,3,13,41,12,8,44,86,0.224,0.285,0.358,0.643,79,185,12,0,1,1,0,Right,Yes,Venezuela,2360000.0,Arbitration
5,2015,3B,Justin Turner,30,126,439,385,55,113,26,1,16,60,5,2,36,71,0.294,0.37,0.491,0.861,139,189,10,13,1,4,1,Right,No,USA,11393000.0,Mid
6,2015,LF,Carl Crawford,33,69,193,181,19,48,9,2,4,16,10,2,10,41,0.265,0.304,0.403,0.707,96,73,3,0,0,0,1,Left,No,Dominican Republic,4138000.0,Arbitration
7,2015,CF,Joc Pederson,23,151,585,480,67,101,19,1,26,54,4,7,92,170,0.21,0.346,0.417,0.763,113,200,5,9,2,2,6,Left,No,USA,3747000.0,Arbitration
8,2015,RF,Yasiel Puig,24,79,311,282,30,72,12,3,11,38,3,3,26,66,0.255,0.322,0.436,0.758,110,123,1,2,0,1,1,Right,No,Cuba,3659000.0,Arbitration
9,2015,OF,Andre Ethier,33,142,445,395,54,116,20,7,14,53,2,3,43,75,0.294,0.366,0.486,0.852,137,192,11,4,0,3,2,Left,No,USA,10203000.0,Mid
10,2015,LF,Scott Van Slyke,28,96,253,222,19,53,14,0,6,30,3,1,23,62,0.239,0.317,0.383,0.7,96,85,5,4,1,3,2,Right,No,USA,6239000.0,Arbitration
11,2015,UT,Alex Guerrero,28,106,230,219,25,51,9,1,11,36,1,0,7,57,0.233,0.261,0.434,0.695,90,95,7,2,0,2,0,Right,No,Dominican Republic,3105000.0,Arbitration
12,2015,UT,Enrique Hernández,23,76,218,202,24,62,12,2,7,22,0,2,11,46,0.307,0.346,0.49,0.836,131,99,3,2,1,2,0,Right,No,Puerto Rico,5898000.0,Arbitration
13,2015,C,A.J. Ellis,34,63,217,181,24,43,9,0,7,21,0,0,32,38,0.238,0.355,0.403,0.758,113,73,4,1,3,0,1,Right,No,Venezuela,3586000.0,Arbitration
14,2015,2B,Chase Utley,36,34,141,124,14,25,9,1,3,9,1,0,10,29,0.202,0.291,0.363,0.654,82,45,1,6,0,1,0,Left,No,Dominican Republic,1991000.0,Arbitration
15,2015,3B,Alberto Callaspo,32,60,138,123,8,32,5,0,0,7,0,0,14,24,0.26,0.336,0.301,0.637,81,37,2,0,1,0,0,Right,Yes,USA,3480000.0,Arbitration
16,2015,SS,Corey Seager,21,27,113,98,17,33,8,1,4,17,2,0,14,19,0.337,0.425,0.561,0.986,174,55,2,1,0,0,1,Left,No,USA,5429000.0,Arbitration
17,2015,3B,Juan Uribe,36,29,87,81,6,20,2,0,1,6,1,0,5,9,0.247,0.287,0.309,0.596,68,25,5,0,0,1,0,Right,No,South Korea,514000.0,Rookie
18,2015,OF,Chris Heisey,30,33,72,55,8,10,2,0,2,9,0,1,15,17,0.182,0.347,0.327,0.674,91,18,1,0,0,2,2,Right,No,USA,533000.0,Rookie
19,2015,LF,Justin Ruggiano,33,21,60,55,12,16,4,1,4,12,2,0,3,14,0.291,0.35,0.618,0.968,165,34,1,2,0,0,0,Right,No,Dominican Republic,528000.0,Rookie
20,2015,OF,Scott Schebler,24,19,40,36,6,9,0,0,3,4,2,1,3,13,0.25,0.325,0.5,0.825,127,18,0,1,0,0,1,Left,No,USA,618000.0,Rookie
21,2015,UT,Austin Barnes,25,20,37,29,4,6,2,0,0,1,1,0,6,6,0.207,0.361,0.276,0.637,83,8,2,1,1,0,0,Right,No,USA,632000.0,Rookie
22,2015,UT,José Peraza,21,7,25,22,3,4,1,1,0,1,3,0,2,2,0.182,0.25,0.318,0.568,58,7,0,0,1,0,1,Right,No,USA,540000.0,Rookie
23,2015,IF,Ronald Torreyes,22,8,8,6,1,2,1,0,0,1,0,0,1,1,0.333,0.429,0.5,0.929,160,3,0,0,1,0,0,Right,No,USA,585000.0,Rookie
24,2015,IF,Darwin Barney,29,2,4,4,0,0,0,0,0,0,0,0,0,0,0.0,0.0,0.0,0.0,-100,0,0,0,0,0,0,Right,No,USA,635000.0,Rookie
25,2015,P,Clayton Kershaw,27,31,79,71,2,9,2,0,0,2,0,0,2,23,0.127,0.162,0.155,0.317,-10,11,2,1,5,0,0,Left,No,USA,35000000.0,Superstar
26,2015,P,Zack Greinke,31,30,77,67,8,15,2,0,2,3,1,0,1,14,0.224,0.232,0.343,0.575,59,23,0,0,8,1,0,Right,No,USA,590000.0,Rookie
27,2015,P,Brett Anderson,27,29,61,47,1,4,1,0,0,3,0,0,5,32,0.085,0.173,0.106,0.279,-19,5,2,0,9,0,0,Left,No,USA,597000.0,Rookie
28,2015,P,Mike Bolsinger,27,21,40,38,1,1,1,0,0,0,0,0,0,23,0.026,0.026,0.053,0.079,-79,2,0,0,2,0,0,Right,No,USA,585000.0,Rookie
29,2015,P,Alex Wood,24,11,26,22,1,4,1,0,0,0,0,0,1,13,0.182,0.217,0.227,0.445,25,5,1,0,3,0,0,Right,No,Dominican Republic,553000.0,Rookie
30,2015,P,Carlos Frías,25,16,24,21,1,1,0,0,0,0,0,0,1,12,0.048,0.13,0.048,0.178,-47,1,0,1,1,0,0,Right,No,USA,594000.0,Rookie
31,2015,P,Brandon McCarthy,31,4,9,6,0,0,0,0,0,1,0,0,1,5,0.0,0.143,0.0,0.143,-55,0,0,0,2,0,0,Right,No,USA,612000.0,Rookie
32,2015,P,Mat Latos,27,6,7,6,1,2,0,0,0,0,0,0,0,1,0.333,0.333,0.333,0.667,88,2,0,0,1,0,0,Right,No,USA,640000.0,Rookie
33,2015,P,Ian Thomas,28,9,4,3,1,0,0,0,0,0,0,0,1,1,0.0,0.25,0.0,0.25,-21,0,1,0,0,0,0,Right,No,Venezuela,604000.0,Rookie
34,2015,P,Scott Baker,33,2,4,3,0,0,0,0,0,0,0,0,0,1,0.0,0.0,0.0,0.0,-100,0,0,0,1,0,0,Right,No,USA,623000.0,Rookie
35,2015,P,Joe Wieland,25,1,2,1,0,0,0,0,0,0,0,0,0,1,0.0,0.0,0.0,0.0,-100,0,0,0,1,0,0,Right,No,Puerto Rico,532000.0,Rookie
36,2015,P,Adam Liberatore,28,38,2,2,0,0,0,0,0,0,0,0,0,2,0.0,0.0,0.0,0.0,-100,0,0,0,0,0,0,Left,No,USA,578000.0,Rookie
37,2015,P,Brandon Beachy,28,2,2,2,0,0,0,0,0,0,0,0,0,1,0.0,0.0,0.0,0.0,-100,0,0,0,0,0,0,Right,No,USA,509000.0,Rookie
38,2015,P,Zach Lee,23,1,2,2,0,0,0,0,0,0,0,0,0,0,0.0,0.0,0.0,0.0,-100,0,0,0,0,0,0,Right,No,USA,545000.0,Rookie
39,2015,P,Eric Surkamp,27,1,1,0,0,0,0,0,0,0,0,0,0,0,0.0,0.0,0.0,0.0,0,0,0,0,1,0,0,Left,No,USA,618000.0,Rookie
40,2015,P,Danny Coulombe,25,5,1,1,0,0,0,0,0,0,0,0,0,1,0.0,0.0,0.0,0.0,-100,0,0,0,0,0,0,Left,No,USA,659000.0,Rookie
41,2015,P,Luis Avilán,25,20,1,1,0,0,0,0,0,0,0,0,0,0,0.0,0.0,0.0,0.0,-100,0,0,0,0,0,0,Left,No,USA,523000.0,Rookie
42,2015,P,Chin-hui Tsao,34,5,1,1,1,1,1,0,0,0,0,0,0,0,1.0,1.0,2.0,3.0,713,2,0,0,0,0,0,Right,No,USA,569000.0,Rookie
43,2015,P,Joel Peralta,39,33,1,1,0,0,0,0,0,0,0,0,0,1,0.0,0.0,0.0,0.0,-100,0,0,0,0,0,0,Right,No,USA,629000.0,Rookie
44,2015,P,David Huff,30,3,1,1,0,0,0,0,0,0,0,0,0,0,0.0,0.0,0.0,0.0,-100,0,0,0,0,0,0,Right,Yes,Panama,539000.0,Rookie
45,2015,P,Chris Hatcher,30,45,1,1,0,0,0,0,0,0,0,0,0,0,0.0,0.0,0.0,0.0,-100,0,0,0,0,0,0,Right,Yes,USA,592000.0,Rookie
46,2015,P,Juan Nicasio,28,52,1,1,0,0,0,0,0,0,0,0,0,0,0.0,0.0,0.0,0.0,-100,0,0,0,0,0,0,Right,No,USA,619000.0,Rookie
47,2015,P,Sergio Santos,31,12,0,0,0,0,0,0,0,0,0,0,0,0,0.0,0.0,0.0,0.0,0,0,0,0,0,0,0,Right,No,Mexico,601000.0,Rookie
48,2015,P,Jim Johnson,32,19,0,0,0,0,0,0,0,0,0,0,0,0,0.0,0.0,0.0,0.0,0,0,0,0,0,0,0,Right,No,USA,536000.0,Rookie
49,2015,P,Paco Rodríguez,24,18,0,0,0,0,0,0,0,0,0,0,0,0,0.0,0.0,0.0,0.0,0,0,0,0,0,0,0,Left,No,Dominican Republic,562000.0,Rookie
50,2015,P,Matt West,26,2,0,0,0,0,0,0,0,0,0,0,0,0,0.0,0.0,0.0,0.0,0,0,0,0,0,0,0,Right,No,Mexico,627000.0,Rookie
51,2015,P,Yimi García,24,55,0,0,0,0,0,0,0,0,0,0,0,0,0.0,0.0,0.0,0.0,0,0,0,0,0,0,0,Right,No,Dominican Republic,592000.0,Rookie
52,2015,P,Kenley Jansen,27,51,0,0,0,0,0,0,0,0,0,0,0,0,0.0,0.0,0.0,0.0,0,0,0,0,0,0,0,Right,Yes,Netherlands Antilles,18000000.0,Star
53,2015,P,J.P. Howell,32,62,0,0,0,0,0,0,0,0,0,0,0,0,0.0,0.0,0.0,0.0,0,0,0,0,0,0,0,Left,No,Dominican Republic,623000.0,Rookie
54,2015,P,Pedro Báez,27,48,0,0,0,0,0,0,0,0,0,0,0,0,0.0,0.0,0.0,0.0,0,0,0,0,0,0,0,Right,No,USA,513000.0,Rookie
55,2015,P,Josh Ravin,27,8,0,0,0,0,0,0,0,0,0,0,0,0,0.0,0.0,0.0,0.0,0,0,0,0,0,0,0,Right,No,USA,621000.0,Rookie
1,2014,C,A.J. Ellis,33,93,347,283,21,54,9,0,3,25,0,0,53,57,0.191,0.323,0.254,0.577,68,72,15,4,3,4,5,Right,No,USA,841000.0,Rookie
2,2014,1B,Adrián González,32,159,660,591,83,163,41,0,27,116,1,1,56,112,0.276,0.335,0.482,0.817,131,285,13,2,0,11,9,Left,No,USA,11569000.0,Mid
3,2014,2B,Dee Strange-Gordon,26,148,650,609,92,176,24,12,2,34,64,19,31,107,0.289,0.326,0.378,0.704,101,230,3,4,3,3,0,Left,No,Dominican Republic,4401000.0,Arbitration
4,2014,SS,Hanley Ramirez,30,128,512,449,64,127,35,0,13,71,14,5,56,84,0.283,0.369,0.448,0.817,133,201,10,6,0,1,2,Right,No,Dominican Republic,8729000.0,Mid
5,2014,3B,Juan Uribe,35,103,404,386,36,120,23,0,9,54,0,1,15,77,0.311,0.337,0.44,0.777,120,170,15,1,0,2,2,Right,No,USA,3212000.0,Arbitration
6,2014,LF,Carl Crawford,32,105,370,343,56,103,14,3,8,46,23,6,16,55,0.3,0.339,0.429,0.767,118,147,5,6,0,4,0,Left,No,USA,4654000.0,Arbitration
7,2014,CF,Andre Ethier,32,130,380,341,29,85,17,6,4,42,2,2,31,74,0.249,0.322,0.37,0.691,97,126,5,6,1,1,3,Left,No,USA,3285000.0,Arbitration
8,2014,RF,Yasiel Puig,23,148,640,558,92,165,37,9,16,69,11,7,67,124,0.296,0.382,0.48,0.863,145,268,7,12,2,1,3,Right,No,Cuba,6748000.0,Arbitration
9,2014,OF,Matt Kemp,29,150,599,541,77,155,38,3,25,89,8,5,52,145,0.287,0.346,0.506,0.852,140,274,21,0,0,6,3,Right,No,USA,8915000.0,Mid
10,2014,3B,Justin Turner,29,109,322,288,46,98,21,1,7,43,6,1,28,58,0.34,0.404,0.493,0.897,155,142,6,4,0,2,1,Right,No,USA,9276000.0,Mid
11,2014,OF,Scott Van Slyke,27,98,246,212,32,63,13,1,11,29,4,2,28,71,0.297,0.386,0.524,0.91,157,111,3,4,0,2,0,Right,No,USA,14465000.0,Mid
12,2014,C,Drew Butera,30,61,192,170,16,32,6,1,3,14,0,0,17,41,0.188,0.267,0.288,0.555,59,49,1,2,1,2,1,Right,No,Cuba,1588000.0,Arbitration
13,2014,SS,Miguel Rojas,25,85,162,149,16,27,3,0,1,9,0,0,10,28,0.181,0.242,0.221,0.464,34,33,5,2,1,0,1,Right,No,Venezuela,1108000.0,Rookie
14,2014,C,Tim Federowicz,26,23,78,71,2,8,3,0,1,5,0,0,3,18,0.113,0.158,0.197,0.355,1,14,3,1,2,1,0,Right,No,USA,567000.0,Rookie
15,2014,IF,Chone Figgins,36,38,76,60,8,13,3,0,0,1,4,1,14,15,0.217,0.373,0.267,0.64,87,16,0,1,1,0,0,Right,Yes,Cuba,570000.0,Rookie
16,2014,MI,Darwin Barney,28,22,45,33,6,10,1,0,1,7,0,0,8,3,0.303,0.467,0.424,0.891,157,14,0,3,0,1,0,Right,No,USA,613000.0,Rookie
17,2014,SS,Erisbel Arruebarrena,24,22,45,41,4,8,1,0,0,4,0,0,3,17,0.195,0.244,0.22,0.464,34,9,1,0,0,1,0,Right,No,USA,508000.0,Rookie
18,2014,OF,Joc Pederson,22,18,38,28,1,4,0,0,0,0,0,0,9,11,0.143,0.351,0.143,0.494,48,4,1,0,1,0,0,Left,No,Japan,602000.0,Rookie
19,2014,C,Miguel Olivo,35,8,25,23,4,5,0,1,0,2,0,0,1,12,0.217,0.24,0.304,0.544,55,7,1,0,0,1,0,Right,No,USA,562000.0,Rookie
20,2014,UT,Jamie Romak,28,15,23,21,2,1,1,0,0,3,0,0,2,8,0.048,0.13,0.095,0.226,-34,2,1,0,0,0,0,Right,No,USA,628000.0,Rookie
21,2014,SS,Carlos Triunfel,24,12,16,15,3,2,0,0,1,1,0,0,1,5,0.133,0.188,0.333,0.521,45,5,0,0,0,0,0,Right,No,Cuba,522000.0,Rookie
22,2014,LF,Alex Guerrero,27,11,13,13,0,1,0,0,0,0,0,0,0,6,0.077,0.077,0.077,0.154,-56,1,0,0,0,0,0,Right,No,Dominican Republic,597000.0,Rookie
23,2014,1B,Clint Robinson,29,9,10,9,3,3,0,0,0,2,0,0,1,1,0.333,0.4,0.333,0.733,113,3,0,0,0,0,0,Left,No,USA,581000.0,Rookie
24,2014,OF,Roger Bernadina,30,9,9,7,2,2,0,0,1,4,0,0,0,3,0.286,0.444,0.714,1.159,225,5,0,2,0,0,0,Left,No,USA,605000.0,Rookie
25,2014,LF,Mike Baxter,29,4,8,7,0,0,0,0,0,0,0,0,1,2,0.0,0.125,0.0,0.125,-60,0,1,0,0,0,0,Left,No,Mexico,517000.0,Rookie
26,2014,P,Clayton Kershaw,26,26,74,63,5,11,0,1,0,3,1,0,4,23,0.175,0.235,0.206,0.442,28,13,1,1,6,0,0,Left,No,USA,35000000.0,Superstar
27,2014,P,Zack Greinke,30,29,69,60,5,12,6,0,1,3,0,0,5,11,0.2,0.262,0.35,0.612,73,21,0,0,4,0,0,Right,No,Japan,593000.0,Rookie
28,2014,P,Dan Haren,33,29,60,54,2,10,1,0,0,5,0,0,3,20,0.185,0.228,0.204,0.432,25,11,1,0,3,0,0,Right,No,USA,593000.0,Rookie
29,2014,P,Hyun Jin Ryu,27,24,56,47,4,7,2,0,0,2,0,0,1,17,0.149,0.167,0.191,0.358,2,9,0,0,8,0,0,Right,No,South Korea,599000.0,Rookie
30,2014,P,Josh Beckett,34,20,43,39,4,7,3,0,0,2,0,0,1,14,0.179,0.2,0.256,0.456,30,10,0,0,3,0,0,Right,No,Mexico,610000.0,Rookie
31,2014,P,Paul Maholm,32,29,16,9,1,0,0,0,0,0,0,0,2,6,0.0,0.182,0.0,0.182,-42,0,0,0,5,0,0,Left,No,Dominican Republic,630000.0,Rookie
32,2014,P,Roberto Hernández,33,9,15,13,1,2,0,0,0,1,0,0,0,7,0.154,0.154,0.154,0.308,-12,2,0,0,2,0,0,Right,No,Venezuela,549000.0,Rookie
33,2014,P,Carlos Frías,24,15,7,7,0,0,0,0,0,0,0,0,0,4,0.0,0.0,0.0,0.0,-100,0,0,0,0,0,0,Right,No,USA,633000.0,Rookie
34,2014,P,Kevin Correia,33,9,6,6,1,2,0,0,0,0,0,0,0,2,0.333,0.333,0.333,0.667,92,2,0,0,0,0,0,Right,No,Puerto Rico,583000.0,Rookie
35,2014,P,Jamey Wright,39,56,6,5,0,0,0,0,0,0,0,0,0,3,0.0,0.0,0.0,0.0,-100,0,0,0,1,0,0,Right,No,USA,519000.0,Rookie
36,2014,P,Stephen Fife,27,1,3,3,0,0,0,0,0,0,0,0,0,1,0.0,0.0,0.0,0.0,-100,0,0,0,0,0,0,Right,No,Dominican Republic,516000.0,Rookie
37,2014,P,Brandon League,31,59,2,2,0,0,0,0,0,0,0,0,0,1,0.0,0.0,0.0,0.0,-100,0,0,0,0,0,0,Right,No,USA,558000.0,Rookie
38,2014,P,José Domínguez,23,5,1,1,0,0,0,0,0,0,0,0,0,1,0.0,0.0,0.0,0.0,-100,0,0,0,0,0,0,Right,No,USA,627000.0,Rookie
39,2014,P,Yimi García,23,8,1,1,0,0,0,0,0,0,0,0,0,0,0.0,0.0,0.0,0.0,-100,0,0,0,0,0,0,Right,No,Mexico,615000.0,Rookie
40,2014,P,Kenley Jansen,26,64,1,1,0,0,0,0,0,0,0,0,0,1,0.0,0.0,0.0,0.0,-100,0,0,0,0,0,0,Right,Yes,Netherlands Antilles,18000000.0,Star
41,2014,P,Chris Perez,28,46,1,1,0,0,0,0,0,0,0,0,0,1,0.0,0.0,0.0,0.0,-100,0,0,0,0,0,0,Right,No,Cuba,586000.0,Rookie
42,2014,P,Paco Rodríguez,23,17,0,0,0,0,0,0,0,0,0,0,0,0,0.0,0.0,0.0,0.0,0,0,0,0,0,0,0,Left,No,USA,575000.0,Rookie
43,2014,P,Brian Wilson,32,58,0,0,0,0,0,0,0,0,0,0,0,0,0.0,0.0,0.0,0.0,0,0,0,0,0,0,0,Right,No,USA,530000.0,Rookie
44,2014,P,Danny Coulombe,24,5,0,0,0,0,0,0,0,0,0,0,0,0,0.0,0.0,0.0,0.0,0,0,0,0,0,0,0,Left,No,Dominican Republic,557000.0,Rookie
45,2014,P,Chris Withrow,25,19,0,0,0,0,0,0,0,0,0,0,0,0,0.0,0.0,0.0,0.0,0,0,0,0,0,0,0,Right,No,USA,574000.0,Rookie
46,2014,P,Red Patterson,27,0,0,0,0,0,0,0,0,0,0,0,0,0,0.0,0.0,0.0,0.0,0,0,0,0,0,0,0,Right,No,USA,521000.0,Rookie
47,2014,P,J.P. Howell,31,64,0,0,0,0,0,0,0,0,0,0,0,0,0.0,0.0,0.0,0.0,0,0,0,0,0,0,0,Left,No,USA,541000.0,Rookie
48,2014,P,Pedro Báez,26,18,0,0,0,0,0,0,0,0,0,0,0,0,0.0,0.0,0.0,0.0,0,0,0,0,0,0,0,Right,No,USA,599000.0,Rookie
49,2014,P,Scott Elbert,28,7,0,0,0,0,0,0,0,0,0,0,0,0,0.0,0.0,0.0,0.0,0,0,0,0,0,0,0,Left,No,Puerto Rico,620000.0,Rookie
1,2013,C,A.J. Ellis,32,115,448,390,43,93,17,1,10,52,0,2,45,78,0.238,0.318,0.364,0.682,93,142,11,3,4,6,1,Right,No,USA,3505000.0,Arbitration
2,2013,1B,Adrián González,31,157,641,583,69,171,32,0,22,100,1,0,47,98,0.293,0.342,0.461,0.803,125,269,12,1,0,10,6,Left,No,Dominican Republic,11457000.0,Mid
3,2013,2B,Mark Ellis,36,126,480,433,46,117,13,2,6,48,4,1,26,74,0.27,0.323,0.351,0.674,91,152,5,10,6,5,2,Right,No,USA,2110000.0,Arbitration
4,2013,SS,Hanley Ramirez,29,86,336,304,62,105,25,2,20,57,10,2,27,52,0.345,0.402,0.638,1.04,189,194,5,3,0,2,3,Right,No,Dominican Republic,13337000.0,Mid
5,2013,3B,Juan Uribe,34,132,426,388,47,108,22,2,12,50,5,0,30,81,0.278,0.331,0.438,0.769,116,170,12,2,3,3,3,Right,No,USA,5031000.0,Arbitration
6,2013,LF,Carl Crawford,31,116,469,435,62,123,30,3,6,31,15,4,28,66,0.283,0.329,0.407,0.736,107,177,4,3,0,2,2,Left,No,Puerto Rico,6454000.0,Arbitration
7,2013,CF,Andre Ethier,31,142,553,482,54,131,33,2,12,52,4,3,61,95,0.272,0.36,0.423,0.783,121,204,9,7,0,3,11,Left,No,USA,3951000.0,Arbitration
8,2013,RF,Yasiel Puig,22,104,432,382,66,122,21,2,19,42,11,8,36,97,0.319,0.391,0.534,0.925,159,204,6,11,0,3,6,Right,No,Cuba,6191000.0,Arbitration
9,2013,UT,Skip Schumaker,33,125,356,319,31,84,16,0,2,30,2,2,28,54,0.263,0.332,0.332,0.665,89,106,11,5,3,0,0,Left,No,USA,3002000.0,Arbitration
10,2013,IF,Nick Punto,35,116,335,294,34,75,15,0,2,21,3,3,33,67,0.255,0.328,0.327,0.655,86,96,4,0,6,2,0,Right,Yes,USA,1945000.0,Arbitration
11,2013,CF,Matt Kemp,28,73,290,263,35,71,15,0,6,33,9,0,22,76,0.27,0.328,0.395,0.723,104,104,11,2,0,3,3,Right,No,USA,5652000.0,Arbitration
12,2013,UT,Jerry Hairston,37,96,226,204,17,43,7,0,2,22,0,0,14,22,0.211,0.265,0.275,0.539,53,56,7,2,3,3,0,Right,No,USA,968000.0,Rookie
13,2013,C,Tim Federowicz,25,56,173,160,12,37,8,0,4,16,0,0,10,56,0.231,0.275,0.356,0.631,77,57,5,0,2,1,5,Right,No,USA,1699000.0,Arbitration
14,2013,LF,Scott Van Slyke,26,53,152,129,13,31,8,0,7,19,1,1,20,37,0.24,0.342,0.465,0.807,126,60,7,1,0,2,0,Right,No,USA,7956000.0,Arbitration
15,2013,IF,Luis Cruz,29,45,128,118,12,15,2,0,1,6,0,0,5,20,0.127,0.175,0.169,0.344,-2,20,3,2,2,1,1,Right,No,Puerto Rico,1009000.0,Rookie
16,2013,SS,Dee Strange-Gordon,25,38,106,94,9,22,1,1,1,6,10,2,10,21,0.234,0.314,0.298,0.612,75,28,0,1,1,0,2,Left,No,USA,1478000.0,Rookie
17,2013,SS,Justin Sellers,27,27,77,69,6,13,1,0,1,2,0,0,5,20,0.188,0.263,0.246,0.51,45,17,3,2,1,0,0,Right,No,Cuba,511000.0,Rookie
18,2013,C,Ramón Hernández,37,17,55,48,4,10,2,0,3,6,1,0,6,7,0.208,0.291,0.438,0.728,103,21,6,0,0,1,0,Right,No,USA,634000.0,Rookie
19,2013,IF,Michael Young,36,21,53,51,3,16,2,1,0,4,0,0,1,5,0.314,0.321,0.392,0.713,101,20,3,0,0,1,0,Right,No,USA,549000.0,Rookie
20,2013,OF,Nick Buss,26,8,20,19,0,2,0,0,0,0,0,0,1,1,0.105,0.15,0.105,0.255,-26,2,0,0,0,0,0,Left,No,Japan,586000.0,Rookie
21,2013,OF,Alex Castellanos,26,8,18,18,2,3,1,0,1,1,0,0,0,5,0.167,0.167,0.389,0.556,51,7,0,0,0,0,0,Right,No,USA,553000.0,Rookie
22,2013,LF,Elián Herrera,28,4,8,8,0,2,0,0,0,0,0,0,0,2,0.25,0.25,0.25,0.5,42,2,0,0,0,0,0,Right,Yes,USA,651000.0,Rookie
23,2013,UT,Drew Butera,29,4,7,7,0,1,0,0,0,0,0,0,0,4,0.143,0.143,0.143,0.286,-19,1,0,0,0,0,0,Right,No,USA,547000.0,Rookie
24,2013,P,Clayton Kershaw,25,35,92,77,8,14,3,0,1,10,0,0,5,24,0.182,0.241,0.26,0.501,42,20,3,1,9,0,0,Left,No,USA,35000000.0,Superstar
25,2013,P,Zack Greinke,29,29,72,58,5,19,3,0,0,4,2,0,7,10,0.328,0.409,0.379,0.788,125,22,0,1,6,0,0,Right,No,USA,640000.0,Rookie
26,2013,P,Hyun Jin Ryu,26,27,66,58,5,12,3,1,0,5,0,0,2,23,0.207,0.233,0.293,0.526,48,17,1,0,6,0,0,Right,No,South Korea,636000.0,Rookie
27,2013,P,Ricky Nolasco,30,15,30,20,2,3,1,0,0,1,0,0,3,7,0.15,0.261,0.2,0.461,33,4,1,0,7,0,0,Right,No,USA,536000.0,Rookie
28,2013,P,Chris Capuano,34,21,29,24,1,1,0,0,0,0,0,0,1,8,0.042,0.08,0.042,0.122,-64,1,0,0,4,0,0,Left,No,USA,630000.0,Rookie
29,2013,P,Stephen Fife,26,11,18,17,0,1,0,0,0,0,0,0,1,12,0.059,0.111,0.059,0.17,-50,1,0,0,0,0,0,Right,No,USA,577000.0,Rookie
30,2013,P,Josh Beckett,33,7,12,8,0,1,0,0,0,0,0,0,1,3,0.125,0.222,0.125,0.347,2,1,1,0,3,0,0,Right,No,USA,581000.0,Rookie
31,2013,P,Edinson Volquez,29,6,9,8,1,1,0,0,0,0,0,0,0,3,0.125,0.125,0.125,0.25,-29,1,0,0,1,0,0,Right,No,USA,528000.0,Rookie
32,2013,P,Matt Magill,23,6,8,7,0,0,0,0,0,0,0,0,0,5,0.0,0.0,0.0,0.0,-100,0,0,0,1,0,0,Right,No,USA,520000.0,Rookie
33,2013,P,Chad Billingsley,28,2,5,3,0,0,0,0,0,0,0,0,0,3,0.0,0.0,0.0,0.0,-100,0,0,0,2,0,0,Right,No,Dominican Republic,618000.0,Rookie
34,2013,P,Ted Lilly,37,4,5,5,0,0,0,0,0,0,0,0,0,5,0.0,0.0,0.0,0.0,-100,0,0,0,0,0,0,Left,No,USA,583000.0,Rookie
35,2013,P,Chris Withrow,24,23,2,1,0,0,0,0,0,0,0,0,0,1,0.0,0.0,0.0,0.0,-100,0,0,0,1,0,0,Right,No,USA,574000.0,Rookie
36,2013,P,Paco Rodríguez,22,72,1,1,0,0,0,0,0,0,0,0,0,1,0.0,0.0,0.0,0.0,-100,0,0,0,0,0,0,Left,No,USA,619000.0,Rookie
37,2013,P,Matt Guerrier,34,31,1,1,0,0,0,0,0,0,0,0,0,1,0.0,0.0,0.0,0.0,-100,0,0,0,0,0,0,Right,No,Venezuela,624000.0,Rookie
38,2013,P,José Domínguez,22,8,1,1,0,0,0,0,0,0,0,0,0,1,0.0,0.0,0.0,0.0,-100,0,0,0,0,0,0,Right,No,Puerto Rico,532000.0,Rookie
39,2013,P,Kenley Jansen,25,70,1,1,0,0,0,0,0,0,0,0,0,0,0.0,0.0,0.0,0.0,-100,0,0,0,0,0,0,Right,Yes,Netherlands Antilles,18000000.0,Star
40,2013,P,Carlos Marmol,30,20,1,1,0,0,0,0,0,0,0,0,0,0,0.0,0.0,0.0,0.0,-100,0,0,0,0,0,0,Right,No,USA,528000.0,Rookie
41,2013,P,J.P. Howell,30,61,1,1,0,0,0,0,0,0,0,0,0,1,0.0,0.0,0.0,0.0,-100,0,0,0,0,0,0,Left,No,Cuba,622000.0,Rookie
42,2013,P,Ronald Belisario,30,72,1,1,0,0,0,0,0,0,0,0,0,0,0.0,0.0,0.0,0.0,-100,0,0,0,0,0,0,Right,No,Panama,608000.0,Rookie
43,2013,P,Brandon League,30,54,1,0,0,0,0,0,0,0,0,0,1,0,0.0,1.0,0.0,0.0,0,0,0,0,0,0,0,Right,No,Dominican Republic,653000.0,Rookie
44,2013,P,Onelki García,23,3,0,0,0,0,0,0,0,0,0,0,0,0,0.0,0.0,0.0,0.0,0,0,0,0,0,0,0,Left,No,USA,518000.0,Rookie
45,2013,P,Javy Guerra,27,8,0,0,0,0,0,0,0,0,0,0,0,0,0.0,0.0,0.0,0.0,0,0,0,0,0,0,0,Right,No,Puerto Rico,516000.0,Rookie
46,2013,P,Brian Wilson,31,18,0,0,0,0,0,0,0,0,0,0,0,0,0.0,0.0,0.0,0.0,0,0,0,0,0,0,0,Right,No,Dominican Republic,550000.0,Rookie
47,2013,P,Shawn Tolleson,25,1,0,0,0,0,0,0,0,0,0,0,0,0,0.0,0.0,0.0,0.0,0,0,0,0,0,0,0,Right,No,Puerto Rico,547000.0,Rookie
48,2013,P,Peter Moylan,34,14,0,0,0,0,0,0,0,0,0,0,0,0,0.0,0.0,0.0,0.0,0,0,0,0,0,0,0,Right,No,USA,545000.0,Rookie
49,2013,P,Josh Wall,26,6,0,0,0,0,0,0,0,0,0,0,0,0,0.0,0.0,0.0,0.0,0,0,0,0,0,0,0,Right,No,USA,645000.0,Rookie
1,2012,C,A.J. Ellis,31,133,505,423,44,114,20,1,13,52,0,0,65,107,0.27,0.373,0.414,0.786,118,175,17,7,6,4,11,Right,No,USA,4443000.0,Arbitration
2,2012,1B,James Loney,28,114,359,334,32,85,18,0,4,33,0,3,23,39,0.254,0.302,0.344,0.646,79,115,16,0,1,1,7,Left,No,Dominican Republic,2197000.0,Arbitration
3,2012,2B,Mark Ellis,35,110,464,415,62,107,21,1,7,31,5,0,40,70,0.258,0.333,0.364,0.697,93,151,5,7,2,0,0,Right,No,Dominican Republic,2458000.0,Arbitration
4,2012,SS,Dee Strange-Gordon,24,87,330,303,38,69,9,2,1,17,32,10,20,62,0.228,0.28,0.281,0.561,56,85,5,3,2,2,0,Left,No,USA,922000.0,Rookie
5,2012,3B,Luis Cruz,28,78,296,283,26,84,20,0,6,40,2,1,9,34,0.297,0.322,0.431,0.753,106,122,7,2,1,1,1,Right,No,Puerto Rico,6420000.0,Arbitration
6,2012,LF,Shane Victorino,31,53,235,208,26,51,12,2,2,15,15,2,18,31,0.245,0.316,0.351,0.667,85,73,1,4,4,1,0,Right,Yes,USA,1825000.0,Arbitration
7,2012,CF,Matt Kemp,27,106,449,403,74,122,22,2,23,69,9,4,40,103,0.303,0.367,0.538,0.906,147,217,10,3,0,3,8,Right,No,USA,13586000.0,Mid
8,2012,RF,Andre Ethier,30,149,618,556,79,158,36,1,20,89,2,2,50,124,0.284,0.351,0.46,0.812,123,256,13,9,0,3,6,Left,No,USA,7409000.0,Arbitration
9,2012,UT,Juan Rivera,33,109,339,312,30,76,14,0,9,47,1,3,18,35,0.244,0.286,0.375,0.661,81,117,15,3,0,6,1,Right,No,USA,1715000.0,Arbitration
10,2012,OF,Tony Gwynn,29,103,277,259,29,60,8,4,0,17,13,6,16,52,0.232,0.276,0.293,0.57,58,76,6,0,2,0,2,Left,No,Puerto Rico,1609000.0,Arbitration
11,2012,SS,Hanley Ramirez,28,64,272,251,30,68,11,2,10,44,7,3,17,60,0.271,0.324,0.45,0.774,112,113,6,3,0,1,3,Right,No,Dominican Republic,4030000.0,Arbitration
12,2012,IF,Jerry Hairston,36,78,267,238,19,65,13,1,4,26,1,2,23,27,0.273,0.342,0.387,0.729,102,92,7,3,1,2,2,Right,No,USA,3905000.0,Arbitration
13,2012,LF,Bobby Abreu,38,92,230,195,28,48,8,1,3,19,6,2,35,51,0.246,0.361,0.344,0.704,97,67,6,0,0,0,3,Left,No,USA,2869000.0,Arbitration
14,2012,UT,Elián Herrera,27,67,214,187,26,47,10,1,1,17,4,2,23,50,0.251,0.34,0.332,0.671,87,62,5,2,2,0,0,Right,Yes,USA,2333000.0,Arbitration
15,2012,3B,Adam Kennedy,36,86,201,168,22,44,8,1,2,16,1,1,23,33,0.262,0.345,0.357,0.702,95,60,5,1,4,5,1,Left,No,Dominican Republic,4842000.0,Arbitration
16,2012,3B,Juan Uribe,33,66,179,162,15,31,9,0,2,17,0,1,13,37,0.191,0.258,0.284,0.542,50,46,6,2,1,1,0,Right,No,USA,667000.0,Rookie
17,2012,1B,Adrián González,30,36,157,145,12,43,10,1,3,22,2,0,11,29,0.297,0.344,0.441,0.785,116,64,1,0,0,1,1,Left,No,USA,5997000.0,Arbitration
18,2012,C,Matt Treanor,36,36,122,103,11,18,3,1,2,10,1,1,14,29,0.175,0.281,0.282,0.563,57,29,2,2,1,2,2,Right,No,USA,1297000.0,Rookie
19,2012,UT,Scott Van Slyke,25,27,57,54,4,9,2,0,2,7,1,0,2,14,0.167,0.196,0.315,0.511,39,17,2,0,1,0,0,Right,No,Mexico,593000.0,Rookie
20,2012,IF,Justin Sellers,26,19,50,44,6,9,3,1,1,2,0,0,5,14,0.205,0.286,0.386,0.672,84,17,0,0,1,0,1,Right,No,USA,650000.0,Rookie
21,2012,IF,Nick Punto,34,22,43,35,6,10,1,0,0,0,1,0,6,9,0.286,0.39,0.314,0.705,99,11,0,0,2,0,0,Right,Yes,USA,515000.0,Rookie
22,2012,IF,Iván De Jesús,25,23,37,33,5,9,3,0,0,4,1,1,3,7,0.273,0.324,0.364,0.688,90,12,1,0,0,1,0,Right,No,USA,571000.0,Rookie
23,2012,OF,Alex Castellanos,25,16,25,23,3,4,0,1,1,3,0,0,0,8,0.174,0.2,0.391,0.591,59,9,0,1,0,1,0,Right,No,USA,547000.0,Rookie
24,2012,UT,Jerry Sands,24,9,24,23,2,4,2,0,0,1,0,0,1,9,0.174,0.208,0.261,0.469,29,6,0,0,0,0,0,Right,No,Dominican Republic,619000.0,Rookie
25,2012,C,Tim Federowicz,24,3,4,3,0,1,0,0,0,0,0,0,1,2,0.333,0.5,0.333,0.833,138,1,0,0,0,0,0,Right,No,USA,657000.0,Rookie
26,2012,P,Clayton Kershaw,24,32,75,58,2,12,1,0,0,2,0,0,2,19,0.207,0.23,0.224,0.454,27,13,2,0,14,1,0,Left,No,USA,35000000.0,Superstar
27,2012,P,Chris Capuano,33,33,69,54,3,5,2,0,0,3,0,0,1,27,0.093,0.107,0.13,0.237,-35,7,0,0,13,1,0,Left,No,Mexico,607000.0,Rookie
28,2012,P,Aaron Harang,34,29,63,56,1,4,1,0,0,2,0,0,0,23,0.071,0.071,0.089,0.161,-56,5,1,0,7,0,0,Right,No,Cuba,538000.0,Rookie
29,2012,P,Chad Billingsley,27,23,48,42,1,8,1,0,0,2,0,0,0,18,0.19,0.186,0.214,0.4,11,9,0,0,5,1,0,Right,No,USA,594000.0,Rookie
30,2012,P,Joe Blanton,31,10,21,16,0,1,0,0,0,0,0,0,0,6,0.063,0.063,0.063,0.125,-65,1,0,0,5,0,0,Right,No,Japan,578000.0,Rookie
31,2012,P,Ted Lilly,36,8,20,15,0,1,0,0,0,0,0,0,1,7,0.067,0.125,0.067,0.192,-45,1,0,0,4,0,0,Left,No,USA,655000.0,Rookie
32,2012,P,Josh Beckett,32,7,17,16,0,0,0,0,0,0,0,0,0,9,0.0,0.0,0.0,0.0,-100,0,0,0,1,0,0,Right,No,USA,600000.0,Rookie
33,2012,P,Nathan Eovaldi,22,8,14,12,0,0,0,0,0,0,0,0,1,8,0.0,0.077,0.0,0.077,-76,0,0,0,1,0,0,Right,No,USA,561000.0,Rookie
34,2012,P,Stephen Fife,25,5,8,7,1,2,1,0,0,0,0,0,0,2,0.286,0.286,0.429,0.714,94,3,0,0,1,0,0,Right,No,USA,525000.0,Rookie
35,2012,P,Jamey Wright,37,63,2,2,0,0,0,0,0,0,0,0,0,1,0.0,0.0,0.0,0.0,-100,0,0,0,0,0,0,Right,No,USA,531000.0,Rookie
36,2012,P,Randy Choate,36,36,0,0,0,0,0,0,0,0,0,0,0,0,0.0,0.0,0.0,0.0,0,0,0,0,0,0,0,Left,No,USA,542000.0,Rookie
37,2012,P,Javy Guerra,26,45,0,0,0,0,0,0,0,0,0,0,0,0,0.0,0.0,0.0,0.0,0,0,0,0,0,0,0,Right,No,USA,546000.0,Rookie
38,2012,P,Paco Rodríguez,21,11,0,0,0,0,0,0,0,0,0,0,0,0,0.0,0.0,0.0,0.0,0,0,0,0,0,0,0,Left,No,USA,637000.0,Rookie
39,2012,P,Todd Coffey,31,20,0,0,0,0,0,0,0,0,0,0,0,0,0.0,0.0,0.0,0.0,0,0,0,0,0,0,0,Right,No,Dominican Republic,593000.0,Rookie
40,2012,P,Shawn Tolleson,24,36,0,0,0,0,0,0,0,0,0,0,0,0,0.0,0.0,0.0,0.0,0,0,0,0,0,0,0,Right,No,USA,587000.0,Rookie
41,2012,P,Matt Guerrier,33,16,0,0,0,0,0,0,0,0,0,0,0,0,0.0,0.0,0.0,0.0,0,0,0,0,0,0,0,Right,No,Cuba,525000.0,Rookie
42,2012,P,Rubby De La Rosa,23,1,0,0,0,0,0,0,0,0,0,0,0,0,0.0,0.0,0.0,0.0,0,0,0,0,0,0,0,Right,No,USA,638000.0,Rookie
43,2012,P,Kenley Jansen,24,64,0,0,0,0,0,0,0,0,0,0,0,0,0.0,0.0,0.0,0.0,0,0,0,0,0,0,0,Right,Yes,Netherlands Antilles,18000000.0,Star
44,2012,P,John Ely,26,2,0,0,0,0,0,0,0,0,0,0,0,0,0.0,0.0,0.0,0.0,0,0,0,0,0,0,0,Right,No,USA,518000.0,Rookie
45,2012,P,Ronald Belisario,29,65,0,0,0,0,0,0,0,0,0,0,0,0,0.0,0.0,0.0,0.0,0,0,0,0,0,0,0,Right,No,Puerto Rico,615000.0,Rookie
46,2012,P,Scott Elbert,26,39,0,0,0,0,0,0,0,0,0,0,0,0,0.0,0.0,0.0,0.0,0,0,0,0,0,0,0,Left,No,Puerto Rico,590000.0,Rookie
47,2012,P,Brandon League,29,28,0,0,0,0,0,0,0,0,0,0,0,0,0.0,0.0,0.0,0.0,0,0,0,0,0,0,0,Right,No,Dominican Republic,520000.0,Rookie
48,2012,P,Josh Lindblom,25,45,0,0,0,0,0,0,0,0,0,0,0,0,0.0,0.0,0.0,0.0,0,0,0,0,0,0,0,Right,No,USA,577000.0,Rookie
49,2012,P,Mike MacDougal,35,7,0,0,0,0,0,0,0,0,0,0,0,0,0.0,0.0,0.0,0.0,0,0,0,0,0,0,0,Right,Yes,USA,581000.0,Rookie
50,2012,P,Josh Wall,25,7,0,0,0,0,0,0,0,0,0,0,0,0,0.0,0.0,0.0,0.0,0,0,0,0,0,0,0,Right,No,USA,533000.0,Rookie
1,2011,C,Rod Barajas,35,98,337,305,29,70,13,0,16,47,0,0,22,71,0.23,0.287,0.43,0.717,98,131,5,4,2,3,4,Right,No,USA,5483000.0,Arbitration
2,2011,1B,James Loney,27,158,582,531,56,153,30,1,12,65,4,0,42,67,0.288,0.339,0.416,0.755,111,221,8,1,3,5,7,Left,No,USA,6695000.0,Arbitration
3,2011,2B,Jamey Carroll,37,146,510,452,52,131,14,6,0,17,10,0,47,58,0.29,0.359,0.347,0.706,99,157,3,2,8,1,3,Right,No,USA,3813000.0,Arbitration
4,2011,SS,Dee Strange-Gordon,23,56,233,224,34,68,9,2,0,11,24,7,7,27,0.304,0.325,0.362,0.686,92,81,1,0,2,0,0,Left,No,USA,1636000.0,Arbitration
5,2011,3B,Juan Uribe,32,77,295,270,21,55,12,0,4,28,2,0,17,60,0.204,0.264,0.293,0.557,56,79,12,6,0,2,2,Right,No,Mexico,1090000.0,Rookie
6,2011,LF,Tony Gwynn,28,136,340,312,37,80,12,6,2,22,22,6,23,61,0.256,0.308,0.353,0.66,85,110,2,1,2,2,1,Left,No,USA,2879000.0,Arbitration
7,2011,CF,Matt Kemp,26,161,689,602,115,195,33,4,39,126,40,11,74,159,0.324,0.399,0.586,0.986,172,353,16,6,0,7,24,Right,No,USA,12326000.0,Mid
8,2011,RF,Andre Ethier,29,135,551,487,67,142,30,0,11,62,0,1,58,103,0.292,0.368,0.421,0.789,121,205,8,3,0,3,9,Left,No,USA,3741000.0,Arbitration
9,2011,IF,Aaron Miles,34,136,490,454,49,125,17,3,3,45,4,3,25,49,0.275,0.314,0.346,0.66,85,157,11,3,3,5,1,Right,Yes,Puerto Rico,2290000.0,Arbitration
10,2011,LF,Juan Rivera,32,62,246,219,24,60,12,1,5,46,2,1,21,35,0.274,0.333,0.406,0.74,106,89,5,1,0,5,0,Right,No,USA,6532000.0,Arbitration
11,2011,3B,Casey Blake,37,63,239,202,32,51,10,1,4,26,1,2,26,50,0.252,0.342,0.371,0.713,100,75,9,3,5,3,1,Right,No,USA,3341000.0,Arbitration
12,2011,OF,Jerry Sands,23,61,227,198,20,50,15,0,4,26,3,3,25,51,0.253,0.338,0.389,0.727,103,77,5,1,2,1,0,Right,No,Dominican Republic,2282000.0,Arbitration
13,2011,C,Dioner Navarro,27,64,202,176,13,34,6,1,5,17,0,0,20,35,0.193,0.276,0.324,0.6,68,57,3,1,3,2,4,Right,Yes,Dominican Republic,3123000.0,Arbitration
14,2011,SS,Rafael Furcal,33,37,152,137,15,27,4,0,1,12,5,3,11,21,0.197,0.272,0.248,0.52,47,34,0,3,1,0,0,Right,Yes,Dominican Republic,840000.0,Rookie
15,2011,MI,Justin Sellers,25,36,139,123,20,25,9,0,1,13,1,0,12,21,0.203,0.283,0.301,0.583,64,37,1,2,1,1,0,Right,No,Dominican Republic,835000.0,Rookie
16,2011,C,A.J. Ellis,30,31,103,85,8,23,1,1,2,11,0,1,14,16,0.271,0.392,0.376,0.769,117,32,2,3,1,0,0,Right,No,USA,4125000.0,Arbitration
17,2011,OF,Trent Oeltjen,28,61,91,71,10,14,1,1,2,6,6,0,13,30,0.197,0.322,0.324,0.646,82,23,1,1,4,2,1,Left,No,Cuba,558000.0,Rookie
18,2011,LF,Marcus Thames,34,36,70,66,4,13,1,1,2,7,0,0,4,16,0.197,0.243,0.333,0.576,60,22,4,0,0,0,0,Right,No,Dominican Republic,623000.0,Rookie
19,2011,OF,Jay Gibbons,34,24,62,55,5,14,2,0,1,5,0,0,5,14,0.255,0.323,0.345,0.668,88,19,0,1,0,1,1,Left,No,Venezuela,587000.0,Rookie
20,2011,CI,Russ Mitchell,26,25,58,51,5,8,1,0,2,3,0,0,7,10,0.157,0.259,0.294,0.553,55,15,3,0,0,0,3,Right,No,USA,539000.0,Rookie
21,2011,UT,Eugenio Velez,29,34,40,37,5,0,0,0,0,1,1,0,2,11,0.0,0.075,0.0,0.075,-77,0,0,1,0,0,0,Right,Yes,USA,641000.0,Rookie
22,2011,2B,Iván De Jesús,24,17,35,32,2,6,0,0,0,1,0,0,2,11,0.188,0.235,0.188,0.423,21,6,1,0,1,0,0,Right,No,USA,641000.0,Rookie
23,2011,C,Tim Federowicz,23,7,16,13,0,2,0,0,0,1,0,0,2,4,0.154,0.313,0.154,0.466,36,2,0,1,0,0,0,Right,No,Puerto Rico,640000.0,Rookie
24,2011,IF,Juan Castro,39,7,15,14,2,4,0,0,0,1,0,0,1,4,0.286,0.333,0.286,0.619,76,4,0,0,0,0,0,Right,No,USA,544000.0,Rookie
25,2011,OF,Xavier Paul,26,7,11,11,0,3,0,0,0,0,0,0,0,5,0.273,0.273,0.273,0.545,54,3,0,0,0,0,0,Left,No,USA,576000.0,Rookie
26,2011,C,Héctor Giménez,28,4,7,7,0,1,0,0,0,0,0,0,0,3,0.143,0.143,0.143,0.286,-19,1,0,0,0,0,0,Right,Yes,Venezuela,657000.0,Rookie
27,2011,LF,Jamie Hoffmann,26,2,4,4,0,0,0,0,0,0,0,0,0,1,0.0,0.0,0.0,0.0,-100,0,0,0,0,0,0,Right,No,Cuba,625000.0,Rookie
28,2011,P,Clayton Kershaw,23,32,86,71,10,16,0,0,0,4,0,0,3,13,0.225,0.267,0.225,0.492,40,16,1,1,11,0,0,Left,No,USA,35000000.0,Superstar
29,2011,P,Hiroki Kuroda,36,30,71,61,2,7,0,0,0,1,0,0,4,20,0.115,0.169,0.115,0.284,-18,7,0,0,6,0,0,Right,No,Japan,517000.0,Rookie
30,2011,P,Chad Billingsley,26,30,65,56,4,9,3,0,1,4,0,0,4,23,0.161,0.217,0.268,0.485,35,15,0,0,5,0,0,Right,No,Dominican Republic,578000.0,Rookie
31,2011,P,Ted Lilly,35,32,63,58,0,5,2,0,0,4,1,1,0,13,0.086,0.086,0.121,0.207,-43,7,0,0,5,0,0,Left,No,USA,646000.0,Rookie
32,2011,P,Rubby De La Rosa,22,12,16,14,1,3,0,0,0,0,0,0,1,1,0.214,0.267,0.214,0.481,37,3,0,0,1,0,0,Right,No,Cuba,590000.0,Rookie
33,2011,P,Jon Garland,31,8,16,11,1,0,0,0,0,0,0,0,1,3,0.0,0.083,0.0,0.083,-74,0,0,0,4,0,0,Right,No,Dominican Republic,583000.0,Rookie
34,2011,P,Nathan Eovaldi,21,10,12,11,1,1,0,0,0,0,0,0,1,9,0.091,0.167,0.091,0.258,-25,1,0,0,0,0,0,Right,No,Dominican Republic,524000.0,Rookie
35,2011,P,Dana Eveland,27,5,11,9,0,0,0,0,0,0,0,0,1,7,0.0,0.1,0.0,0.1,-69,0,0,0,1,0,0,Left,No,Venezuela,607000.0,Rookie
36,2011,P,John Ely,25,5,4,3,0,0,0,0,0,0,0,1,1,2,0.0,0.25,0.0,0.25,-22,0,0,0,0,0,0,Right,No,USA,633000.0,Rookie
37,2011,P,Lance Cormier,30,8,1,1,0,0,0,0,0,0,0,0,0,0,0.0,0.0,0.0,0.0,-100,0,0,0,0,0,0,Right,No,Puerto Rico,565000.0,Rookie
38,2011,P,Javy Guerra,25,45,1,0,0,0,0,0,0,0,0,0,1,0,0.0,1.0,0.0,0.0,0,0,0,0,0,0,0,Right,No,Puerto Rico,626000.0,Rookie
39,2011,P,Ramon Troncoso,28,16,1,1,0,0,0,0,0,0,0,0,0,1,0.0,0.0,0.0,0.0,-100,0,0,0,0,0,0,Right,No,USA,654000.0,Rookie
40,2011,P,Matt Guerrier,32,69,1,0,0,0,0,0,0,1,0,0,1,0,0.0,1.0,0.0,0.0,0,0,0,0,0,0,0,Right,No,Venezuela,539000.0,Rookie
41,2011,P,Blake Hawksworth,28,47,1,1,0,0,0,0,0,0,0,0,0,1,0.0,0.0,0.0,0.0,-100,0,0,0,0,0,0,Right,No,USA,587000.0,Rookie
42,2011,P,Josh Lindblom,24,27,1,1,0,0,0,0,0,0,0,0,0,1,0.0,0.0,0.0,0.0,-100,0,0,0,0,0,0,Right,No,South Korea,551000.0,Rookie
43,2011,P,Vicente Padilla,33,9,0,0,0,0,0,0,0,0,0,0,0,0,0.0,0.0,0.0,0.0,0,0,0,0,0,0,0,Right,No,USA,628000.0,Rookie
44,2011,P,Hung-Chih Kuo,29,38,0,0,0,0,0,0,0,0,0,0,0,0,0.0,0.0,0.0,0.0,0,0,0,0,0,0,0,Left,No,Cuba,595000.0,Rookie
45,2011,P,Kenley Jansen,23,48,0,0,0,0,0,0,0,0,0,0,0,0,0.0,0.0,0.0,0.0,0,0,0,0,0,0,0,Right,Yes,Netherlands Antilles,18000000.0,Star
46,2011,P,Scott Elbert,25,44,0,0,0,0,0,0,0,0,0,0,0,0,0.0,0.0,0.0,0.0,0,0,0,0,0,0,0,Left,No,USA,629000.0,Rookie
47,2011,P,Jonathan Broxton,27,14,0,0,0,0,0,0,0,0,0,0,0,0,0.0,0.0,0.0,0.0,0,0,0,0,0,0,0,Right,No,USA,568000.0,Rookie
48,2011,P,Mike MacDougal,34,67,0,0,0,0,0,0,0,0,0,0,0,0,0.0,0.0,0.0,0.0,0,0,0,0,0,0,0,Right,Yes,Dominican Republic,647000.0,Rookie
1,2010,C,Russell Martin,27,97,387,331,45,82,13,0,5,26,6,2,48,61,0.248,0.347,0.332,0.679,88,110,7,4,1,3,7,Right,No,South Korea,2667000.0,Arbitration
2,2010,1B,James Loney,26,161,648,588,67,157,41,2,10,88,10,5,52,95,0.267,0.329,0.395,0.723,98,232,14,4,0,4,9,Left,No,USA,3701000.0,Arbitration
3,2010,2B,Blake DeWitt,24,82,292,256,29,69,15,4,1,30,2,2,30,49,0.27,0.352,0.371,0.723,99,95,4,3,2,1,4,Left,No,USA,4247000.0,Arbitration
4,2010,SS,Rafael Furcal,32,97,428,383,66,115,23,7,8,43,22,4,40,60,0.3,0.366,0.46,0.826,125,176,5,1,2,2,5,Right,Yes,Mexico,10827000.0,Mid
5,2010,3B,Casey Blake,36,146,571,509,56,126,28,1,17,64,0,4,48,138,0.248,0.32,0.407,0.727,98,207,8,8,3,3,3,Right,No,USA,3355000.0,Arbitration
6,2010,LF,Manny Ramirez,38,66,232,196,32,61,15,0,8,40,1,1,32,38,0.311,0.405,0.51,0.915,150,100,4,1,0,3,4,Right,No,Dominican Republic,8029000.0,Mid
7,2010,CF,Matt Kemp,25,162,668,602,82,150,25,6,28,89,19,15,53,170,0.249,0.31,0.45,0.76,106,271,14,4,0,9,4,Right,No,USA,5484000.0,Arbitration
8,2010,RF,Andre Ethier,28,139,585,517,71,151,33,1,23,82,2,1,59,102,0.292,0.364,0.493,0.857,133,255,11,3,0,6,11,Left,No,USA,8504000.0,Mid
9,2010,MI,Jamey Carroll,36,133,414,351,48,102,15,1,0,23,12,4,51,64,0.291,0.379,0.339,0.718,100,119,8,2,5,5,3,Right,No,USA,5055000.0,Arbitration
10,2010,2B,Ryan Theriot,30,54,228,198,27,48,5,0,1,8,4,3,22,28,0.242,0.323,0.283,0.606,69,56,5,2,5,1,0,Right,No,USA,1961000.0,Arbitration
11,2010,OF,Reed Johnson,33,102,215,202,24,53,11,2,2,15,2,2,5,50,0.262,0.291,0.366,0.657,79,74,3,4,2,2,0,Right,No,Mexico,1946000.0,Arbitration
12,2010,IF,Ronnie Belliard,35,82,185,162,24,35,10,1,2,19,2,2,18,35,0.216,0.295,0.327,0.622,71,53,4,1,2,2,1,Right,No,USA,1672000.0,Arbitration
13,2010,LF,Garret Anderson,38,80,163,155,8,28,6,1,2,12,1,0,5,34,0.181,0.204,0.271,0.475,29,42,6,0,1,2,1,Left,No,Dominican Republic,1074000.0,Rookie
14,2010,LF,Scott Podsednik,34,39,160,149,17,39,6,1,1,7,5,3,11,26,0.262,0.313,0.336,0.648,78,50,5,0,0,0,0,Left,No,USA,2505000.0,Arbitration
15,2010,OF,Xavier Paul,25,44,133,121,16,28,8,1,0,11,3,1,8,24,0.231,0.277,0.314,0.591,62,38,3,0,3,1,0,Left,No,USA,748000.0,Rookie
16,2010,C,A.J. Ellis,29,44,128,108,6,30,5,0,0,16,0,0,14,18,0.278,0.363,0.324,0.687,91,35,5,1,4,1,1,Right,No,USA,2500000.0,Arbitration
17,2010,LF,Jay Gibbons,33,37,80,75,11,21,2,0,5,17,0,1,4,14,0.28,0.313,0.507,0.819,121,38,2,0,0,1,0,Left,No,Venezuela,601000.0,Rookie
18,2010,C,Rod Barajas,34,25,72,64,9,19,3,0,5,13,0,0,5,15,0.297,0.361,0.578,0.939,153,37,2,2,0,1,3,Right,No,USA,520000.0,Rookie
19,2010,C,Brad Ausmus,41,21,71,63,4,14,2,0,0,2,0,0,7,15,0.222,0.31,0.254,0.564,58,16,3,1,0,0,1,Right,No,Cuba,642000.0,Rookie
20,2010,UT,Russ Mitchell,25,15,43,42,3,6,0,0,2,4,0,0,0,8,0.143,0.14,0.286,0.425,13,12,1,0,0,1,0,Right,No,USA,630000.0,Rookie
21,2010,OF,Trent Oeltjen,27,14,30,23,5,5,1,1,0,1,0,0,4,8,0.217,0.357,0.348,0.705,95,8,1,1,2,0,0,Left,No,Cuba,584000.0,Rookie
22,2010,SS,Chin-lung Hu,26,14,25,23,2,3,1,0,0,1,1,0,0,5,0.13,0.16,0.174,0.334,-8,4,1,1,0,1,0,Right,No,Venezuela,655000.0,Rookie
23,2010,1B,John Lindsey,33,11,13,12,0,1,0,0,0,0,0,0,0,3,0.083,0.154,0.083,0.237,-32,1,1,1,0,0,0,Right,No,USA,571000.0,Rookie
24,2010,MI,Nick Green,31,5,9,8,0,1,0,0,0,1,0,0,0,2,0.125,0.222,0.125,0.347,-1,1,0,1,0,0,0,Right,No,USA,657000.0,Rookie
25,2010,SS,Juan Castro,38,1,4,3,0,0,0,0,0,0,0,0,1,2,0.0,0.25,0.0,0.25,-23,0,0,0,0,0,0,Right,No,USA,609000.0,Rookie
26,2010,P,Clayton Kershaw,22,31,74,55,4,3,0,0,0,1,0,0,1,17,0.055,0.071,0.055,0.126,-65,3,3,0,18,0,0,Left,No,USA,35000000.0,Superstar
27,2010,P,Chad Billingsley,25,31,72,62,1,9,1,0,0,3,0,0,4,27,0.145,0.197,0.161,0.358,0,10,0,0,6,0,0,Right,No,USA,533000.0,Rookie
28,2010,P,Hiroki Kuroda,35,30,68,55,2,2,0,0,0,0,0,0,2,21,0.036,0.07,0.036,0.107,-70,2,1,0,11,0,0,Right,No,Japan,642000.0,Rookie
29,2010,P,Vicente Padilla,32,15,35,26,5,4,1,0,0,2,0,0,2,12,0.154,0.241,0.192,0.434,21,5,0,1,6,0,0,Right,No,USA,573000.0,Rookie
30,2010,P,John Ely,24,17,32,27,1,2,0,0,0,1,0,0,1,13,0.074,0.107,0.074,0.181,-49,2,0,0,4,0,0,Right,No,USA,532000.0,Rookie
31,2010,P,Ted Lilly,34,12,26,23,0,1,0,0,0,0,0,0,1,9,0.043,0.083,0.043,0.127,-64,1,1,0,2,0,0,Left,No,Dominican Republic,509000.0,Rookie
32,2010,P,Carlos Monasterios,24,31,18,14,1,1,0,0,0,0,0,0,0,7,0.071,0.071,0.071,0.143,-61,1,0,0,4,0,0,Right,No,USA,593000.0,Rookie
33,2010,P,Charlie Haeger,26,8,9,6,0,0,0,0,0,1,0,0,1,5,0.0,0.125,0.0,0.125,-62,0,0,0,1,1,0,Right,No,USA,588000.0,Rookie
34,2010,P,Jeff Weaver,33,42,5,5,0,1,0,0,0,0,0,0,0,3,0.2,0.2,0.2,0.4,11,1,0,0,0,0,0,Right,No,USA,617000.0,Rookie
35,2010,P,Ramon Ortiz,37,16,5,5,0,0,0,0,0,0,0,0,0,2,0.0,0.0,0.0,0.0,-100,0,1,0,0,0,0,Right,No,Dominican Republic,643000.0,Rookie
36,2010,P,Hung-Chih Kuo,28,54,3,1,0,0,0,0,0,0,0,0,1,1,0.0,0.5,0.0,0.5,53,0,0,0,1,0,0,Left,No,Dominican Republic,520000.0,Rookie
37,2010,P,Ramon Troncoso,27,49,3,2,0,0,0,0,0,1,0,0,1,1,0.0,0.333,0.0,0.333,2,0,0,0,0,0,0,Right,No,USA,619000.0,Rookie
38,2010,P,Kenley Jansen,22,26,2,1,1,1,0,0,0,0,0,0,1,0,1.0,1.0,1.0,2.0,453,1,0,0,0,0,0,Right,Yes,Netherlands Antilles,18000000.0,Star
39,2010,P,George Sherrill,33,62,1,0,0,0,0,0,0,0,0,0,1,0,0.0,1.0,0.0,0.0,0,0,0,0,0,0,0,Left,No,USA,638000.0,Rookie
40,2010,P,Octavio Dotel,36,19,1,1,0,0,0,0,0,0,0,0,0,1,0.0,0.0,0.0,0.0,-100,0,0,0,0,0,0,Right,No,Dominican Republic,632000.0,Rookie
41,2010,P,Travis Schlichting,25,13,1,1,0,0,0,0,0,0,0,0,0,0,0.0,0.0,0.0,0.0,-100,0,0,0,0,0,0,Right,No,USA,590000.0,Rookie
42,2010,P,James McDonald,25,4,1,1,0,0,0,0,0,0,0,0,0,1,0.0,0.0,0.0,0.0,-100,0,0,0,0,0,0,Left,No,USA,616000.0,Rookie
43,2010,P,Jon Link,26,9,0,0,0,0,0,0,0,0,0,0,0,0,0.0,0.0,0.0,0.0,0,0,0,0,0,0,0,Right,No,USA,555000.0,Rookie
44,2010,P,Russ Ortiz,36,6,0,0,0,0,0,0,0,0,0,0,0,0,0.0,0.0,0.0,0.0,0,0,0,0,0,0,0,Right,No,USA,579000.0,Rookie
45,2010,P,Jack Taschner,32,3,0,0,0,0,0,0,0,0,0,0,0,0,0.0,0.0,0.0,0.0,0,0,0,0,0,0,0,Left,No,USA,633000.0,Rookie
46,2010,P,Justin Miller,32,17,0,0,0,0,0,0,0,0,0,0,0,0,0.0,0.0,0.0,0.0,0,0,0,0,0,0,0,Right,No,Mexico,577000.0,Rookie
47,2010,P,Ronald Belisario,27,56,0,0,0,0,0,0,0,0,0,0,0,0,0.0,0.0,0.0,0.0,0,0,0,0,0,0,0,Right,No,USA,562000.0,Rookie
48,2010,P,Scott Elbert,24,1,0,0,0,0,0,0,0,0,0,0,0,0,0.0,0.0,0.0,0.0,0,0,0,0,0,0,0,Left,No,USA,583000.0,Rookie
49,2010,P,Jonathan Broxton,26,61,0,0,0,0,0,0,0,0,0,0,0,0,0.0,0.0,0.0,0.0,0,0,0,0,0,0,0,Right,No,USA,634000.0,Rookie
1,2009,C,Russell Martin,26,143,588,505,63,126,19,0,7,53,11,6,69,80,0.25,0.352,0.329,0.68,86,166,18,11,2,1,9,Right,No,Puerto Rico,1155000.0,Rookie
2,2009,1B,James Loney,25,158,652,576,73,162,25,2,13,90,7,3,70,68,0.281,0.357,0.399,0.756,104,230,16,0,1,4,10,Left,No,Venezuela,1815000.0,Arbitration
3,2009,2B,Orlando Hudson,31,149,631,551,74,156,35,6,9,62,8,1,62,99,0.283,0.357,0.417,0.774,109,230,16,4,9,5,4,Right,Yes,Puerto Rico,3324000.0,Arbitration
4,2009,SS,Rafael Furcal,31,150,680,613,92,165,28,5,9,47,12,6,61,89,0.269,0.335,0.375,0.711,92,230,11,1,3,2,2,Right,Yes,USA,3552000.0,Arbitration
5,2009,3B,Casey Blake,35,139,565,485,84,136,25,6,18,79,3,4,63,116,0.28,0.363,0.468,0.832,123,227,12,6,1,10,8,Right,No,Cuba,3220000.0,Arbitration
6,2009,LF,Manny Ramirez,37,104,431,352,62,102,24,2,19,63,0,1,71,81,0.29,0.418,0.531,0.949,155,187,7,7,0,1,21,Right,No,Dominican Republic,4188000.0,Arbitration
7,2009,CF,Matt Kemp,24,159,667,606,97,180,25,7,26,101,34,8,52,139,0.297,0.352,0.49,0.842,125,297,14,3,0,6,6,Right,No,USA,2927000.0,Arbitration
8,2009,RF,Andre Ethier,27,160,685,596,92,162,42,3,31,106,6,4,72,116,0.272,0.361,0.508,0.869,132,303,19,13,0,4,10,Left,No,USA,4735000.0,Arbitration
9,2009,LF,Juan Pierre,31,145,425,380,57,117,16,8,0,31,30,12,27,27,0.308,0.365,0.392,0.757,105,149,7,8,9,1,3,Left,No,USA,2801000.0,Arbitration
10,2009,CI,Mark Loretta,37,107,204,181,19,42,8,0,0,25,1,1,20,21,0.232,0.309,0.276,0.585,60,50,6,1,0,2,2,Right,No,Dominican Republic,600000.0,Rookie
11,2009,MI,Juan Castro,37,57,121,112,18,31,4,0,1,9,0,0,6,25,0.277,0.311,0.339,0.65,76,38,1,0,2,1,1,Right,No,Puerto Rico,1059000.0,Rookie
12,2009,C,Brad Ausmus,40,36,107,95,9,28,4,0,1,9,1,0,5,21,0.295,0.343,0.368,0.712,93,35,1,2,5,0,0,Right,No,USA,1323000.0,Rookie
13,2009,IF,Ronnie Belliard,34,24,83,77,13,27,7,0,5,17,1,0,6,16,0.351,0.398,0.636,1.034,174,49,3,0,0,0,0,Right,No,USA,332000.0,Rookie
14,2009,IF,Blake DeWitt,23,31,53,49,4,10,3,0,2,4,0,0,3,7,0.204,0.245,0.388,0.633,68,19,2,0,0,1,0,Left,No,Dominican Republic,376000.0,Rookie
15,2009,RF,Jamie Hoffmann,24,14,24,22,2,4,2,0,1,7,0,0,0,5,0.182,0.167,0.409,0.576,49,9,2,0,0,2,0,Right,No,USA,342000.0,Rookie
16,2009,1B,Doug Mientkiewicz,35,20,20,18,0,6,1,0,0,3,0,0,1,6,0.333,0.4,0.389,0.789,115,7,0,1,0,0,0,Left,No,Dominican Republic,388000.0,Rookie
17,2009,,Jim Thome,38,17,17,17,0,4,0,0,0,3,0,0,0,7,0.235,0.235,0.235,0.471,28,4,0,0,0,0,0,Left,No,USA,357000.0,Rookie
18,2009,OF,Xavier Paul,24,11,16,14,3,3,1,0,1,1,0,1,2,4,0.214,0.313,0.5,0.813,115,7,1,0,0,0,0,Left,No,USA,311000.0,Rookie
19,2009,DH,Mitch Jones,31,8,15,13,1,4,1,0,0,0,0,0,0,6,0.308,0.4,0.385,0.785,114,5,0,2,0,0,0,Right,No,Puerto Rico,361000.0,Rookie
20,2009,IF,Tony Abreu,24,6,11,8,0,2,0,0,0,1,0,1,3,2,0.25,0.455,0.25,0.705,97,2,0,0,0,0,0,Right,Yes,USA,329000.0,Rookie
21,2009,C,A.J. Ellis,28,8,10,10,0,1,0,0,0,1,0,0,0,1,0.1,0.1,0.1,0.2,-46,1,0,0,0,0,0,Right,No,USA,362000.0,Rookie
22,2009,OF,Jason Repko,28,10,7,5,1,0,0,0,0,1,1,0,0,2,0.0,0.143,0.0,0.143,-57,0,0,1,0,1,0,Right,No,USA,306000.0,Rookie
23,2009,SS,Chin-lung Hu,25,5,6,5,2,2,1,0,0,2,0,0,0,2,0.4,0.333,0.6,0.933,146,3,1,0,0,1,0,Right,No,Dominican Republic,316000.0,Rookie
24,2009,P,Randy Wolf,32,33,81,68,5,11,4,0,1,11,1,0,2,22,0.162,0.194,0.265,0.459,23,18,1,1,9,1,0,Left,No,USA,377000.0,Rookie
25,2009,P,Chad Billingsley,24,30,67,56,2,10,2,0,1,4,0,0,4,24,0.179,0.233,0.268,0.501,35,15,1,0,7,0,0,Right,No,Dominican Republic,320000.0,Rookie
26,2009,P,Clayton Kershaw,21,30,59,48,2,5,0,0,0,2,0,0,3,16,0.104,0.157,0.104,0.261,-28,5,1,0,8,0,0,Left,No,USA,35000000.0,Superstar
27,2009,P,Hiroki Kuroda,34,19,39,28,1,4,0,0,0,0,0,0,2,11,0.143,0.2,0.143,0.343,-5,4,0,0,9,0,0,Right,No,Japan,325000.0,Rookie
28,2009,P,Eric Stults,29,11,21,15,1,1,0,0,0,2,0,0,3,8,0.067,0.211,0.067,0.277,-20,1,0,0,2,1,0,Left,No,Japan,358000.0,Rookie
29,2009,P,Jeff Weaver,32,26,15,13,1,3,0,0,0,0,0,0,0,6,0.231,0.231,0.231,0.462,25,3,0,0,2,0,0,Right,No,USA,362000.0,Rookie
30,2009,P,Vicente Padilla,31,8,14,13,0,3,0,0,0,2,0,0,0,7,0.231,0.231,0.231,0.462,25,3,0,0,1,0,0,Right,No,Japan,346000.0,Rookie
31,2009,P,Jon Garland,29,6,13,12,0,0,0,0,0,0,0,0,0,8,0.0,0.077,0.0,0.077,-77,0,0,1,0,0,0,Right,No,USA,327000.0,Rookie
32,2009,P,Eric Milton,33,6,11,8,0,0,0,0,0,0,0,0,0,3,0.0,0.111,0.0,0.111,-67,0,0,1,2,0,0,Left,No,Venezuela,319000.0,Rookie
33,2009,P,James McDonald,24,44,10,9,0,0,0,0,0,0,0,0,0,6,0.0,0.0,0.0,0.0,-100,0,1,0,1,0,0,Left,No,Mexico,303000.0,Rookie
34,2009,P,Jason Schmidt,36,5,7,6,1,1,0,0,0,0,0,0,0,0,0.167,0.167,0.167,0.333,-9,1,0,0,1,0,0,Right,No,USA,327000.0,Rookie
35,2009,P,Ramon Troncoso,26,68,6,5,0,0,0,0,0,0,0,0,0,5,0.0,0.0,0.0,0.0,-100,0,0,0,1,0,0,Right,No,USA,359000.0,Rookie
36,2009,P,Charlie Haeger,25,6,5,4,0,0,0,0,0,0,0,0,0,4,0.0,0.0,0.0,0.0,-100,0,0,0,1,0,0,Right,No,Dominican Republic,384000.0,Rookie
37,2009,P,Scott Elbert,23,19,5,5,1,1,1,0,0,1,0,0,0,2,0.2,0.2,0.4,0.6,57,2,0,0,0,0,0,Left,No,Mexico,378000.0,Rookie
38,2009,P,Ronald Belisario,26,66,4,4,0,0,0,0,0,0,0,0,0,3,0.0,0.0,0.0,0.0,-100,0,0,0,0,0,0,Right,No,USA,369000.0,Rookie
39,2009,P,Guillermo Mota,35,58,4,3,0,1,0,0,0,1,0,0,0,1,0.333,0.333,0.333,0.667,81,1,0,0,1,0,0,Right,No,Dominican Republic,371000.0,Rookie
40,2009,P,Will Ohman,31,21,3,2,0,1,0,0,0,1,0,0,0,1,0.5,0.5,0.5,1.0,172,1,0,0,1,0,0,Left,No,USA,360000.0,Rookie
41,2009,P,Cory Wade,26,25,2,2,0,0,0,0,0,0,0,0,0,1,0.0,0.0,0.0,0.0,-100,0,0,0,0,0,0,Right,No,USA,323000.0,Rookie
42,2009,P,Jonathan Broxton,25,68,1,1,0,0,0,0,0,0,0,0,0,0,0.0,0.0,0.0,0.0,-100,0,0,0,0,0,0,Right,No,USA,382000.0,Rookie
43,2009,P,George Sherrill,32,30,0,0,0,0,0,0,0,0,0,0,0,0,0.0,0.0,0.0,0.0,0,0,0,0,0,0,0,Left,No,USA,360000.0,Rookie
44,2009,P,Claudio Vargas,31,8,0,0,0,0,0,0,0,0,0,0,0,0,0.0,0.0,0.0,0.0,0,0,0,0,0,0,0,Right,No,Dominican Republic,350000.0,Rookie
45,2009,P,Hung-Chih Kuo,27,35,0,0,0,0,0,0,0,0,0,0,0,0,0.0,0.0,0.0,0.0,0,0,0,0,0,0,0,Left,No,Puerto Rico,310000.0,Rookie
46,2009,P,Travis Schlichting,24,1,0,0,0,0,0,0,0,0,0,0,0,0,0.0,0.0,0.0,0.0,0,0,0,0,0,0,0,Right,No,Japan,340000.0,Rookie
47,2009,P,Brent Leach,26,34,0,0,0,0,0,0,0,0,0,0,0,0,0.0,0.0,0.0,0.0,0,0,0,0,0,0,0,Left,No,USA,341000.0,Rookie
1,2008,C,Russell Martin,25,155,650,553,87,155,25,0,13,69,18,6,90,83,0.28,0.385,0.396,0.781,108,219,16,5,0,2,8,Right,No,USA,2889000.0,Arbitration
2,2008,1B,James Loney,24,161,651,595,66,172,35,6,13,90,7,4,45,85,0.289,0.338,0.434,0.772,103,258,25,3,1,7,6,Left,No,Dominican Republic,2096000.0,Arbitration
3,2008,2B,Jeff Kent,40,121,474,440,42,123,23,1,12,59,0,1,25,52,0.28,0.327,0.418,0.745,96,184,13,7,0,2,1,Right,No,Venezuela,1150000.0,Rookie
4,2008,SS,Ángel Berroa,30,84,256,226,26,52,13,1,1,16,0,0,20,41,0.23,0.304,0.31,0.614,64,70,13,4,6,0,4,Right,No,Puerto Rico,1878000.0,Arbitration
5,2008,3B,Blake DeWitt,22,117,421,368,45,97,13,2,9,52,3,0,45,68,0.264,0.344,0.383,0.728,93,141,6,3,0,5,9,Left,No,Puerto Rico,1110000.0,Rookie
6,2008,LF,Juan Pierre,30,119,406,375,44,106,10,2,1,28,40,12,22,24,0.283,0.327,0.328,0.655,75,123,3,3,5,1,1,Left,No,USA,1346000.0,Rookie
7,2008,CF,Matt Kemp,23,155,657,606,93,176,38,5,18,76,35,11,46,153,0.29,0.34,0.459,0.799,110,278,11,1,1,3,6,Right,No,USA,1236000.0,Rookie
8,2008,RF,Andre Ethier,26,141,596,525,90,160,38,5,20,77,6,3,59,88,0.305,0.375,0.51,0.885,132,268,6,4,1,7,0,Left,No,USA,5078000.0,Arbitration
9,2008,CF,Andruw Jones,31,75,238,209,21,33,8,1,3,14,0,1,27,76,0.158,0.256,0.249,0.505,35,52,5,1,0,1,0,Right,No,USA,894000.0,Rookie
10,2008,3B,Casey Blake,34,58,233,211,25,53,12,1,10,23,1,0,16,52,0.251,0.313,0.46,0.773,102,97,9,4,0,2,5,Right,No,USA,2114000.0,Arbitration
11,2008,LF,Manny Ramirez,36,53,229,187,36,74,14,0,17,53,2,0,35,38,0.396,0.489,0.743,1.232,221,139,5,3,0,4,16,Right,No,Dominican Republic,5547000.0,Arbitration
12,2008,SS,Nomar Garciaparra,34,55,181,163,24,43,9,0,8,28,1,1,15,11,0.264,0.326,0.466,0.792,107,76,12,1,0,2,2,Right,No,USA,2135000.0,Arbitration
13,2008,SS,Rafael Furcal,30,36,164,143,34,51,12,2,5,16,8,3,20,17,0.357,0.439,0.573,1.012,166,82,3,1,0,0,0,Right,Yes,South Korea,8122000.0,Mid
14,2008,UT,Delwyn Young,26,83,143,126,10,31,9,0,1,7,0,0,14,34,0.246,0.321,0.341,0.663,76,43,2,0,3,0,0,Right,Yes,USA,1512000.0,Arbitration
15,2008,SS,Chin-lung Hu,24,65,129,116,16,21,2,2,0,9,2,0,11,23,0.181,0.252,0.233,0.485,30,27,5,0,2,0,4,Right,No,Dominican Republic,654000.0,Rookie
16,2008,UT,Mark Sweeney,38,98,108,92,2,12,3,0,0,5,0,0,15,28,0.13,0.25,0.163,0.413,13,15,0,0,0,1,0,Left,No,USA,347000.0,Rookie
17,2008,MI,Luis Maza,28,45,88,79,7,18,1,0,1,4,0,0,5,11,0.228,0.282,0.278,0.561,50,22,5,1,3,0,0,Right,No,Venezuela,387000.0,Rookie
18,2008,3B,Andy LaRoche,24,27,69,59,6,12,1,0,2,6,0,0,10,7,0.203,0.319,0.322,0.641,71,19,5,0,0,0,0,Right,No,USA,365000.0,Rookie
19,2008,C,Danny Ardoin,33,24,54,51,3,12,1,0,1,4,1,0,2,10,0.235,0.278,0.314,0.592,57,16,2,1,0,0,0,Right,No,Dominican Republic,327000.0,Rookie
20,2008,UT,Pablo Ozuna,33,36,33,32,6,7,0,1,1,3,1,1,1,5,0.219,0.242,0.375,0.617,61,12,1,0,0,0,0,Right,No,USA,375000.0,Rookie
21,2008,C,Gary Bennett,36,10,23,21,1,4,1,0,1,4,0,0,2,0,0.19,0.261,0.381,0.642,68,8,1,0,0,0,0,Right,No,Venezuela,325000.0,Rookie
22,2008,OF,Jason Repko,27,22,20,18,0,3,1,0,0,0,1,0,2,9,0.167,0.25,0.222,0.472,27,4,0,0,0,0,0,Right,No,Mexico,379000.0,Rookie
23,2008,LF,Terry Tiffee,29,6,5,4,0,1,0,0,0,0,0,0,0,0,0.25,0.4,0.25,0.65,78,1,0,1,0,0,0,Right,Yes,USA,310000.0,Rookie
24,2008,C,A.J. Ellis,27,4,3,3,1,0,0,0,0,0,0,0,0,2,0.0,0.0,0.0,0.0,-100,0,0,0,0,0,0,Right,No,Venezuela,363000.0,Rookie
25,2008,P,Derek Lowe,35,32,75,65,4,9,0,0,0,5,0,0,3,20,0.138,0.176,0.138,0.315,-15,9,0,0,7,0,0,Right,No,USA,349000.0,Rookie
26,2008,P,Chad Billingsley,23,35,72,63,1,6,0,0,0,3,0,0,4,36,0.095,0.149,0.095,0.244,-33,6,0,0,5,0,0,Right,No,Dominican Republic,309000.0,Rookie
27,2008,P,Hiroki Kuroda,33,30,65,54,2,8,1,0,0,2,0,0,5,16,0.148,0.22,0.167,0.387,5,9,1,0,6,0,0,Right,No,Japan,322000.0,Rookie
28,2008,P,Clayton Kershaw,20,21,38,29,1,2,0,0,0,0,0,0,0,13,0.069,0.069,0.069,0.138,-63,2,0,0,9,0,0,Left,No,USA,35000000.0,Superstar
29,2008,P,Brad Penny,30,18,32,26,2,5,0,0,0,2,0,0,0,7,0.192,0.192,0.192,0.385,3,5,0,0,6,0,0,Right,No,Japan,342000.0,Rookie
30,2008,P,Eric Stults,28,9,18,15,3,2,0,0,0,2,0,0,2,6,0.133,0.222,0.133,0.356,-2,2,0,0,0,1,0,Left,No,USA,327000.0,Rookie
31,2008,P,Hung-Chih Kuo,26,41,14,12,1,3,1,0,0,0,0,0,0,4,0.25,0.25,0.333,0.583,53,4,0,0,2,0,0,Left,No,USA,354000.0,Rookie
32,2008,P,Greg Maddux,42,7,13,13,0,1,0,0,0,1,0,0,0,1,0.077,0.077,0.077,0.154,-59,1,1,0,0,0,0,Right,No,USA,327000.0,Rookie
33,2008,P,Chan Ho Park,35,53,12,9,0,1,0,0,0,0,0,0,0,5,0.111,0.111,0.111,0.222,-41,1,0,0,3,0,0,Right,No,South Korea,15000000.0,Mid
34,2008,P,Esteban Loaiza,36,7,9,6,1,2,0,0,0,1,0,0,0,1,0.333,0.333,0.333,0.667,78,2,1,0,3,0,0,Right,No,Venezuela,367000.0,Rookie
35,2008,P,Jason Johnson,34,16,8,7,0,0,0,0,0,0,0,0,0,4,0.0,0.0,0.0,0.0,-100,0,1,0,1,0,0,Right,No,South Korea,304000.0,Rookie
36,2008,P,Jonathan Broxton,24,70,3,2,0,0,0,0,0,0,0,0,1,0,0.0,0.333,0.0,0.333,-1,0,1,0,0,0,0,Right,No,USA,381000.0,Rookie
37,2008,P,Takashi Saito,38,43,1,1,0,0,0,0,0,0,0,0,0,1,0.0,0.0,0.0,0.0,-100,0,0,0,0,0,0,Left,No,USA,377000.0,Rookie
38,2008,P,Brian Falkenborg,30,16,1,1,0,0,0,0,0,0,0,0,0,1,0.0,0.0,0.0,0.0,-100,0,0,0,0,0,0,Right,No,USA,360000.0,Rookie
39,2008,P,Cory Wade,25,53,1,0,0,0,0,0,0,0,0,0,1,0,0.0,1.0,0.0,0.0,0,0,0,0,0,0,0,Right,No,USA,353000.0,Rookie
40,2008,P,Scott Elbert,22,10,1,1,0,0,0,0,0,0,0,0,0,0,0.0,0.0,0.0,0.0,-100,0,0,0,0,0,0,Left,No,USA,380000.0,Rookie
41,2008,P,Joe Beimel,31,69,0,0,0,0,0,0,0,0,0,0,0,0,0.0,0.0,0.0,0.0,0,0,0,0,0,0,0,Left,No,USA,317000.0,Rookie
42,2008,P,Tanyon Sturtze,37,3,0,0,0,0,0,0,0,0,0,0,0,0,0.0,0.0,0.0,0.0,0,0,0,0,0,0,0,Right,No,USA,307000.0,Rookie
43,2008,P,Ramon Troncoso,25,32,0,0,0,0,0,0,0,0,0,0,0,0,0.0,0.0,0.0,0.0,0,0,0,0,0,0,0,Right,No,USA,322000.0,Rookie
44,2008,P,Scott Proctor,31,38,0,0,0,0,0,0,0,0,0,0,0,0,0.0,0.0,0.0,0.0,0,0,0,0,0,0,0,Right,No,USA,372000.0,Rookie
45,2008,P,Yhency Brazobán,28,1,0,0,0,0,0,0,0,0,0,0,0,0,0.0,0.0,0.0,0.0,0,0,0,0,0,0,0,Right,No,USA,303000.0,Rookie
46,2008,P,James McDonald,23,4,0,0,0,0,0,0,0,0,0,0,0,0,0.0,0.0,0.0,0.0,0,0,0,0,0,0,0,Left,No,Mexico,352000.0,Rookie
1,2007,C,Russell Martin,24,151,620,540,87,158,32,3,19,87,21,9,67,89,0.293,0.374,0.469,0.843,116,253,16,7,0,6,1,Right,No,USA,4293000.0,Arbitration
2,2007,1B,James Loney,23,96,375,344,41,114,18,4,15,67,0,1,28,48,0.331,0.381,0.538,0.919,134,185,6,1,0,2,5,Left,No,USA,4584000.0,Arbitration
3,2007,2B,Jeff Kent,39,136,562,494,78,149,36,1,20,79,1,3,57,61,0.302,0.375,0.5,0.875,123,247,17,5,0,6,4,Right,No,Puerto Rico,2435000.0,Arbitration
4,2007,SS,Rafael Furcal,29,138,643,581,87,157,23,4,6,47,25,6,55,68,0.27,0.333,0.355,0.687,78,206,11,1,2,3,3,Right,Yes,Cuba,1001000.0,Rookie
5,2007,3B,Nomar Garciaparra,33,121,466,431,39,122,17,0,7,59,3,1,31,41,0.283,0.328,0.371,0.7,80,160,6,0,0,4,5,Right,No,Dominican Republic,3302000.0,Arbitration
6,2007,LF,Luis Gonzalez,39,139,526,464,70,129,23,2,15,68,6,2,56,56,0.278,0.359,0.433,0.793,104,201,11,4,0,2,4,Left,No,Venezuela,1531000.0,Arbitration
7,2007,CF,Juan Pierre,29,162,729,668,96,196,24,8,0,41,64,15,33,37,0.293,0.331,0.353,0.685,77,236,10,6,20,2,0,Left,No,USA,1050000.0,Rookie
8,2007,RF,Andre Ethier,25,153,507,447,50,127,32,2,13,64,0,4,46,68,0.284,0.35,0.452,0.802,105,202,10,4,0,8,12,Left,No,USA,3275000.0,Arbitration
9,2007,RF,Matt Kemp,22,98,311,292,47,100,12,5,10,42,10,5,16,66,0.342,0.373,0.521,0.894,127,152,6,0,0,3,0,Right,No,USA,2870000.0,Arbitration
10,2007,3B,Wilson Betemit,25,84,192,156,22,36,8,0,10,26,0,0,32,49,0.231,0.359,0.474,0.834,113,74,1,1,0,3,0,Right,Yes,Venezuela,4349000.0,Arbitration
11,2007,IF,Tony Abreu,22,59,178,166,19,45,14,1,2,17,0,0,7,21,0.271,0.309,0.404,0.713,82,67,5,3,0,2,1,Right,Yes,USA,1748000.0,Arbitration
12,2007,IF,Ramon Martinez,34,67,147,129,10,25,4,0,0,27,1,0,11,15,0.194,0.248,0.225,0.473,24,29,0,0,2,5,0,Right,No,Dominican Republic,2500000.0,Mid
13,2007,CI,Olmedo Saenz,36,92,132,110,9,21,5,0,4,18,0,0,16,25,0.191,0.295,0.345,0.641,65,38,5,2,0,4,0,Right,No,Dominican Republic,1108000.0,Rookie
14,2007,3B,Andy LaRoche,23,35,115,93,16,21,5,0,1,10,2,1,20,24,0.226,0.365,0.312,0.677,78,29,1,1,0,1,5,Right,No,USA,932000.0,Rookie
15,2007,C,Mike Lieberthal,35,38,82,77,6,18,2,0,0,1,0,0,4,11,0.234,0.28,0.26,0.54,41,20,2,1,0,0,0,Right,No,USA,339000.0,Rookie
16,2007,UT,Wilson Valdez,29,41,80,74,12,16,2,1,0,7,1,0,4,12,0.216,0.263,0.27,0.533,38,20,0,1,0,1,0,Right,No,USA,329000.0,Rookie
17,2007,3B,Shea Hillenbrand,31,20,74,70,6,17,0,2,1,9,0,1,2,12,0.243,0.257,0.343,0.6,53,24,3,0,0,2,1,Right,No,USA,339000.0,Rookie
18,2007,OF,Brady Clark,34,47,66,58,7,13,4,0,0,5,1,2,6,11,0.224,0.308,0.293,0.601,57,17,1,1,1,0,0,Right,No,USA,370000.0,Rookie
19,2007,UT,Delwyn Young,25,19,36,34,4,13,1,1,2,3,1,0,2,5,0.382,0.417,0.647,1.064,169,22,0,0,0,0,0,Right,Yes,USA,354000.0,Rookie
20,2007,1B,Mark Sweeney,37,30,34,33,2,9,1,0,0,3,0,0,1,11,0.273,0.294,0.303,0.597,55,10,0,0,0,0,0,Left,No,USA,380000.0,Rookie
21,2007,SS,Chin-lung Hu,23,12,31,29,5,7,0,1,2,5,0,0,0,8,0.241,0.241,0.517,0.759,88,15,0,0,2,0,0,Right,No,USA,340000.0,Rookie
22,2007,IF,Marlon Anderson,33,23,29,26,3,6,0,0,0,2,1,0,3,5,0.231,0.31,0.231,0.541,43,6,0,0,0,0,0,Left,No,USA,355000.0,Rookie
23,2007,C,Chad Moeller,32,7,9,8,2,1,0,0,0,0,0,0,0,1,0.125,0.222,0.125,0.347,-7,1,1,1,0,0,0,Right,No,USA,357000.0,Rookie
24,2007,P,Brad Penny,29,31,75,65,7,16,6,0,0,7,0,0,1,23,0.246,0.279,0.338,0.618,59,22,0,2,7,0,0,Right,No,Dominican Republic,353000.0,Rookie
25,2007,P,Derek Lowe,34,31,71,59,2,7,0,0,0,1,0,0,5,17,0.119,0.185,0.119,0.303,-19,7,1,0,6,1,0,Right,No,USA,363000.0,Rookie
26,2007,P,Chad Billingsley,22,41,41,36,1,4,1,0,0,2,0,0,1,19,0.111,0.135,0.139,0.274,-29,5,2,0,4,0,0,Right,No,USA,321000.0,Rookie
27,2007,P,Randy Wolf,30,19,37,30,1,5,2,0,0,2,0,0,4,13,0.167,0.265,0.233,0.498,30,7,0,0,3,0,0,Left,No,USA,346000.0,Rookie
28,2007,P,Brett Tomko,34,31,30,24,0,0,0,0,0,1,0,0,1,16,0.0,0.04,0.0,0.04,-88,0,0,0,5,0,0,Right,No,USA,309000.0,Rookie
29,2007,P,Mark Hendrickson,33,35,30,27,1,1,1,0,0,1,0,0,2,10,0.037,0.103,0.074,0.178,-53,2,0,0,1,0,0,Left,No,Venezuela,335000.0,Rookie
30,2007,P,David Wells,44,7,15,15,2,4,1,0,0,1,0,0,0,6,0.267,0.267,0.333,0.6,54,5,0,0,0,0,0,Left,No,USA,344000.0,Rookie
31,2007,P,Eric Stults,27,13,12,12,1,4,2,0,0,0,0,0,0,5,0.333,0.333,0.5,0.833,111,6,0,0,0,0,0,Left,No,Dominican Republic,359000.0,Rookie
32,2007,P,Esteban Loaiza,35,5,9,7,0,1,0,0,0,2,0,0,0,2,0.143,0.143,0.143,0.286,-26,1,1,0,2,0,0,Right,No,Puerto Rico,386000.0,Rookie
33,2007,P,Hung-Chih Kuo,25,5,8,6,1,1,0,0,1,1,0,0,0,3,0.167,0.167,0.667,0.833,101,4,0,0,2,0,0,Left,No,USA,354000.0,Rookie
34,2007,P,Jason Schmidt,34,6,8,7,1,1,0,0,1,1,0,0,0,4,0.143,0.143,0.571,0.714,72,4,0,0,1,0,0,Right,No,Dominican Republic,367000.0,Rookie
35,2007,P,Joe Beimel,30,80,1,1,0,0,0,0,0,0,0,0,0,1,0.0,0.0,0.0,0.0,-100,0,0,0,0,0,0,Left,No,Puerto Rico,346000.0,Rookie
36,2007,P,Rudy Seanez,38,68,1,1,0,0,0,0,0,0,0,0,0,1,0.0,0.0,0.0,0.0,-100,0,0,0,0,0,0,Right,No,USA,357000.0,Rookie
37,2007,P,Jon Meloan,22,5,0,0,0,0,0,0,0,0,0,0,0,0,0.0,0.0,0.0,0.0,0,0,0,0,0,0,0,Right,No,USA,306000.0,Rookie
38,2007,P,Takashi Saito,37,60,0,0,0,0,0,0,0,0,0,0,0,0,0.0,0.0,0.0,0.0,0,0,0,0,0,0,0,Left,No,USA,323000.0,Rookie
39,2007,P,Chin-hui Tsao,26,20,0,0,0,0,0,0,0,0,0,0,0,0,0.0,0.0,0.0,0.0,0,0,0,0,0,0,0,Right,No,Dominican Republic,333000.0,Rookie
40,2007,P,Scott Proctor,30,31,0,0,0,0,0,0,0,0,0,0,0,0,0.0,0.0,0.0,0.0,0,0,0,0,0,0,0,Right,No,USA,343000.0,Rookie
41,2007,P,Yhency Brazobán,27,4,0,0,0,0,0,0,0,0,0,0,0,0,0.0,0.0,0.0,0.0,0,0,0,0,0,0,0,Right,No,USA,304000.0,Rookie
42,2007,P,D.J. Houlton,27,18,0,0,0,0,0,0,0,0,0,0,0,0,0.0,0.0,0.0,0.0,0,0,0,0,0,0,0,Right,No,Dominican Republic,313000.0,Rookie
43,2007,P,Eric Hull,27,5,0,0,0,0,0,0,0,0,0,0,0,0,0.0,0.0,0.0,0.0,0,0,0,0,0,0,0,Right,No,USA,325000.0,Rookie
44,2007,P,Roberto Hernández,42,22,0,0,0,0,0,0,0,0,0,0,0,0,0.0,0.0,0.0,0.0,0,0,0,0,0,0,0,Right,No,USA,387000.0,Rookie
45,2007,P,Jonathan Broxton,23,81,0,0,0,0,0,0,0,0,0,0,0,0,0.0,0.0,0.0,0.0,0,0,0,0,0,0,0,Right,No,Cuba,330000.0,Rookie
1,2006,C,Russell Martin,23,121,468,415,65,117,26,4,10,65,10,5,45,57,0.282,0.355,0.436,0.792,101,181,17,4,1,3,8,Right,No,Dominican Republic,1724000.0,Arbitration
2,2006,1B,Nomar Garciaparra,32,122,523,469,82,142,31,2,20,93,3,0,42,30,0.303,0.367,0.505,0.872,120,237,15,8,0,4,9,Right,No,Puerto Rico,4371000.0,Arbitration
3,2006,2B,Jeff Kent,38,115,473,407,61,119,27,3,14,68,1,2,55,69,0.292,0.385,0.477,0.861,119,194,9,8,0,3,8,Right,No,USA,2934000.0,Arbitration
4,2006,SS,Rafael Furcal,28,159,736,654,113,196,32,9,15,63,37,13,73,98,0.3,0.369,0.445,0.814,107,291,7,1,5,3,3,Right,Yes,USA,4574000.0,Arbitration
5,2006,3B,Wilson Betemit,24,55,193,174,19,42,7,0,9,24,1,0,17,45,0.241,0.306,0.437,0.742,87,76,7,0,0,2,3,Right,Yes,Dominican Republic,1643000.0,Arbitration
6,2006,LF,Andre Ethier,24,126,441,396,50,122,20,7,11,55,5,5,34,77,0.308,0.365,0.477,0.842,113,189,11,5,0,6,2,Left,No,USA,3527000.0,Arbitration
7,2006,CF,Kenny Lofton,39,129,522,469,79,141,15,12,3,41,32,5,45,42,0.301,0.36,0.403,0.763,95,189,16,0,6,2,1,Left,No,USA,1009000.0,Rookie
8,2006,RF,J.D. Drew,30,146,594,494,84,140,34,6,20,100,2,3,89,106,0.283,0.393,0.498,0.891,126,246,4,4,1,6,8,Left,No,USA,3918000.0,Arbitration
9,2006,OF,José Cruz,32,86,273,223,34,52,16,1,5,17,5,1,43,54,0.233,0.353,0.381,0.734,88,85,3,0,4,3,2,Right,Yes,Puerto Rico,2338000.0,Arbitration
10,2006,CI,Olmedo Saenz,35,103,204,179,30,53,15,0,11,48,0,0,14,47,0.296,0.363,0.564,0.927,132,101,4,7,0,4,1,Right,No,Cuba,4916000.0,Arbitration
11,2006,2B,Ramon Martinez,33,82,194,176,20,49,7,1,2,24,0,0,15,20,0.278,0.339,0.364,0.702,80,64,9,1,2,0,1,Right,No,Dominican Republic,2500000.0,Mid
12,2006,CF,Matt Kemp,21,52,166,154,30,39,7,1,7,23,6,0,9,53,0.253,0.289,0.448,0.737,85,69,1,0,0,3,1,Right,No,USA,1059000.0,Rookie
13,2006,IF,Julio Lugo,30,49,164,146,16,32,5,1,0,10,6,5,12,29,0.219,0.278,0.267,0.545,41,39,2,1,2,3,0,Right,No,USA,829000.0,Rookie
14,2006,3B,Willy Aybar,23,43,151,128,15,32,12,0,3,22,1,0,18,17,0.25,0.356,0.414,0.77,97,53,5,3,2,0,0,Right,Yes,USA,1824000.0,Arbitration
15,2006,CF,Jason Repko,25,69,150,130,21,33,5,1,3,16,10,4,15,24,0.254,0.345,0.377,0.722,85,49,2,3,2,0,1,Right,No,Cuba,2342000.0,Arbitration
16,2006,3B,César Izturis,26,32,129,119,10,30,7,1,1,12,1,3,7,6,0.252,0.302,0.353,0.655,67,42,1,2,0,1,3,Right,Yes,Dominican Republic,1119000.0,Rookie
17,2006,3B,Bill Mueller,35,32,126,107,12,27,7,0,3,15,1,1,17,9,0.252,0.357,0.402,0.759,94,43,1,1,0,1,3,Right,Yes,Dominican Republic,2932000.0,Arbitration
18,2006,1B,James Loney,22,48,111,102,20,29,6,5,4,18,1,0,8,10,0.284,0.342,0.559,0.901,125,57,8,1,0,0,1,Left,No,USA,3320000.0,Arbitration
19,2006,C,Dioner Navarro,22,25,86,75,5,21,2,0,2,8,1,0,11,18,0.28,0.372,0.387,0.759,95,29,1,0,0,0,4,Right,Yes,USA,308000.0,Rookie
20,2006,LF,Marlon Anderson,32,25,73,64,12,24,3,2,7,15,2,2,7,8,0.375,0.431,0.813,1.243,208,52,3,0,1,1,0,Left,No,USA,356000.0,Rookie
21,2006,C,Sandy Alomar,40,27,62,62,3,20,5,0,0,9,0,0,0,7,0.323,0.323,0.403,0.726,84,25,3,0,0,0,0,Right,No,Venezuela,310000.0,Rookie
22,2006,C,Toby Hall,30,21,60,57,2,21,4,0,0,8,0,0,2,5,0.368,0.383,0.439,0.822,110,25,2,0,0,1,2,Right,No,Cuba,331000.0,Rookie
23,2006,OF,Ricky Ledée,32,43,55,53,4,13,5,0,1,8,1,0,2,10,0.245,0.273,0.396,0.669,68,21,3,0,0,0,0,Left,No,Dominican Republic,346000.0,Rookie
24,2006,IF,Oscar Robles,30,29,39,33,6,5,0,1,0,0,0,0,5,5,0.152,0.263,0.212,0.475,24,7,0,0,1,0,0,Left,No,Dominican Republic,379000.0,Rookie
25,2006,3B,Joel Guzmán,21,8,23,19,2,4,0,0,0,3,0,0,3,2,0.211,0.348,0.211,0.558,48,4,3,1,0,0,0,Right,No,USA,344000.0,Rookie
26,2006,RF,Cody Ross,25,8,14,14,4,7,1,1,2,9,1,0,0,2,0.5,0.5,1.143,1.643,303,16,0,0,0,0,0,Right,No,USA,363000.0,Rookie
27,2006,OF,Delwyn Young,24,8,5,5,0,0,0,0,0,0,0,0,0,1,0.0,0.0,0.0,0.0,-100,0,0,0,0,0,0,Right,Yes,USA,389000.0,Rookie
28,2006,C,Einar Díaz,33,3,3,3,0,2,0,0,0,0,0,0,0,0,0.667,0.667,0.667,1.333,244,2,0,0,0,0,0,Right,No,USA,312000.0,Rookie
29,2006,P,Derek Lowe,33,33,79,64,5,6,2,0,0,3,0,0,4,19,0.094,0.145,0.125,0.27,-30,8,1,0,10,1,0,Right,No,USA,325000.0,Rookie
30,2006,P,Brad Penny,28,33,70,65,3,12,3,0,0,5,0,0,0,16,0.185,0.185,0.231,0.415,6,15,0,0,5,0,0,Right,No,USA,336000.0,Rookie
31,2006,P,Aaron Sele,36,26,33,26,2,5,1,0,0,0,0,0,1,7,0.192,0.222,0.231,0.453,16,6,1,0,6,0,0,Right,No,USA,338000.0,Rookie
32,2006,P,Brett Tomko,33,44,31,25,2,3,0,0,0,0,0,0,1,13,0.12,0.154,0.12,0.274,-28,3,0,0,5,0,0,Right,No,USA,337000.0,Rookie
33,2006,P,Greg Maddux,40,12,29,25,1,5,1,0,0,3,1,0,0,5,0.2,0.192,0.24,0.432,10,6,0,0,3,1,0,Right,No,USA,382000.0,Rookie
34,2006,P,Chad Billingsley,21,16,28,24,2,2,0,0,0,2,0,0,2,15,0.083,0.185,0.083,0.269,-27,2,0,1,1,0,0,Right,No,USA,364000.0,Rookie
35,2006,P,Mark Hendrickson,32,17,23,19,1,0,0,0,0,0,0,0,2,14,0.0,0.095,0.0,0.095,-72,0,0,0,2,0,0,Left,No,Dominican Republic,355000.0,Rookie
36,2006,P,Jae Weong Seo,29,17,20,18,0,2,0,0,0,0,0,0,1,6,0.111,0.158,0.111,0.269,-29,2,1,0,1,0,0,Right,No,USA,328000.0,Rookie
37,2006,P,Odalis Perez,28,19,17,15,3,1,0,0,0,0,0,0,1,1,0.067,0.125,0.067,0.192,-49,1,0,0,1,0,0,Left,No,Cuba,374000.0,Rookie
38,2006,P,Hung-Chih Kuo,24,25,11,8,1,1,1,0,0,0,0,0,0,6,0.125,0.125,0.25,0.375,-7,2,0,0,3,0,0,Left,No,USA,386000.0,Rookie
39,2006,P,Eric Stults,26,6,6,5,1,3,0,0,0,0,0,0,0,1,0.6,0.6,0.6,1.2,209,3,0,0,1,0,0,Left,No,Venezuela,374000.0,Rookie
40,2006,P,Jonathan Broxton,22,65,4,2,0,0,0,0,0,0,0,0,1,2,0.0,0.333,0.0,0.333,-3,0,0,0,1,0,0,Right,No,Venezuela,300000.0,Rookie
41,2006,P,Franquelis Osoria,24,12,2,2,0,0,0,0,0,0,0,0,0,2,0.0,0.0,0.0,0.0,-100,0,0,0,0,0,0,Right,No,Dominican Republic,357000.0,Rookie
42,2006,P,Joe Beimel,29,59,1,1,0,0,0,0,0,0,0,0,0,1,0.0,0.0,0.0,0.0,-100,0,0,0,0,0,0,Left,No,USA,305000.0,Rookie
43,2006,P,Tim Hamulack,29,33,1,1,0,0,0,0,0,0,0,0,0,0,0.0,0.0,0.0,0.0,-100,0,0,0,0,0,0,Right,No,Japan,323000.0,Rookie
44,2006,P,Elmer Dessens,35,19,1,1,0,0,0,0,0,0,0,0,0,0,0.0,0.0,0.0,0.0,-100,0,0,0,0,0,0,Right,No,USA,305000.0,Rookie
45,2006,P,Éric Gagné,30,2,0,0,0,0,0,0,0,0,0,0,0,0,0.0,0.0,0.0,0.0,0,0,0,0,0,0,0,Right,No,USA,354000.0,Rookie
46,2006,P,Takashi Saito,36,69,0,0,0,0,0,0,0,0,0,0,0,0,0.0,0.0,0.0,0.0,0,0,0,0,0,0,0,Left,No,USA,362000.0,Rookie
47,2006,P,Danys Báez,28,42,0,0,0,0,0,0,0,0,0,0,0,0,0.0,0.0,0.0,0.0,0,0,0,0,0,0,0,Right,No,USA,310000.0,Rookie
48,2006,P,Giovanni Carrara,38,25,0,0,0,0,0,0,0,0,0,0,0,0,0.0,0.0,0.0,0.0,0,0,0,0,0,0,0,Right,No,USA,335000.0,Rookie
49,2006,P,Lance Carter,31,10,0,0,0,0,0,0,0,0,0,0,0,0,0.0,0.0,0.0,0.0,0,0,0,0,0,0,0,Right,No,USA,341000.0,Rookie
50,2006,P,Yhency Brazobán,26,5,0,0,0,0,0,0,0,0,0,0,0,0,0.0,0.0,0.0,0.0,0,0,0,0,0,0,0,Right,No,USA,333000.0,Rookie
1,2005,C,Jason Phillips,28,121,434,399,38,95,20,0,10,55,0,1,25,50,0.238,0.287,0.363,0.65,71,145,16,4,2,4,4,Right,No,USA,1056000.0,Rookie
2,2005,1B,Hee-Seop Choi,26,133,368,320,40,81,15,2,15,42,1,3,34,80,0.253,0.336,0.453,0.789,107,145,10,8,2,4,1,Left,No,USA,2467000.0,Arbitration
3,2005,2B,Jeff Kent,37,149,637,553,100,160,36,0,29,105,6,2,72,85,0.289,0.377,0.512,0.889,133,283,19,8,0,4,8,Right,No,USA,3542000.0,Arbitration
4,2005,SS,César Izturis,25,106,478,444,48,114,19,2,2,31,8,8,25,51,0.257,0.302,0.322,0.624,66,143,11,4,4,1,1,Right,Yes,USA,851000.0,Rookie
5,2005,3B,Mike Edwards,28,88,258,239,23,59,9,2,3,15,1,1,16,34,0.247,0.3,0.339,0.639,69,81,6,2,1,0,0,Right,No,USA,1017000.0,Rookie
6,2005,LF,Ricky Ledée,31,102,266,237,31,66,16,1,7,39,0,0,20,55,0.278,0.335,0.443,0.778,104,105,5,3,0,6,1,Left,No,USA,2610000.0,Arbitration
7,2005,CF,Milton Bradley,27,75,316,283,49,82,14,1,13,38,6,1,25,47,0.29,0.35,0.484,0.835,118,137,6,2,4,1,1,Right,Yes,Puerto Rico,6160000.0,Arbitration
8,2005,RF,J.D. Drew,29,72,311,252,48,72,12,1,15,36,1,1,51,50,0.286,0.412,0.52,0.931,145,131,3,5,0,3,3,Left,No,USA,7637000.0,Arbitration
9,2005,IF,Oscar Robles,29,110,399,364,44,99,18,1,5,34,0,8,31,33,0.272,0.332,0.368,0.7,86,134,8,2,1,1,0,Left,No,Dominican Republic,3257000.0,Arbitration
10,2005,OF,Jayson Werth,26,102,395,337,46,79,22,2,7,43,11,2,48,114,0.234,0.338,0.374,0.711,89,126,10,6,1,3,2,Right,No,USA,2366000.0,Arbitration
11,2005,1B,Olmedo Saenz,34,109,352,319,39,84,24,0,15,63,0,1,27,63,0.263,0.325,0.48,0.804,110,153,12,3,0,2,1,Right,No,Dominican Republic,4521000.0,Arbitration
12,2005,OF,Jason Repko,24,129,301,276,43,61,15,3,8,30,5,0,16,80,0.221,0.281,0.384,0.665,74,106,7,7,2,0,1,Right,No,Mexico,733000.0,Rookie
13,2005,IF,Antonio Perez,25,98,287,259,28,77,13,2,3,23,11,4,21,61,0.297,0.36,0.398,0.758,101,103,4,5,1,1,1,Right,No,Cuba,2534000.0,Arbitration
14,2005,C,Dioner Navarro,21,50,199,176,21,48,9,0,3,14,0,0,20,21,0.273,0.354,0.375,0.729,94,66,3,2,1,0,1,Right,Yes,USA,1442000.0,Rookie
15,2005,UT,Jose Valentin,35,56,184,147,17,25,4,2,2,14,3,1,31,38,0.17,0.326,0.265,0.591,60,39,2,4,0,2,2,Right,Yes,Dominican Republic,622000.0,Rookie
16,2005,RF,José Cruz,31,47,179,156,23,47,14,2,6,22,0,1,23,43,0.301,0.391,0.532,0.923,142,83,4,0,0,0,1,Right,Yes,Puerto Rico,8047000.0,Mid
17,2005,LF,Jason Grabowski,29,65,124,112,14,18,0,0,4,12,1,0,10,29,0.161,0.228,0.268,0.495,31,30,4,0,0,1,1,Left,No,Venezuela,785000.0,Rookie
18,2005,3B,Willy Aybar,22,26,105,86,12,28,8,0,1,10,3,1,18,11,0.326,0.448,0.453,0.901,140,39,0,1,0,0,0,Right,Yes,USA,3074000.0,Arbitration
19,2005,C,Paul Bako,33,13,47,40,1,10,2,0,0,4,0,0,7,12,0.25,0.362,0.3,0.662,78,12,0,0,0,0,1,Left,No,USA,381000.0,Rookie
20,2005,C,Mike Rose,28,15,46,43,2,9,2,0,1,1,0,0,3,6,0.209,0.261,0.326,0.586,54,14,3,0,0,0,0,Right,Yes,USA,306000.0,Rookie
21,2005,IF,Norihiro Nakamura,31,17,41,39,1,5,2,0,0,3,0,0,2,7,0.128,0.171,0.179,0.35,-7,7,3,0,0,0,0,Right,No,Cuba,348000.0,Rookie
22,2005,RF,Cody Ross,24,14,26,25,1,4,1,0,0,1,0,0,1,10,0.16,0.192,0.2,0.392,4,5,1,0,0,0,0,Right,No,USA,313000.0,Rookie
23,2005,1B,Brian Myrow,28,19,25,20,2,4,1,0,0,0,0,0,5,8,0.2,0.36,0.25,0.61,66,5,0,0,0,0,0,Left,No,Puerto Rico,301000.0,Rookie
24,2005,LF,Chin-Feng Chen,27,7,8,8,1,2,0,0,0,2,0,0,0,4,0.25,0.25,0.25,0.5,33,2,0,0,0,0,0,Right,No,USA,338000.0,Rookie
25,2005,P,Jeff Weaver,28,36,78,70,6,16,2,0,0,7,0,0,2,19,0.229,0.25,0.257,0.507,35,18,0,0,6,0,0,Right,No,USA,327000.0,Rookie
26,2005,P,Derek Lowe,32,33,76,65,3,10,2,0,0,4,1,0,2,17,0.154,0.179,0.185,0.364,-3,12,2,0,9,0,0,Right,No,USA,344000.0,Rookie
27,2005,P,Brad Penny,27,27,61,50,1,8,3,0,0,3,0,0,1,17,0.16,0.192,0.22,0.412,9,11,0,1,9,0,0,Right,No,USA,352000.0,Rookie
28,2005,P,Odalis Perez,27,19,42,33,2,4,0,0,0,0,0,0,1,10,0.121,0.147,0.121,0.268,-28,4,0,0,8,0,0,Left,No,Cuba,304000.0,Rookie
29,2005,P,D.J. Houlton,25,34,35,30,1,3,1,0,0,1,0,0,3,18,0.1,0.182,0.133,0.315,-14,4,0,0,2,0,0,Right,No,USA,311000.0,Rookie
30,2005,P,Scott Erickson,37,17,14,13,0,2,0,0,0,0,0,0,0,5,0.154,0.154,0.154,0.308,-18,2,0,0,1,0,0,Right,No,Cuba,350000.0,Rookie
31,2005,P,Edwin Jackson,21,10,11,10,0,2,0,0,0,1,0,0,1,2,0.2,0.273,0.2,0.473,28,2,0,0,0,0,0,Right,No,USA,331000.0,Rookie
32,2005,P,Elmer Dessens,34,27,10,10,0,0,0,0,0,0,0,0,0,6,0.0,0.0,0.0,0.0,-100,0,0,0,0,0,0,Right,No,South Korea,366000.0,Rookie
33,2005,P,Derek Thompson,24,4,5,4,0,0,0,0,0,0,0,0,0,2,0.0,0.0,0.0,0.0,-100,0,0,0,1,0,0,Left,No,Dominican Republic,359000.0,Rookie
34,2005,P,Duaner Sanchez,25,75,4,4,0,0,0,0,0,0,0,0,0,0,0.0,0.0,0.0,0.0,-100,0,0,0,0,0,0,Right,No,Puerto Rico,376000.0,Rookie
35,2005,P,Wilson Álvarez,35,21,3,2,0,0,0,0,0,0,0,0,0,1,0.0,0.0,0.0,0.0,-100,0,0,0,1,0,0,Left,No,USA,362000.0,Rookie
36,2005,P,Franquelis Osoria,23,22,3,3,0,0,0,0,0,0,0,0,0,2,0.0,0.0,0.0,0.0,-100,0,0,0,0,0,0,Right,No,Dominican Republic,339000.0,Rookie
37,2005,P,Giovanni Carrara,37,69,2,1,0,0,0,0,0,0,0,0,0,1,0.0,0.0,0.0,0.0,-100,0,0,0,1,0,0,Right,No,USA,361000.0,Rookie
38,2005,P,Yhency Brazobán,25,73,2,2,0,0,0,0,0,0,0,0,0,1,0.0,0.0,0.0,0.0,-100,0,0,0,0,0,0,Right,No,Dominican Republic,325000.0,Rookie
39,2005,P,Kelly Wunsch,32,44,1,1,0,0,0,0,0,0,0,0,0,1,0.0,0.0,0.0,0.0,-100,0,0,0,0,0,0,Left,No,USA,328000.0,Rookie
40,2005,P,Steve Schmoll,25,48,1,1,0,0,0,0,0,0,0,0,0,0,0.0,0.0,0.0,0.0,-100,0,0,0,0,0,0,Right,No,Venezuela,371000.0,Rookie
41,2005,P,Éric Gagné,29,14,0,0,0,0,0,0,0,0,0,0,0,0,0.0,0.0,0.0,0.0,0,0,0,0,0,0,0,Right,No,Venezuela,340000.0,Rookie
42,2005,P,Hung-Chih Kuo,23,9,0,0,0,0,0,0,0,0,0,0,0,0,0.0,0.0,0.0,0.0,0,0,0,0,0,0,0,Left,No,Cuba,372000.0,Rookie
43,2005,P,Buddy Carlyle,27,10,0,0,0,0,0,0,0,0,0,0,0,0,0.0,0.0,0.0,0.0,0,0,0,0,0,0,0,Left,No,USA,374000.0,Rookie
44,2005,P,Jonathan Broxton,21,14,0,0,0,0,0,0,0,0,0,0,0,0,0.0,0.0,0.0,0.0,0,0,0,0,0,0,0,Right,No,USA,377000.0,Rookie
1,2004,C,Paul Lo Duca,32,91,381,349,41,105,18,1,10,49,2,4,22,27,0.301,0.351,0.444,0.795,109,155,15,6,2,2,0,Right,No,USA,3733000.0,Arbitration
2,2004,1B,Shawn Green,31,157,671,590,92,157,28,1,28,86,5,2,71,114,0.266,0.352,0.459,0.811,113,271,17,8,0,2,6,Left,No,USA,4934000.0,Arbitration
3,2004,2B,Alex Cora,28,138,484,405,47,107,9,4,10,47,3,4,47,41,0.264,0.364,0.38,0.745,98,154,9,18,12,2,10,Left,No,USA,2538000.0,Arbitration
4,2004,SS,César Izturis,24,159,728,670,90,193,32,9,4,62,25,9,43,70,0.288,0.33,0.381,0.71,88,255,6,0,12,3,2,Right,Yes,USA,2143000.0,Arbitration
5,2004,3B,Adrián Beltré,25,156,657,598,104,200,32,0,48,121,7,2,53,87,0.334,0.388,0.629,1.017,163,376,15,2,0,4,9,Right,No,Dominican Republic,5544000.0,Arbitration
6,2004,LF,Jayson Werth,25,89,326,290,56,76,11,3,16,47,4,1,30,85,0.262,0.338,0.486,0.825,115,141,1,4,1,1,0,Right,No,USA,4222000.0,Arbitration
7,2004,CF,Milton Bradley,26,141,597,516,72,138,24,0,19,67,15,11,71,123,0.267,0.362,0.424,0.786,108,219,12,6,3,1,3,Right,Yes,Venezuela,2977000.0,Arbitration
8,2004,RF,Juan Encarnación,28,86,350,324,42,76,18,1,13,43,3,3,21,53,0.235,0.289,0.417,0.705,84,135,9,4,0,1,0,Right,No,Dominican Republic,3277000.0,Arbitration
9,2004,LF,Dave Roberts,32,68,270,233,45,59,4,7,2,21,33,1,28,31,0.253,0.34,0.356,0.696,85,83,2,4,2,3,0,Left,No,USA,1300000.0,Rookie
10,2004,CF,Steve Finley,39,58,250,224,31,59,12,0,13,46,1,3,21,30,0.263,0.324,0.491,0.815,112,110,5,0,3,2,0,Left,No,USA,2060000.0,Arbitration
11,2004,2B,José Hernández,34,95,238,211,32,61,12,1,13,29,3,1,26,61,0.289,0.37,0.54,0.91,137,114,3,1,0,0,6,Right,No,Dominican Republic,6063000.0,Arbitration
12,2004,LF,Jason Grabowski,28,113,192,173,18,38,7,0,7,20,0,0,19,50,0.22,0.297,0.382,0.678,78,66,4,0,0,0,0,Left,No,USA,1077000.0,Rookie
13,2004,C,David Ross,27,70,190,165,13,28,3,1,5,15,0,0,15,62,0.17,0.253,0.291,0.544,44,48,3,5,0,5,1,Right,No,USA,878000.0,Rookie
14,2004,1B,Robin Ventura,36,102,175,152,19,37,3,0,5,28,0,0,22,31,0.243,0.337,0.362,0.699,86,55,3,0,0,1,1,Left,No,USA,961000.0,Rookie
15,2004,1B,Olmedo Saenz,33,77,128,111,17,31,1,0,8,22,0,0,12,33,0.279,0.352,0.505,0.856,123,56,4,2,0,3,1,Right,No,USA,3953000.0,Arbitration
16,2004,C,Brent Mayne,36,47,113,96,5,18,0,0,0,5,0,0,14,24,0.188,0.286,0.188,0.473,29,18,2,0,1,2,4,Left,No,USA,364000.0,Rookie
17,2004,1B,Hee-Seop Choi,25,31,76,62,5,10,5,0,0,6,0,0,11,18,0.161,0.289,0.242,0.531,43,15,2,1,0,2,2,Left,No,Dominican Republic,358000.0,Rookie
18,2004,2B,Joe Thurston,24,17,18,17,1,3,1,1,0,1,0,0,0,5,0.176,0.167,0.353,0.52,32,6,0,0,0,1,0,Left,No,USA,357000.0,Rookie
19,2004,MI,Antonio Perez,24,13,14,13,5,3,1,0,0,0,1,0,0,5,0.231,0.286,0.308,0.593,57,4,0,1,0,0,0,Right,No,Cuba,331000.0,Rookie
20,2004,LF,Chin-Feng Chen,26,8,10,8,1,0,0,0,0,0,0,0,2,3,0.0,0.2,0.0,0.2,-40,0,1,0,0,0,0,Right,No,Mexico,306000.0,Rookie
21,2004,C,Tom Wilson,33,9,8,8,1,1,0,0,0,0,0,0,0,3,0.125,0.125,0.125,0.25,-33,1,0,0,0,0,0,Right,No,USA,337000.0,Rookie
22,2004,IF,Jose Flores,31,9,5,4,0,1,0,0,0,0,0,0,1,2,0.25,0.4,0.25,0.65,78,1,0,0,0,0,0,Right,No,Puerto Rico,328000.0,Rookie
23,2004,P,Jeff Weaver,27,33,78,70,3,15,2,1,0,2,0,0,1,26,0.214,0.225,0.271,0.497,31,19,0,0,7,0,0,Right,No,USA,361000.0,Rookie
24,2004,P,Odalis Perez,26,30,70,62,5,7,2,0,0,2,0,0,2,17,0.113,0.141,0.145,0.286,-24,9,2,0,6,0,0,Left,No,Cuba,355000.0,Rookie
25,2004,P,Kazuhisa Ishii,30,29,62,55,7,7,0,0,1,6,0,0,1,24,0.127,0.143,0.182,0.325,-15,10,1,0,6,0,0,Left,No,Japan,333000.0,Rookie
26,2004,P,José Lima,31,37,57,48,1,9,0,0,0,2,0,0,1,19,0.188,0.204,0.188,0.392,5,9,2,0,8,0,0,Right,No,Venezuela,320000.0,Rookie
27,2004,P,Wilson Álvarez,34,39,34,31,4,5,0,0,0,0,0,0,1,14,0.161,0.188,0.161,0.349,-6,5,2,0,2,0,0,Left,No,USA,389000.0,Rookie
28,2004,P,Hideo Nomo,35,16,27,26,2,3,0,0,1,1,0,0,0,17,0.115,0.115,0.231,0.346,-11,6,0,0,1,0,0,Right,No,Japan,4000000.0,Mid
29,2004,P,Edwin Jackson,20,7,6,4,0,1,0,0,0,1,0,0,0,1,0.25,0.25,0.25,0.5,33,1,0,0,2,0,0,Right,No,Dominican Republic,362000.0,Rookie
30,2004,P,Guillermo Mota,30,49,6,6,0,0,0,0,0,0,0,0,0,5,0.0,0.0,0.0,0.0,-100,0,0,0,0,0,0,Right,No,Dominican Republic,313000.0,Rookie
31,2004,P,Duaner Sanchez,24,63,5,4,1,1,1,0,0,2,0,0,0,1,0.25,0.25,0.5,0.75,92,2,1,0,1,0,0,Right,No,Puerto Rico,344000.0,Rookie
32,2004,P,Brad Penny,26,3,4,4,0,0,0,0,0,0,0,0,0,2,0.0,0.0,0.0,0.0,-100,0,0,0,0,0,0,Right,No,Puerto Rico,302000.0,Rookie
33,2004,P,Elmer Dessens,33,12,4,4,0,1,0,0,0,0,0,0,0,0,0.25,0.25,0.25,0.5,33,1,0,0,0,0,0,Right,No,Puerto Rico,345000.0,Rookie
34,2004,P,Éric Gagné,28,67,3,3,0,0,0,0,0,0,0,0,0,3,0.0,0.0,0.0,0.0,-100,0,0,0,0,0,0,Right,No,USA,387000.0,Rookie
35,2004,P,Brian Falkenborg,26,6,3,2,1,0,0,0,0,0,0,0,1,2,0.0,0.333,0.0,0.333,0,0,0,0,0,0,0,Right,No,USA,335000.0,Rookie
36,2004,P,Giovanni Carrara,36,41,2,2,0,0,0,0,0,0,0,0,0,1,0.0,0.0,0.0,0.0,-100,0,0,0,0,0,0,Right,No,USA,304000.0,Rookie
37,2004,P,Yhency Brazobán,24,31,1,1,0,0,0,0,0,0,0,0,0,1,0.0,0.0,0.0,0.0,-100,0,0,0,0,0,0,Right,No,Venezuela,303000.0,Rookie
38,2004,P,Darren Dreifort,32,55,1,1,0,0,0,0,0,0,0,0,0,1,0.0,0.0,0.0,0.0,-100,0,0,0,0,0,0,Right,No,USA,335000.0,Rookie
39,2004,P,Tom Martin,34,44,0,0,0,0,0,0,0,0,0,0,0,0,0.0,0.0,0.0,0.0,0,0,0,0,0,0,0,Left,No,Panama,314000.0,Rookie
40,2004,P,Rodney Myers,35,1,0,0,0,0,0,0,0,0,0,0,0,0,0.0,0.0,0.0,0.0,0,0,0,0,0,0,0,Right,No,Japan,302000.0,Rookie
41,2004,P,Mike Venafro,30,17,0,0,0,0,0,0,0,0,0,0,0,0,0.0,0.0,0.0,0.0,0,0,0,0,0,0,0,Left,No,USA,368000.0,Rookie
42,2004,P,Masao Kida,35,3,0,0,0,0,0,0,0,0,0,0,0,0,0.0,0.0,0.0,0.0,0,0,0,0,0,0,0,Right,No,USA,341000.0,Rookie
43,2004,P,Scott Stewart,28,11,0,0,0,0,0,0,0,0,0,0,0,0,0.0,0.0,0.0,0.0,0,0,0,0,0,0,0,Right,No,USA,326000.0,Rookie
1,2003,C,Paul Lo Duca,31,147,630,568,64,155,34,2,7,52,0,2,44,54,0.273,0.335,0.377,0.712,91,214,21,10,7,1,6,Right,No,USA,3700000.0,Arbitration
2,2003,1B,Fred McGriff,39,86,329,297,32,74,14,0,13,40,0,0,31,66,0.249,0.322,0.428,0.75,99,127,7,1,0,0,4,Left,No,USA,1106000.0,Rookie
3,2003,2B,Alex Cora,27,148,514,477,39,119,24,3,4,34,4,2,16,59,0.249,0.287,0.338,0.625,67,161,5,10,9,2,3,Left,No,Cuba,1858000.0,Arbitration
4,2003,SS,César Izturis,23,158,593,558,47,140,21,6,1,40,10,5,25,70,0.251,0.282,0.315,0.597,60,176,8,0,7,3,8,Right,Yes,Venezuela,442000.0,Rookie
5,2003,3B,Adrián Beltré,24,158,608,559,50,134,30,2,23,80,2,2,37,103,0.24,0.29,0.424,0.714,88,237,13,5,1,6,4,Right,No,Dominican Republic,2551000.0,Arbitration
6,2003,LF,Jeromy Burnitz,34,61,246,230,25,47,4,0,13,32,4,0,14,57,0.204,0.252,0.391,0.643,69,90,1,1,0,1,3,Left,No,Dominican Republic,1324000.0,Rookie
7,2003,CF,Dave Roberts,31,107,440,388,56,97,6,5,2,16,40,14,43,39,0.25,0.331,0.307,0.638,73,119,0,4,5,0,1,Left,No,Mexico,1734000.0,Arbitration
8,2003,RF,Shawn Green,30,160,691,611,84,171,49,2,19,85,6,2,68,112,0.28,0.355,0.46,0.814,116,281,18,6,0,6,2,Left,No,USA,6262000.0,Arbitration
9,2003,UT,Jolbert Cabrera,30,128,380,347,43,98,32,2,6,37,6,4,17,62,0.282,0.332,0.438,0.77,104,152,10,10,3,3,3,Right,No,USA,2477000.0,Arbitration
10,2003,LF,Brian Jordan,36,66,253,224,28,67,9,0,6,28,1,1,23,30,0.299,0.372,0.42,0.791,112,94,3,4,0,2,3,Right,No,USA,2695000.0,Arbitration
11,2003,LF,Mike Kinkade,30,88,191,162,25,35,7,0,5,14,1,3,13,38,0.216,0.335,0.352,0.687,85,57,8,16,0,0,2,Right,No,USA,1314000.0,Rookie
12,2003,C,David Ross,26,40,140,124,19,32,7,0,10,18,0,0,13,42,0.258,0.336,0.556,0.892,134,69,4,2,0,1,0,Right,No,USA,4322000.0,Arbitration
13,2003,CI,Ron Coomer,36,69,137,125,11,30,4,0,4,15,0,0,10,19,0.24,0.299,0.368,0.667,78,46,7,1,0,1,2,Right,No,USA,957000.0,Rookie
14,2003,1B,Robin Ventura,35,49,127,109,11,24,5,1,5,13,0,0,18,25,0.22,0.331,0.422,0.753,100,46,3,0,0,0,2,Left,No,USA,2339000.0,Arbitration
15,2003,UT,Daryle Ward,28,52,114,109,6,20,1,0,0,9,0,0,3,19,0.183,0.211,0.193,0.403,9,21,4,1,0,1,0,Left,No,Dominican Republic,466000.0,Rookie
16,2003,LF,Rickey Henderson,44,30,84,72,7,15,1,0,2,5,3,0,11,16,0.208,0.321,0.306,0.627,70,22,0,1,0,0,0,Right,No,Dominican Republic,350000.0,Rookie
17,2003,CF,Wilkin Ruan,24,21,41,41,2,9,2,1,0,2,1,0,0,7,0.22,0.22,0.317,0.537,42,13,0,0,0,0,0,Right,No,Venezuela,349000.0,Rookie
18,2003,C,Todd Hundley,34,21,41,33,2,6,1,0,2,11,0,1,8,13,0.182,0.341,0.394,0.735,97,13,0,0,0,0,0,Right,Yes,USA,369000.0,Rookie
19,2003,1B,Larry Barnes,28,30,39,38,2,8,2,0,0,2,0,0,1,9,0.211,0.231,0.263,0.494,32,10,0,0,0,0,0,Left,No,Venezuela,375000.0,Rookie
20,2003,OF,Jason Romano,24,37,37,36,3,3,0,0,0,0,2,0,1,8,0.083,0.108,0.083,0.191,-48,3,2,0,0,0,0,Right,No,Venezuela,340000.0,Rookie
21,2003,LF,Chad Hermansen,25,11,27,25,2,4,1,0,0,2,0,0,2,9,0.16,0.222,0.2,0.422,15,5,0,0,0,0,0,Right,No,Dominican Republic,327000.0,Rookie
22,2003,LF,Bubba Crosby,26,9,12,12,0,1,0,0,0,1,0,0,0,3,0.083,0.083,0.083,0.167,-55,1,0,0,0,0,0,Left,No,USA,323000.0,Rookie
23,2003,2B,Joe Thurston,23,12,11,10,2,2,0,0,0,0,0,0,1,1,0.2,0.273,0.2,0.473,30,2,0,0,0,0,0,Left,No,USA,318000.0,Rookie
24,2003,,Koyie Hill,24,3,3,3,0,1,1,0,0,0,0,0,0,2,0.333,0.333,0.667,1.0,159,2,0,0,0,0,0,Right,Yes,USA,305000.0,Rookie
25,2003,,Chin-Feng Chen,25,1,1,1,0,0,0,0,0,0,0,0,0,0,0.0,0.0,0.0,0.0,-100,0,0,0,0,0,0,Right,No,Venezuela,331000.0,Rookie
26,2003,P,Hideo Nomo,34,31,74,65,4,9,1,0,1,3,0,0,3,25,0.138,0.176,0.2,0.376,1,13,1,0,6,0,0,Right,No,Japan,4000000.0,Mid
27,2003,P,Kevin Brown,38,30,70,63,4,10,3,0,0,2,0,0,0,28,0.159,0.156,0.206,0.363,-4,13,1,0,6,1,0,Right,No,USA,387000.0,Rookie
28,2003,P,Odalis Perez,25,28,63,52,3,5,0,0,0,0,0,0,1,14,0.096,0.113,0.096,0.209,-43,5,2,0,10,0,0,Left,No,Cuba,350000.0,Rookie
29,2003,P,Kazuhisa Ishii,29,25,43,34,1,1,0,1,0,0,0,0,0,16,0.029,0.029,0.088,0.118,-70,3,1,0,9,0,0,Left,No,Japan,331000.0,Rookie
30,2003,P,Wilson Álvarez,33,20,31,29,1,5,0,0,0,0,0,0,1,9,0.172,0.2,0.172,0.372,1,5,2,0,1,0,0,Left,No,Dominican Republic,352000.0,Rookie
31,2003,P,Darren Dreifort,31,10,19,15,0,2,1,0,0,1,0,0,1,9,0.133,0.188,0.2,0.388,4,3,0,0,3,0,0,Right,No,Dominican Republic,313000.0,Rookie
32,2003,P,Andy Ashby,35,20,17,14,0,0,0,0,0,0,0,0,0,8,0.0,0.0,0.0,0.0,-100,0,0,0,3,0,0,Right,No,USA,340000.0,Rookie
33,2003,P,Guillermo Mota,29,72,9,9,1,2,0,0,1,2,0,0,0,4,0.222,0.222,0.556,0.778,99,5,0,0,0,0,0,Right,No,Dominican Republic,356000.0,Rookie
34,2003,P,Edwin Jackson,19,4,8,6,0,0,0,0,0,0,0,0,1,2,0.0,0.143,0.0,0.143,-57,0,0,0,1,0,0,Right,No,USA,344000.0,Rookie
35,2003,P,Masao Kida,34,3,4,4,0,1,0,0,0,0,0,0,0,2,0.25,0.25,0.25,0.5,35,1,0,0,0,0,0,Right,No,Cuba,336000.0,Rookie
36,2003,P,Paul Shuey,32,59,2,2,0,0,0,0,0,0,0,0,0,0,0.0,0.0,0.0,0.0,-100,0,0,0,0,0,0,Right,No,Mexico,389000.0,Rookie
37,2003,P,Rodney Myers,34,4,2,2,0,0,0,0,0,0,0,0,0,2,0.0,0.0,0.0,0.0,-100,0,0,0,0,0,0,Right,No,Dominican Republic,379000.0,Rookie
38,2003,P,Paul Quantrill,34,85,1,1,0,0,0,0,0,0,0,0,0,1,0.0,0.0,0.0,0.0,-100,0,0,0,0,0,0,Left,No,USA,356000.0,Rookie
39,2003,P,Scott Mullen,28,1,1,1,0,0,0,0,0,0,0,0,0,1,0.0,0.0,0.0,0.0,-100,0,0,0,0,0,0,Right,No,USA,351000.0,Rookie
40,2003,P,Steve Colyer,24,13,1,0,0,0,0,0,0,0,0,0,1,0,0.0,1.0,0.0,0.0,0,0,0,0,0,0,0,Left,No,USA,356000.0,Rookie
41,2003,P,Tom Martin,33,77,1,1,0,0,0,0,0,0,0,0,0,1,0.0,0.0,0.0,0.0,-100,0,0,0,0,0,0,Left,No,USA,318000.0,Rookie
42,2003,P,Troy Brohawn,30,12,1,1,0,1,0,0,0,0,0,0,0,0,1.0,1.0,1.0,2.0,440,1,0,0,0,0,0,Left,No,USA,336000.0,Rookie
43,2003,P,Éric Gagné,27,72,0,0,0,0,0,0,0,0,0,0,0,0,0.0,0.0,0.0,0.0,0,0,0,0,0,0,0,Right,No,USA,304000.0,Rookie
44,2003,P,Victor Álvarez,26,5,0,0,0,0,0,0,0,0,0,0,0,0,0.0,0.0,0.0,0.0,0,0,0,0,0,0,0,Left,No,USA,343000.0,Rookie
1,2002,C,Paul Lo Duca,30,149,632,580,74,163,38,1,10,64,3,1,34,31,0.281,0.33,0.402,0.731,99,233,20,10,4,4,2,Right,No,USA,2986000.0,Arbitration
2,2002,1B,Eric Karros,34,142,573,524,52,142,26,1,13,73,4,2,37,74,0.271,0.323,0.399,0.722,96,209,11,6,0,6,1,Right,No,USA,2027000.0,Arbitration
3,2002,2B,Mark Grudzielanek,32,150,566,536,56,145,23,0,9,50,4,1,22,89,0.271,0.301,0.364,0.665,81,195,17,3,1,4,4,Right,No,Dominican Republic,1865000.0,Arbitration
4,2002,SS,César Izturis,22,135,468,439,43,102,24,2,1,31,7,7,14,39,0.232,0.253,0.303,0.556,51,133,12,0,10,5,1,Right,Yes,USA,562000.0,Rookie
5,2002,3B,Adrián Beltré,23,159,635,587,70,151,26,5,21,75,7,5,37,96,0.257,0.303,0.426,0.729,97,250,17,4,1,6,4,Right,No,Dominican Republic,1991000.0,Arbitration
6,2002,LF,Brian Jordan,35,128,515,471,65,134,27,3,18,80,2,2,34,86,0.285,0.338,0.469,0.807,118,221,10,6,0,4,3,Right,No,USA,4009000.0,Arbitration
7,2002,CF,Dave Roberts,30,127,479,422,63,117,14,7,3,34,45,10,48,51,0.277,0.353,0.365,0.718,97,154,1,2,6,1,0,Left,No,Cuba,3640000.0,Arbitration
8,2002,RF,Shawn Green,29,158,685,582,110,166,31,1,42,114,8,5,93,112,0.285,0.385,0.558,0.944,154,325,26,5,0,5,22,Left,No,USA,6561000.0,Arbitration
9,2002,OF,Marquis Grissom,35,111,371,343,57,95,21,4,17,60,5,1,22,68,0.277,0.321,0.51,0.831,123,175,6,2,0,4,2,Right,No,Cuba,4478000.0,Arbitration
10,2002,MI,Alex Cora,26,115,293,258,37,75,14,4,5,28,7,2,26,38,0.291,0.371,0.434,0.805,119,112,3,7,2,0,4,Left,No,USA,3766000.0,Arbitration
11,2002,CI,Dave Hansen,33,96,135,120,15,35,6,0,2,17,1,0,14,22,0.292,0.363,0.392,0.755,106,47,2,0,0,1,3,Left,No,USA,3233000.0,Arbitration
12,2002,C,Chad Kreuter,37,41,108,95,8,25,5,0,2,12,1,0,10,31,0.263,0.333,0.379,0.712,94,36,3,1,0,2,4,Right,Yes,USA,1591000.0,Arbitration
13,2002,OF,Hiram Bocachica,26,49,70,65,12,14,3,0,4,9,1,1,5,19,0.215,0.271,0.446,0.718,92,29,1,0,0,0,0,Right,No,USA,379000.0,Rookie
14,2002,CI,Tyler Houston,31,35,67,65,9,13,5,1,0,7,0,0,2,21,0.2,0.224,0.308,0.532,44,20,5,0,0,0,0,Left,No,Venezuela,385000.0,Rookie
15,2002,UT,Mike Kinkade,29,37,60,50,7,19,5,0,2,11,1,0,4,10,0.38,0.483,0.6,1.083,194,30,2,6,0,0,0,Right,No,Venezuela,313000.0,Rookie
16,2002,IF,Jeff Reboulet,38,38,58,48,3,10,3,0,0,2,0,0,6,13,0.208,0.291,0.271,0.562,55,13,1,0,3,1,0,Right,No,USA,342000.0,Rookie
17,2002,UT,Jolbert Cabrera,29,10,15,12,3,4,1,0,0,1,0,0,2,2,0.333,0.429,0.417,0.845,133,5,0,0,1,0,0,Right,No,Dominican Republic,388000.0,Rookie
18,2002,2B,Joe Thurston,22,8,15,13,1,6,1,0,0,1,0,0,0,1,0.462,0.429,0.538,0.967,162,7,0,0,1,1,0,Left,No,Dominican Republic,344000.0,Rookie
19,2002,C,David Ross,25,8,13,10,2,2,1,0,1,2,0,0,2,4,0.2,0.385,0.6,0.985,164,6,0,1,0,0,0,Right,No,USA,378000.0,Rookie
20,2002,CF,Wilkin Ruan,23,12,11,11,2,3,1,0,0,3,0,0,0,2,0.273,0.273,0.364,0.636,72,4,0,0,0,0,0,Right,No,USA,353000.0,Rookie
21,2002,RF,Luke Allen,23,6,9,7,2,1,1,0,0,0,0,0,2,3,0.143,0.333,0.286,0.619,71,2,0,0,0,0,0,Left,No,Dominican Republic,334000.0,Rookie
22,2002,LF,Chin-Feng Chen,24,3,6,5,1,0,0,0,0,0,0,0,1,3,0.0,0.167,0.0,0.167,-49,0,0,0,0,0,0,Right,No,Panama,326000.0,Rookie
23,2002,P,Odalis Perez,24,30,75,64,5,10,5,0,1,4,0,0,1,13,0.156,0.169,0.281,0.45,20,18,0,0,10,0,0,Left,No,Cuba,318000.0,Rookie
24,2002,P,Hideo Nomo,33,33,74,63,3,4,2,0,1,3,0,0,5,32,0.063,0.132,0.143,0.275,-25,9,1,0,6,0,0,Right,No,Japan,4000000.0,Mid
25,2002,P,Andy Ashby,34,27,56,48,5,6,0,0,1,4,0,0,2,23,0.125,0.16,0.188,0.348,-5,9,0,0,6,0,0,Right,No,USA,335000.0,Rookie
26,2002,P,Kazuhisa Ishii,28,26,56,50,1,5,0,0,0,2,0,0,2,21,0.1,0.135,0.1,0.235,-35,5,2,0,4,0,0,Left,No,Japan,346000.0,Rookie
27,2002,P,Omar Daal,30,38,48,39,2,6,2,0,1,4,0,0,1,11,0.154,0.175,0.282,0.457,22,11,0,0,8,0,0,Left,No,USA,344000.0,Rookie
28,2002,P,Kevin Brown,37,17,22,20,2,5,1,0,1,2,0,0,0,11,0.25,0.25,0.45,0.7,86,9,0,0,2,0,0,Right,No,Panama,352000.0,Rookie
29,2002,P,Giovanni Carrara,34,59,8,6,0,0,0,0,0,0,0,0,1,3,0.0,0.143,0.0,0.143,-57,0,0,0,1,0,0,Right,No,Venezuela,378000.0,Rookie
30,2002,P,Kevin Beirne,28,12,6,5,1,2,0,0,0,0,0,0,0,0,0.4,0.4,0.4,0.8,120,2,0,0,1,0,0,Left,No,USA,388000.0,Rookie
31,2002,P,Guillermo Mota,28,40,4,4,1,1,0,0,0,0,0,0,0,2,0.25,0.25,0.25,0.5,37,1,0,0,0,0,0,Right,No,Dominican Republic,337000.0,Rookie
32,2002,P,Paul Shuey,31,28,3,3,0,1,0,0,0,0,0,0,0,2,0.333,0.333,0.333,0.667,83,1,0,0,0,0,0,Right,No,Venezuela,374000.0,Rookie
33,2002,P,Paul Quantrill,33,83,3,3,0,1,0,0,0,0,0,0,0,2,0.333,0.333,0.333,0.667,83,1,0,0,0,0,0,Left,No,Cuba,369000.0,Rookie
34,2002,P,Victor Álvarez,25,4,2,2,0,0,0,0,0,0,0,0,0,2,0.0,0.0,0.0,0.0,-100,0,0,0,0,0,0,Left,No,USA,352000.0,Rookie
35,2002,P,Jeff Williams,30,10,2,2,0,1,0,0,0,0,0,0,0,1,0.5,0.5,0.5,1.0,175,1,0,0,0,0,0,Right,No,Dominican Republic,386000.0,Rookie
36,2002,P,Éric Gagné,26,73,1,1,0,0,0,0,0,0,0,0,0,1,0.0,0.0,0.0,0.0,-100,0,0,0,0,0,0,Right,No,Panama,318000.0,Rookie
37,2002,P,Terry Mulholland,39,19,1,1,0,0,0,0,0,0,0,0,0,1,0.0,0.0,0.0,0.0,-100,0,0,0,0,0,0,Right,No,USA,310000.0,Rookie
38,2002,P,Jesse Orosco,45,53,1,0,1,0,0,0,0,0,0,0,1,0,0.0,1.0,0.0,0.0,0,0,0,0,0,0,0,Right,No,USA,377000.0,Rookie
39,2002,P,Bryan Corey,28,1,0,0,0,0,0,0,0,0,0,0,0,0,0.0,0.0,0.0,0.0,0,0,0,0,0,0,0,Right,No,Mexico,340000.0,Rookie
40,2002,P,Dennis Springer,37,1,0,0,0,0,0,0,0,0,0,0,0,0,0.0,0.0,0.0,0.0,0,0,0,0,0,0,0,Right,No,Puerto Rico,376000.0,Rookie
41,2002,P,Robert Ellis,31,3,0,0,0,0,0,0,0,0,0,0,0,0,0.0,0.0,0.0,0.0,0,0,0,0,0,0,0,Right,No,Venezuela,380000.0,Rookie
1,2001,C,Paul Lo Duca,29,125,519,460,71,147,28,0,25,90,2,4,39,30,0.32,0.374,0.543,0.917,142,250,11,6,5,9,2,Right,No,USA,6425000.0,Arbitration
2,2001,1B,Eric Karros,33,121,485,438,42,103,22,0,15,63,3,1,41,101,0.235,0.303,0.388,0.691,84,170,15,3,0,3,2,Right,No,USA,1669000.0,Arbitration
3,2001,2B,Mark Grudzielanek,31,133,586,539,83,146,21,3,13,55,4,4,28,83,0.271,0.317,0.393,0.711,89,212,9,11,3,5,0,Right,No,USA,2797000.0,Arbitration
4,2001,SS,Alex Cora,25,134,449,405,38,88,18,3,4,29,0,2,31,58,0.217,0.285,0.306,0.591,59,124,16,8,3,2,6,Left,No,USA,585000.0,Rookie
5,2001,3B,Adrián Beltré,22,126,515,475,59,126,22,4,13,60,13,4,28,82,0.265,0.31,0.411,0.72,91,195,9,5,2,5,1,Right,No,Dominican Republic,1568000.0,Arbitration
6,2001,LF,Gary Sheffield,32,143,618,515,98,160,28,2,36,100,10,4,94,67,0.311,0.417,0.583,1.0,164,300,12,4,0,5,13,Right,No,Venezuela,8153000.0,Mid
7,2001,CF,Marquis Grissom,34,135,468,448,56,99,17,1,21,60,7,5,16,107,0.221,0.25,0.404,0.654,71,181,12,2,0,2,0,Right,No,USA,853000.0,Rookie
8,2001,RF,Shawn Green,28,161,701,619,121,184,31,4,49,125,20,4,72,107,0.297,0.372,0.598,0.97,154,370,10,5,0,5,10,Left,No,USA,7254000.0,Arbitration
9,2001,CF,Tom Goodwin,32,105,312,286,51,66,8,5,4,22,22,8,23,58,0.231,0.286,0.336,0.622,66,96,3,0,1,2,0,Left,No,USA,1600000.0,Arbitration
10,2001,SS,Jeff Reboulet,37,94,253,214,35,57,15,2,3,22,0,1,33,48,0.266,0.367,0.397,0.764,105,85,3,1,5,0,1,Right,No,USA,2127000.0,Arbitration
11,2001,C,Chad Kreuter,36,73,234,191,21,41,11,1,6,17,0,0,41,52,0.215,0.355,0.377,0.732,97,72,5,1,0,1,2,Right,Yes,USA,2330000.0,Arbitration
12,2001,CI,Dave Hansen,32,92,175,140,13,33,10,0,2,20,0,1,32,29,0.236,0.371,0.35,0.721,96,49,3,0,0,3,5,Left,No,USA,2169000.0,Arbitration
13,2001,UT,Hiram Bocachica,25,75,143,133,15,31,11,1,2,9,4,1,9,33,0.233,0.287,0.376,0.663,76,50,1,1,0,0,0,Right,No,USA,1021000.0,Rookie
14,2001,CI,Chris Donnels,35,66,101,88,8,15,2,0,3,8,0,0,12,25,0.17,0.277,0.295,0.573,54,26,2,1,0,0,2,Left,No,Dominican Republic,513000.0,Rookie
15,2001,C,Angel Pena,26,22,58,54,3,11,1,0,1,2,0,0,1,17,0.204,0.214,0.278,0.492,31,15,0,0,2,1,0,Right,No,USA,372000.0,Rookie
16,2001,CF,McKay Christensen,25,28,55,49,7,16,2,0,1,7,3,2,3,10,0.327,0.4,0.429,0.829,123,21,0,3,0,0,0,Left,No,Venezuela,325000.0,Rookie
17,2001,CI,Phil Hiatt,32,30,53,50,6,12,3,0,2,6,0,0,3,19,0.24,0.283,0.42,0.703,85,21,0,0,0,0,1,Right,No,Puerto Rico,319000.0,Rookie
18,2001,OF,Bruce Aven,29,21,26,24,3,8,2,0,1,2,0,0,0,5,0.333,0.385,0.542,0.926,145,13,0,2,0,0,0,Right,No,Dominican Republic,386000.0,Rookie
19,2001,MI,Jeff Branson,34,13,21,21,3,6,0,0,0,0,0,0,0,4,0.286,0.286,0.286,0.571,54,6,0,0,0,0,0,Left,No,USA,301000.0,Rookie
20,2001,IF,Tim Bogar,34,12,17,15,4,5,2,0,2,2,0,0,2,1,0.333,0.412,0.867,1.278,230,13,0,0,0,0,0,Right,No,USA,390000.0,Rookie
21,2001,C,Brian Johnson,33,3,4,4,0,1,0,0,0,1,0,0,0,1,0.25,0.25,0.25,0.5,35,1,0,0,0,0,0,Right,No,USA,361000.0,Rookie
22,2001,P,Chan Ho Park,28,34,81,69,6,10,3,0,0,4,0,0,5,22,0.145,0.203,0.188,0.391,6,13,1,0,7,0,0,Right,No,South Korea,15000000.0,Mid
23,2001,P,Éric Gagné,25,33,51,44,3,6,2,1,1,2,0,1,1,13,0.136,0.156,0.295,0.451,17,13,2,0,6,0,0,Right,No,Dominican Republic,327000.0,Rookie
24,2001,P,Terry Adams,28,41,48,39,2,2,1,0,0,1,0,0,3,19,0.051,0.116,0.077,0.193,-46,3,0,0,5,1,0,Right,No,Venezuela,301000.0,Rookie
25,2001,P,Luke Prokopec,23,28,43,36,1,7,1,0,0,0,0,0,0,13,0.194,0.194,0.222,0.417,12,8,0,0,7,0,0,Left,No,USA,366000.0,Rookie
26,2001,P,Kevin Brown,36,20,41,36,2,3,0,0,1,2,0,0,0,12,0.083,0.154,0.167,0.321,-14,6,0,3,2,0,0,Right,No,Dominican Republic,375000.0,Rookie
27,2001,P,Darren Dreifort,29,16,37,33,4,5,2,0,1,2,1,0,1,20,0.152,0.176,0.303,0.48,25,10,0,0,3,0,0,Right,No,USA,367000.0,Rookie
28,2001,P,James Baldwin,29,12,27,26,0,2,1,0,0,1,0,0,0,12,0.077,0.077,0.115,0.192,-49,3,1,0,1,0,0,Right,No,USA,313000.0,Rookie
29,2001,P,Giovanni Carrara,33,44,12,12,1,3,0,0,0,0,0,0,0,2,0.25,0.25,0.25,0.5,35,3,0,0,0,0,0,Right,No,Venezuela,368000.0,Rookie
30,2001,P,Matt Herges,31,71,10,9,0,4,0,0,0,1,0,0,0,3,0.444,0.444,0.444,0.889,140,4,0,0,1,0,0,Left,No,Mexico,369000.0,Rookie
31,2001,P,Dennis Springer,36,4,7,6,0,0,0,0,0,0,0,0,0,3,0.0,0.0,0.0,0.0,-100,0,0,0,1,0,0,Right,No,Dominican Republic,359000.0,Rookie
32,2001,P,Terry Mulholland,38,19,6,6,0,0,0,0,0,0,0,0,0,3,0.0,0.0,0.0,0.0,-100,0,0,0,0,0,0,Right,No,USA,369000.0,Rookie
33,2001,P,Andy Ashby,33,3,5,2,1,1,0,0,0,1,0,0,1,0,0.5,0.667,0.5,1.167,221,1,0,0,2,0,0,Right,No,USA,376000.0,Rookie
34,2001,P,Alberto Reyes,31,17,4,3,1,1,0,0,0,0,0,0,0,1,0.333,0.333,0.333,0.667,80,1,0,0,1,0,0,Right,No,Mexico,355000.0,Rookie
35,2001,P,Jeff Williams,29,13,4,4,0,0,0,0,0,0,0,0,0,2,0.0,0.0,0.0,0.0,-100,0,0,0,0,0,0,Right,No,USA,308000.0,Rookie
36,2001,P,Mike Fetters,36,31,0,0,0,0,0,0,0,0,0,0,0,0,0.0,0.0,0.0,0.0,0,0,0,0,0,0,0,Right,No,USA,344000.0,Rookie
37,2001,P,Jeff Shaw,34,75,0,0,0,0,0,0,0,0,0,0,0,0,0.0,0.0,0.0,0.0,0,0,0,0,0,0,0,Right,No,USA,307000.0,Rookie
38,2001,P,Mike Trombley,34,19,0,0,0,0,0,0,0,0,0,0,0,0,0.0,0.0,0.0,0.0,0,0,0,0,0,0,0,Right,No,USA,337000.0,Rookie
39,2001,P,Jose Nunez,22,6,0,0,0,0,0,0,0,0,0,0,0,0,0.0,0.0,0.0,0.0,0,0,0,0,0,0,0,Left,No,Dominican Republic,337000.0,Rookie
40,2001,P,Jesse Orosco,44,32,0,0,0,0,0,0,0,0,0,0,0,0,0.0,0.0,0.0,0.0,0,0,0,0,0,0,0,Right,No,Mexico,306000.0,Rookie
41,2001,P,Gregg Olson,34,28,0,0,0,0,0,0,0,0,0,0,0,0,0.0,0.0,0.0,0.0,0,0,0,0,0,0,0,Right,No,Dominican Republic,331000.0,Rookie
1,2000,C,Todd Hundley,31,90,353,299,49,85,16,0,24,70,0,1,45,69,0.284,0.375,0.579,0.954,143,173,5,2,1,6,6,Right,Yes,USA,6522000.0,Arbitration
2,2000,1B,Eric Karros,32,155,663,584,84,146,29,0,31,106,4,3,63,122,0.25,0.321,0.459,0.78,100,268,18,4,0,12,2,Right,No,USA,3516000.0,Arbitration
3,2000,2B,Mark Grudzielanek,30,148,676,617,101,172,35,6,7,49,12,3,45,81,0.279,0.335,0.389,0.724,88,240,16,9,2,3,0,Right,No,Cuba,3795000.0,Arbitration
4,2000,SS,Alex Cora,24,109,394,353,39,84,18,6,4,32,4,1,26,53,0.238,0.302,0.357,0.658,70,126,6,7,6,2,4,Left,No,USA,773000.0,Rookie
5,2000,3B,Adrián Beltré,21,138,575,510,71,148,30,2,20,85,12,5,56,80,0.29,0.36,0.475,0.835,114,242,13,2,3,4,2,Right,No,Dominican Republic,2264000.0,Arbitration
6,2000,LF,Gary Sheffield,31,141,612,501,105,163,24,3,43,109,4,6,101,71,0.325,0.438,0.643,1.081,176,322,13,4,0,6,7,Right,No,USA,7345000.0,Arbitration
7,2000,CF,Todd Hollandsworth,27,81,293,261,42,61,12,0,8,24,11,4,30,61,0.234,0.314,0.372,0.686,77,97,4,1,0,1,2,Left,No,Dominican Republic,1228000.0,Rookie
8,2000,RF,Shawn Green,27,162,714,610,98,164,44,4,24,99,24,5,90,121,0.269,0.367,0.472,0.839,116,288,18,8,0,6,9,Left,No,USA,4084000.0,Arbitration
9,2000,C,Chad Kreuter,35,80,271,212,32,56,13,0,6,28,1,0,54,48,0.264,0.416,0.41,0.827,116,87,6,2,2,1,0,Right,Yes,USA,3949000.0,Arbitration
10,2000,SS,Kevin Elster,35,80,259,220,29,50,8,0,14,32,0,0,38,52,0.227,0.341,0.455,0.796,104,100,0,0,1,0,5,Right,No,USA,2724000.0,Arbitration
11,2000,CF,Tom Goodwin,31,56,229,211,29,53,3,1,1,11,16,3,18,41,0.251,0.31,0.289,0.599,57,61,4,0,0,0,0,Left,No,USA,776000.0,Rookie
12,2000,CF,F.P. Santangelo,32,81,177,142,19,28,4,0,1,9,3,2,21,33,0.197,0.322,0.246,0.568,51,35,5,6,6,2,0,Right,Yes,USA,408000.0,Rookie
13,2000,CF,Devon White,37,47,168,158,26,42,5,1,4,13,3,6,9,30,0.266,0.31,0.386,0.696,79,61,3,1,0,0,0,Right,Yes,Venezuela,726000.0,Rookie
14,2000,UT,Dave Hansen,31,102,147,121,18,35,6,2,8,26,0,1,26,32,0.289,0.415,0.57,0.985,153,69,3,0,0,0,0,Left,No,Cuba,7106000.0,Arbitration
15,2000,IF,Jose Vizcaino,32,40,106,93,9,19,2,1,0,4,1,0,10,15,0.204,0.288,0.247,0.536,41,23,3,1,2,0,3,Right,Yes,USA,545000.0,Rookie
16,2000,C,Paul Lo Duca,28,34,75,65,6,16,2,0,2,8,0,2,6,8,0.246,0.301,0.369,0.671,73,24,2,0,2,2,0,Right,No,USA,321000.0,Rookie
17,2000,UT,Jim Leyritz,36,41,68,60,3,12,1,0,1,8,0,0,7,12,0.2,0.294,0.267,0.561,47,16,2,1,0,0,0,Right,No,Dominican Republic,325000.0,Rookie
18,2000,UT,Chris Donnels,34,27,41,34,8,10,3,0,4,9,0,0,6,7,0.294,0.39,0.735,1.126,183,25,3,0,0,1,1,Left,No,USA,372000.0,Rookie
19,2000,UT,Gerónimo Berroa,35,24,35,31,2,8,0,1,0,5,0,0,4,8,0.258,0.343,0.323,0.665,74,10,2,0,0,0,1,Right,No,USA,384000.0,Rookie
20,2000,OF,Shawn Gilbert,35,15,23,20,5,3,1,0,1,3,0,0,2,7,0.15,0.227,0.35,0.577,47,7,0,0,1,0,0,Right,No,Dominican Republic,336000.0,Rookie
21,2000,LF,Bruce Aven,28,9,23,20,2,5,0,0,2,4,0,0,3,8,0.25,0.348,0.55,0.898,128,11,0,0,0,0,0,Right,No,USA,382000.0,Rookie
22,2000,IF,Jeff Branson,33,18,18,17,3,4,1,0,0,0,0,0,1,6,0.235,0.278,0.294,0.572,49,5,1,0,0,0,0,Left,No,USA,329000.0,Rookie
23,2000,UT,Mike Metcalfe,27,4,13,12,0,1,0,0,0,0,0,0,1,2,0.083,0.154,0.083,0.237,-36,1,0,0,0,0,0,Right,No,USA,343000.0,Rookie
24,2000,2B,Hiram Bocachica,24,8,10,10,2,3,0,0,0,0,0,0,0,2,0.3,0.3,0.3,0.6,57,3,0,0,0,0,0,Right,No,Puerto Rico,320000.0,Rookie
25,2000,,Adam Melhuse,28,1,1,1,0,0,0,0,0,0,0,0,0,1,0.0,0.0,0.0,0.0,-100,0,0,0,0,0,0,Right,Yes,USA,358000.0,Rookie
26,2000,P,Kevin Brown,35,32,84,66,2,5,0,0,0,3,0,0,2,29,0.076,0.129,0.076,0.204,-45,5,0,2,14,0,0,Right,No,USA,388000.0,Rookie
27,2000,P,Chan Ho Park,27,32,78,70,6,15,4,0,2,6,0,0,2,16,0.214,0.236,0.357,0.593,51,25,0,0,6,0,0,Right,No,South Korea,15000000.0,Mid
28,2000,P,Darren Dreifort,28,30,71,68,5,11,3,0,3,8,0,0,1,25,0.162,0.186,0.338,0.524,32,23,0,1,1,0,0,Right,No,USA,332000.0,Rookie
29,2000,P,Carlos Perez,29,30,50,43,0,2,1,1,0,3,0,0,0,15,0.047,0.047,0.116,0.163,-60,5,1,0,7,0,0,Left,No,Cuba,358000.0,Rookie
30,2000,P,Éric Gagné,24,18,34,28,1,4,0,0,0,0,0,0,0,5,0.143,0.143,0.143,0.286,-25,4,0,0,6,0,0,Right,No,Venezuela,311000.0,Rookie
31,2000,P,Matt Herges,30,56,14,13,0,1,0,0,0,0,0,0,0,8,0.077,0.077,0.077,0.154,-60,1,0,0,1,0,0,Left,No,Puerto Rico,380000.0,Rookie
32,2000,P,Ismael Valdez,26,9,13,11,1,1,0,0,1,1,0,0,0,7,0.091,0.091,0.364,0.455,10,4,0,0,2,0,0,Right,No,USA,345000.0,Rookie
33,2000,P,Orel Hershiser,41,10,7,7,0,0,0,0,0,0,0,0,0,2,0.0,0.0,0.0,0.0,-100,0,0,0,0,0,0,Right,No,USA,3000000.0,Star
34,2000,P,Luke Prokopec,22,6,6,5,0,0,0,0,0,0,0,0,0,2,0.0,0.0,0.0,0.0,-100,0,0,0,1,0,0,Left,No,USA,353000.0,Rookie
35,2000,P,Alan Mills,33,17,4,3,0,0,0,0,0,1,0,0,1,2,0.0,0.25,0.0,0.25,-27,0,0,0,0,0,0,Right,No,Dominican Republic,356000.0,Rookie
36,2000,P,Terry Adams,27,63,3,2,0,0,0,0,0,0,0,0,0,1,0.0,0.0,0.0,0.0,-100,0,0,0,1,0,0,Right,No,USA,306000.0,Rookie
37,2000,P,Antonio Osuna,27,42,2,2,0,0,0,0,0,0,0,0,0,1,0.0,0.0,0.0,0.0,-100,0,1,0,0,0,0,Right,No,USA,361000.0,Rookie
38,2000,P,Mike Judd,25,1,2,1,1,1,0,0,0,0,0,0,0,0,1.0,1.0,1.0,2.0,423,1,0,0,1,0,0,Right,No,Puerto Rico,322000.0,Rookie
39,2000,P,Trever Miller,27,1,0,0,0,0,0,0,0,0,0,0,0,0,0.0,0.0,0.0,0.0,0,0,0,0,0,0,0,Right,No,USA,364000.0,Rookie
40,2000,P,Alberto Reyes,30,6,0,0,0,0,0,0,0,0,0,0,0,0,0.0,0.0,0.0,0.0,0,0,0,0,0,0,0,Right,No,Mexico,374000.0,Rookie
41,2000,P,Mike Fetters,35,49,0,0,0,0,0,0,0,0,0,0,0,0,0.0,0.0,0.0,0.0,0,0,0,0,0,0,0,Right,No,Cuba,372000.0,Rookie
42,2000,P,Jeff Shaw,33,59,0,0,0,0,0,0,0,0,0,0,0,0,0.0,0.0,0.0,0.0,0,0,0,0,0,0,0,Right,No,Dominican Republic,350000.0,Rookie
43,2000,P,Onan Masaoka,22,28,0,0,0,0,0,0,0,0,0,0,0,0,0.0,0.0,0.0,0.0,0,0,0,0,0,0,0,Right,No,USA,347000.0,Rookie
44,2000,P,Jamie Arnold,26,1,0,0,0,0,0,0,0,0,0,0,0,0,0.0,0.0,0.0,0.0,0,0,0,0,0,0,0,Right,No,Dominican Republic,313000.0,Rookie
45,2000,P,Gregg Olson,33,13,0,0,0,0,0,0,0,0,0,0,0,0,0.0,0.0,0.0,0.0,0,0,0,0,0,0,0,Right,No,Venezuela,370000.0,Rookie
46,2000,P,Jeff Williams,28,7,0,0,0,0,0,0,0,0,0,0,0,0,0.0,0.0,0.0,0.0,0,0,0,0,0,0,0,Right,No,USA,324000.0,Rookie
1,1999,C,Todd Hundley,30,114,428,376,49,78,14,0,24,55,3,0,44,113,0.207,0.295,0.436,0.731,87,164,5,4,1,3,3,Right,Yes,USA,757000.0,Arbitration
2,1999,1B,Eric Karros,31,153,639,578,74,176,40,0,34,112,8,5,53,119,0.304,0.362,0.55,0.912,133,318,18,2,0,6,0,Right,No,USA,1751000.0,Mid
3,1999,2B,Eric Young Sr.,32,119,534,456,73,128,24,2,2,41,51,22,63,26,0.281,0.371,0.355,0.726,91,162,12,5,6,4,0,Right,No,USA,576000.0,Arbitration
4,1999,SS,Mark Grudzielanek,29,123,534,488,72,159,23,5,7,46,6,6,31,65,0.326,0.376,0.436,0.812,111,213,13,10,2,3,1,Right,No,USA,1387000.0,Mid
5,1999,3B,Adrián Beltré,20,152,614,538,84,148,27,5,15,67,18,7,61,105,0.275,0.352,0.428,0.78,102,230,4,6,4,5,12,Right,No,Dominican Republic,237000.0,Arbitration
6,1999,LF,Gary Sheffield,30,152,663,549,103,165,20,0,34,101,11,5,101,64,0.301,0.407,0.523,0.93,140,287,10,4,0,9,4,Right,No,Japan,1983000.0,Mid
7,1999,CF,Devon White,36,134,526,474,60,127,20,2,14,68,19,5,39,88,0.268,0.337,0.407,0.744,92,193,10,11,0,2,2,Right,Yes,USA,489000.0,Arbitration
8,1999,RF,Raul Mondesí,28,159,680,601,98,152,29,5,33,99,36,9,71,134,0.253,0.332,0.483,0.815,109,290,3,3,0,5,6,Right,No,Venezuela,1009000.0,Mid
9,1999,MI,Jose Vizcaino,31,94,298,266,27,67,9,0,1,29,2,1,20,23,0.252,0.304,0.297,0.601,58,79,9,1,9,2,0,Right,Yes,USA,392000.0,Arbitration
10,1999,CF,Todd Hollandsworth,26,92,287,261,39,74,12,2,9,32,5,2,24,61,0.284,0.345,0.448,0.793,104,117,2,1,0,1,1,Left,No,USA,485000.0,Arbitration
11,1999,CI,Dave Hansen,30,100,136,107,14,27,8,1,2,17,0,0,26,20,0.252,0.404,0.402,0.806,111,43,2,2,0,1,0,Left,No,Puerto Rico,1175000.0,Mid
12,1999,C,Angel Pena,24,43,135,120,14,25,6,0,4,21,0,1,12,24,0.208,0.276,0.358,0.634,64,43,6,0,1,2,0,Right,No,USA,329000.0,Arbitration
13,1999,2B,Craig Counsell,28,50,122,108,20,28,6,0,0,9,1,0,9,14,0.259,0.311,0.315,0.626,64,34,1,0,3,2,0,Left,No,Puerto Rico,284000.0,Arbitration
14,1999,OF,Trent Hubbard,35,82,120,105,23,33,5,0,1,13,4,3,13,24,0.314,0.387,0.39,0.777,103,41,2,0,1,1,1,Right,No,USA,732000.0,Arbitration
15,1999,C,Paul Lo Duca,27,36,110,95,11,22,1,0,3,11,1,2,10,9,0.232,0.312,0.337,0.649,69,32,3,2,1,2,4,Right,No,USA,270000.0,Arbitration
16,1999,IF,Tripp Cromer,31,33,57,52,5,10,0,0,2,8,0,0,5,10,0.192,0.263,0.308,0.571,48,16,4,0,0,0,0,Right,No,Puerto Rico,117000.0,Rookie
17,1999,MI,Alex Cora,23,11,31,30,2,5,1,0,0,3,0,0,0,4,0.167,0.194,0.2,0.394,3,6,1,1,0,0,0,Left,No,Venezuela,133000.0,Rookie
18,1999,OF,Jacob Brumfield,34,18,17,17,4,5,0,1,0,1,0,0,0,5,0.294,0.294,0.412,0.706,81,7,0,0,0,0,0,Right,No,Puerto Rico,119000.0,Rookie
19,1999,2B,Chance Sanford,27,5,8,8,1,2,0,0,0,2,0,0,0,1,0.25,0.25,0.25,0.5,31,2,0,0,0,0,0,Left,No,USA,112000.0,Rookie
20,1999,OF,Brent Cookson,29,3,5,5,0,1,0,0,0,0,0,0,0,1,0.2,0.2,0.2,0.4,5,1,0,0,0,0,0,Right,No,USA,121000.0,Rookie
21,1999,C,Rick Wilkins,32,3,4,4,0,0,0,0,0,0,0,0,0,2,0.0,0.0,0.0,0.0,-100,0,0,0,0,0,0,Left,No,USA,118000.0,Rookie
22,1999,MI,Juan Castro,27,2,1,1,0,0,0,0,0,0,0,0,0,1,0.0,0.0,0.0,0.0,-100,0,0,0,0,0,0,Right,No,USA,137000.0,Rookie
23,1999,P,Kevin Brown,34,34,94,78,1,5,0,0,0,3,0,0,2,24,0.064,0.086,0.064,0.151,-60,5,0,0,13,1,0,Right,No,USA,119000.0,Rookie
24,1999,P,Chan Ho Park,26,32,69,59,4,9,2,0,0,6,0,0,2,26,0.153,0.175,0.186,0.361,-6,11,0,0,6,2,0,Right,No,South Korea,15000000.0,Mid
25,1999,P,Ismael Valdez,25,30,69,58,1,5,0,0,0,2,1,0,1,18,0.086,0.102,0.086,0.188,-50,5,2,0,10,0,0,Right,No,USA,138000.0,Rookie
26,1999,P,Darren Dreifort,27,29,69,62,7,13,4,0,1,9,1,0,3,23,0.21,0.246,0.323,0.569,47,20,2,0,4,0,0,Right,No,USA,123000.0,Rookie
27,1999,P,Carlos Perez,28,16,32,27,2,8,2,0,1,2,0,0,2,8,0.296,0.345,0.481,0.826,112,13,0,0,3,0,0,Left,No,Cuba,139000.0,Rookie
28,1999,P,Jamie Arnold,25,34,11,10,1,2,0,0,0,1,0,0,0,3,0.2,0.2,0.2,0.4,5,2,0,0,1,0,0,Right,No,USA,121000.0,Rookie
29,1999,P,Éric Gagné,23,5,10,10,1,2,0,0,0,1,0,0,0,3,0.2,0.2,0.2,0.4,5,2,0,0,0,0,0,Right,No,USA,141000.0,Rookie
30,1999,P,Mike Judd,24,7,9,5,0,0,0,0,0,0,0,0,1,1,0.0,0.167,0.0,0.167,-51,0,0,0,3,0,0,Right,No,USA,112000.0,Rookie
31,1999,P,Jeff Williams,27,5,7,5,2,1,0,0,0,0,0,0,1,4,0.2,0.333,0.2,0.533,44,1,0,0,1,0,0,Right,No,Japan,131000.0,Rookie
32,1999,P,Onan Masaoka,21,50,5,4,0,0,0,0,0,0,0,0,0,2,0.0,0.0,0.0,0.0,-100,0,0,0,1,0,0,Right,No,USA,125000.0,Rookie
33,1999,P,Robinson Checo,27,9,4,3,0,1,0,0,0,2,0,0,0,2,0.333,0.333,0.333,0.667,74,1,0,0,1,0,0,Right,No,Dominican Republic,122000.0,Rookie
34,1999,P,Pedro Borbón,31,68,3,2,0,0,0,0,0,0,0,0,0,1,0.0,0.0,0.0,0.0,-100,0,0,0,1,0,0,Right,No,Puerto Rico,130000.0,Rookie
35,1999,P,Dave Mlicki,31,2,3,1,0,1,0,0,0,0,0,0,0,0,1.0,1.0,1.0,2.0,423,1,0,0,2,0,0,Right,No,USA,132000.0,Rookie
36,1999,P,Alan Mills,32,66,2,2,0,0,0,0,0,0,0,0,0,1,0.0,0.0,0.0,0.0,-100,0,0,0,0,0,0,Right,No,Dominican Republic,109000.0,Rookie
37,1999,P,Jeff Kubenka,24,6,1,1,1,1,0,0,0,0,0,0,0,0,1.0,1.0,1.0,2.0,423,1,0,0,0,0,0,Right,No,USA,114000.0,Rookie
38,1999,P,Matt Herges,29,17,1,1,0,0,0,0,0,0,0,0,0,1,0.0,0.0,0.0,0.0,-100,0,0,0,0,0,0,Left,No,USA,132000.0,Rookie
39,1999,P,Mike Maddux,37,47,0,0,0,0,0,0,0,0,0,0,0,0,0.0,0.0,0.0,0.0,0,0,0,0,0,0,0,Left,No,USA,131000.0,Rookie
40,1999,P,Antonio Osuna,26,5,0,0,0,0,0,0,0,0,0,0,0,0,0.0,0.0,0.0,0.0,0,0,0,0,0,0,0,Right,No,Puerto Rico,141000.0,Rookie
41,1999,P,Jeff Shaw,32,63,0,0,0,0,0,0,0,0,0,0,0,0,0.0,0.0,0.0,0.0,0,0,0,0,0,0,0,Right,No,Puerto Rico,134000.0,Rookie
42,1999,P,Mel Rojas,32,5,0,0,0,0,0,0,0,0,0,0,0,0,0.0,0.0,0.0,0.0,0,0,0,0,0,0,0,Right,No,Venezuela,140000.0,Rookie
43,1999,P,Doug Bochtler,28,11,0,0,0,0,0,0,0,0,0,0,0,0,0.0,0.0,0.0,0.0,0,0,0,0,0,0,0,Right,No,USA,132000.0,Rookie
1,1998,C,Charles Johnson,26,102,376,346,31,75,13,0,12,35,0,1,29,99,0.217,0.279,0.358,0.638,70,124,9,1,0,0,1,Right,No,USA,315000.0,Arbitration
2,1998,1B,Eric Karros,30,139,564,507,59,150,20,1,23,87,7,2,47,93,0.296,0.355,0.475,0.83,121,241,7,3,0,7,1,Right,No,USA,1072000.0,Mid
3,1998,2B,Eric Young Sr.,31,117,513,452,78,129,24,1,8,43,42,13,45,32,0.285,0.355,0.396,0.751,102,179,4,5,9,2,0,Right,No,USA,900000.0,Mid
4,1998,SS,Jose Vizcaino,30,67,267,237,30,62,9,0,3,29,7,3,17,35,0.262,0.311,0.338,0.649,75,80,4,1,10,2,0,Right,Yes,USA,424000.0,Arbitration
5,1998,3B,Adrián Beltré,19,77,214,195,18,42,9,0,7,22,3,1,14,37,0.215,0.278,0.369,0.648,73,72,4,3,2,0,0,Right,No,Dominican Republic,160000.0,Rookie
6,1998,LF,Matt Luke,27,102,257,237,34,56,12,1,12,34,2,1,17,60,0.236,0.289,0.447,0.736,95,106,4,1,1,1,2,Left,No,Venezuela,689000.0,Arbitration
7,1998,CF,Raul Mondesí,27,148,617,580,85,162,26,5,30,90,16,10,30,112,0.279,0.316,0.497,0.813,115,288,8,3,0,4,4,Right,No,USA,1583000.0,Mid
8,1998,RF,Gary Sheffield,29,90,383,301,52,95,16,1,16,57,18,5,69,30,0.316,0.444,0.535,0.979,162,161,4,6,0,7,11,Right,No,Dominican Republic,1859000.0,Mid
9,1998,OF,Roger Cedeño,23,105,271,240,33,58,11,1,2,17,8,2,27,57,0.242,0.317,0.321,0.638,73,77,1,0,3,1,2,Right,Yes,USA,256000.0,Arbitration
10,1998,3B,Bobby Bonilla,35,72,271,236,28,56,6,1,7,30,1,1,29,37,0.237,0.315,0.36,0.675,81,85,10,0,0,5,3,Right,Yes,Dominican Republic,314000.0,Arbitration
11,1998,MI,Juan Castro,26,89,246,220,25,43,7,0,2,14,0,0,15,37,0.195,0.245,0.255,0.499,35,56,5,0,9,2,0,Right,No,USA,153000.0,Rookie
12,1998,OF,Trent Hubbard,34,94,235,208,29,62,9,1,7,18,9,5,18,46,0.298,0.358,0.452,0.81,117,94,5,3,3,3,0,Right,No,South Korea,1051000.0,Mid
13,1998,SS,Mark Grudzielanek,28,51,206,193,11,51,6,0,2,21,7,0,5,23,0.264,0.286,0.326,0.612,65,63,7,2,3,3,1,Right,No,Puerto Rico,358000.0,Arbitration
14,1998,2B,Wilton Guerrero,23,64,190,180,21,51,4,3,0,7,5,2,4,33,0.283,0.299,0.339,0.638,72,61,3,1,3,2,0,Right,Yes,Dominican Republic,205000.0,Arbitration
15,1998,LF,Todd Hollandsworth,25,55,187,175,23,47,6,4,3,20,4,3,9,42,0.269,0.308,0.4,0.708,89,70,2,1,2,0,0,Left,No,USA,719000.0,Arbitration
16,1998,3B,Todd Zeile,32,40,170,158,22,40,6,1,7,27,1,1,10,24,0.253,0.3,0.437,0.737,95,69,5,1,0,1,0,Right,No,USA,717000.0,Arbitration
17,1998,C,Mike Piazza,29,37,161,149,20,42,5,0,9,30,0,0,11,27,0.282,0.329,0.497,0.826,119,74,3,0,0,1,4,Right,No,USA,1502000.0,Mid
18,1998,1B,Paul Konerko,22,49,158,144,14,31,1,0,4,16,0,1,10,30,0.215,0.272,0.306,0.578,55,44,5,2,0,2,0,Right,No,USA,171000.0,Rookie
19,1998,LF,Jim Eisenreich,39,75,140,127,12,25,2,2,0,6,4,0,12,22,0.197,0.266,0.244,0.51,39,31,2,0,1,0,1,Left,No,Venezuela,131000.0,Rookie
20,1998,C,Tom Prince,33,37,92,81,7,15,5,1,0,5,0,0,7,24,0.185,0.267,0.272,0.538,46,22,0,2,2,0,1,Right,No,USA,130000.0,Rookie
21,1998,OF,Thomas Howard,33,47,79,76,9,14,4,0,2,4,1,0,3,15,0.184,0.215,0.316,0.531,41,24,2,0,0,0,0,Right,Yes,USA,124000.0,Rookie
22,1998,MI,Alex Cora,22,29,38,33,1,4,0,1,0,0,0,0,2,8,0.121,0.194,0.182,0.376,2,6,0,1,2,0,0,Left,No,USA,138000.0,Rookie
23,1998,OF,Mike Devereaux,35,9,16,13,0,4,1,0,0,1,0,1,3,2,0.308,0.438,0.385,0.822,124,5,2,0,0,0,0,Right,No,USA,116000.0,Rookie
24,1998,C,Paul Lo Duca,26,6,14,14,2,4,1,0,0,1,0,0,0,1,0.286,0.286,0.357,0.643,72,5,0,0,0,0,0,Right,No,USA,131000.0,Rookie
25,1998,C,Angel Pena,23,6,13,13,1,3,0,0,0,0,0,0,0,6,0.231,0.231,0.231,0.462,25,3,0,0,0,0,0,Right,No,USA,129000.0,Rookie
26,1998,OF,Damon Hollins,24,5,9,9,1,2,0,0,0,2,0,1,0,2,0.222,0.222,0.222,0.444,20,2,0,0,0,0,0,Right,No,Dominican Republic,119000.0,Rookie
27,1998,,Tripp Cromer,30,6,6,6,1,1,0,0,1,1,0,0,0,2,0.167,0.167,0.667,0.833,111,4,0,0,0,0,0,Right,No,Panama,113000.0,Rookie
28,1998,2B,Mike Metcalfe,25,4,1,1,0,0,0,0,0,0,2,0,0,1,0.0,0.0,0.0,0.0,-100,0,0,0,0,0,0,Right,No,USA,130000.0,Rookie
29,1998,P,Chan Ho Park,25,33,80,72,2,14,2,1,0,3,0,0,2,30,0.194,0.216,0.25,0.466,25,18,0,0,6,0,0,Right,No,South Korea,15000000.0,Mid
30,1998,P,Ismael Valdez,24,25,59,48,3,8,1,0,0,2,0,0,3,6,0.167,0.216,0.188,0.403,10,9,0,0,8,0,0,Right,No,USA,119000.0,Rookie
31,1998,P,Darren Dreifort,26,31,56,49,10,11,0,0,1,2,0,0,2,22,0.224,0.255,0.286,0.541,46,14,0,0,5,0,0,Right,No,USA,130000.0,Rookie
32,1998,P,Dave Mlicki,30,18,43,34,1,2,1,0,0,0,0,0,2,10,0.059,0.111,0.088,0.199,-45,3,0,0,7,0,0,Right,No,Dominican Republic,122000.0,Rookie
33,1998,P,Ramon Martinez,30,15,39,34,3,6,1,1,0,1,0,0,0,16,0.176,0.176,0.265,0.441,17,9,0,0,5,0,0,Left,No,Dominican Republic,2500000.0,Mid
34,1998,P,Brian Bohanon,29,14,35,29,0,6,1,1,0,2,0,0,2,9,0.207,0.258,0.31,0.568,52,9,2,0,4,0,0,Left,No,USA,116000.0,Rookie
35,1998,P,Carlos Perez,27,11,30,24,2,2,0,0,0,1,0,0,3,13,0.083,0.185,0.083,0.269,-24,2,0,0,3,0,0,Left,No,Cuba,138000.0,Rookie
36,1998,P,Hideo Nomo,29,12,22,20,1,1,0,0,1,2,0,0,0,6,0.05,0.05,0.2,0.25,-37,4,0,0,2,0,0,Right,No,Japan,4000000.0,Mid
37,1998,P,Dennys Reyes,21,9,6,5,0,0,0,0,0,0,0,0,0,2,0.0,0.0,0.0,0.0,-100,0,0,0,1,0,0,Right,No,Mexico,121000.0,Rookie
38,1998,P,Jim Bruske,33,32,3,3,0,0,0,0,0,0,0,0,0,1,0.0,0.0,0.0,0.0,-100,0,0,0,0,0,0,Right,No,USA,111000.0,Rookie
39,1998,P,Antonio Osuna,25,50,2,2,0,0,0,0,0,0,0,0,0,0,0.0,0.0,0.0,0.0,-100,0,0,0,0,0,0,Right,No,USA,113000.0,Rookie
40,1998,P,Brad Clontz,27,18,2,2,0,0,0,0,0,0,0,0,0,1,0.0,0.0,0.0,0.0,-100,0,0,0,0,0,0,Right,No,USA,126000.0,Rookie
41,1998,P,Frank Lankford,27,12,2,2,0,0,0,0,0,0,0,0,0,1,0.0,0.0,0.0,0.0,-100,0,0,0,0,0,0,Right,No,Dominican Republic,118000.0,Rookie
42,1998,P,Mark Guthrie,32,50,1,1,0,0,0,0,0,0,0,0,0,0,0.0,0.0,0.0,0.0,-100,0,0,0,0,0,0,Right,No,Dominican Republic,136000.0,Rookie
43,1998,P,Mike Judd,23,7,1,1,0,0,0,0,0,0,0,0,0,0,0.0,0.0,0.0,0.0,-100,0,0,0,0,0,0,Right,No,USA,109000.0,Rookie
44,1998,P,Sean Maloney,27,11,1,1,0,0,0,0,0,0,0,0,0,1,0.0,0.0,0.0,0.0,-100,0,0,0,0,0,0,Right,No,Cuba,121000.0,Rookie
45,1998,P,Eric Weaver,24,6,1,1,0,0,0,0,0,0,0,0,0,1,0.0,0.0,0.0,0.0,-100,0,0,0,0,0,0,Right,No,Dominican Republic,120000.0,Rookie
46,1998,P,Jeff Kubenka,23,6,0,0,0,0,0,0,0,0,0,0,0,0,0.0,0.0,0.0,0.0,0,0,0,0,0,0,0,Right,No,Dominican Republic,110000.0,Rookie
47,1998,P,Manuel Barrios,23,1,0,0,0,0,0,0,0,0,0,0,0,0,0.0,0.0,0.0,0.0,0,0,0,0,0,0,0,Right,No,Dominican Republic,113000.0,Rookie
48,1998,P,Greg McMichael,31,10,0,0,0,0,0,0,0,0,0,0,0,0,0.0,0.0,0.0,0.0,0,0,0,0,0,0,0,Right,No,Cuba,123000.0,Rookie
49,1998,P,Scott Radinsky,30,58,0,0,0,0,0,0,0,0,0,0,0,0,0.0,0.0,0.0,0.0,0,0,0,0,0,0,0,Left,No,Mexico,125000.0,Rookie
50,1998,P,Darren Hall,33,11,0,0,0,0,0,0,0,0,0,0,0,0,0.0,0.0,0.0,0.0,0,0,0,0,0,0,0,Right,No,USA,122000.0,Rookie
51,1998,P,Jeff Shaw,31,34,0,0,0,0,0,0,0,0,0,0,0,0,0.0,0.0,0.0,0.0,0,0,0,0,0,0,0,Right,No,USA,126000.0,Rookie
52,1998,P,Will Brunson,28,1,0,0,0,0,0,0,0,0,0,0,0,0,0.0,0.0,0.0,0.0,0,0,0,0,0,0,0,Left,No,USA,128000.0,Rookie
53,1998,P,Gary Rath,25,3,0,0,0,0,0,0,0,0,0,0,0,0,0.0,0.0,0.0,0.0,0,0,0,0,0,0,0,Left,No,USA,109000.0,Rookie
1,1997,C,Mike Piazza,28,152,633,556,104,201,32,1,40,124,5,1,69,77,0.362,0.431,0.638,1.07,185,355,19,3,0,5,11,Right,No,USA,1841000.0,Mid
2,1997,1B,Eric Karros,29,162,700,628,86,167,28,0,31,104,15,7,61,116,0.266,0.329,0.459,0.787,110,288,10,2,0,9,2,Right,No,USA,991000.0,Mid
3,1997,2B,Wilton Guerrero,22,111,380,357,39,104,10,9,4,32,6,5,8,52,0.291,0.305,0.403,0.709,90,144,7,0,13,2,1,Right,Yes,Dominican Republic,402000.0,Arbitration
4,1997,SS,Greg Gagne,35,144,553,514,49,129,20,3,9,57,2,5,31,120,0.251,0.298,0.354,0.652,76,182,13,4,3,1,4,Right,No,USA,354000.0,Arbitration
5,1997,3B,Todd Zeile,31,160,672,575,89,154,17,0,31,90,8,7,85,112,0.268,0.365,0.459,0.824,121,264,18,6,0,6,7,Right,No,USA,1196000.0,Mid
6,1997,LF,Todd Hollandsworth,24,106,317,296,39,73,20,2,4,31,5,5,17,60,0.247,0.286,0.368,0.654,75,109,8,0,2,2,2,Left,No,USA,340000.0,Arbitration
7,1997,CF,Brett Butler,40,105,401,343,52,97,8,3,0,18,15,10,42,40,0.283,0.363,0.324,0.686,88,111,1,1,15,0,0,Left,No,USA,233000.0,Arbitration
8,1997,RF,Raul Mondesí,26,159,670,616,95,191,42,5,30,87,32,15,44,105,0.31,0.36,0.541,0.901,140,333,11,6,1,3,7,Right,No,Mexico,1674000.0,Mid
9,1997,CF,Roger Cedeño,22,80,227,194,31,53,10,2,3,17,9,1,25,44,0.273,0.362,0.392,0.753,104,76,1,3,3,2,2,Right,Yes,USA,504000.0,Arbitration
10,1997,CF,Otis Nixon,38,42,191,175,30,48,6,2,1,18,12,2,13,24,0.274,0.323,0.349,0.671,82,61,2,0,2,1,0,Right,Yes,Dominican Republic,208000.0,Arbitration
11,1997,2B,Eric Young Sr.,30,37,175,154,28,42,4,2,2,16,13,2,14,17,0.273,0.347,0.364,0.71,93,56,2,4,2,1,1,Right,No,Venezuela,517000.0,Arbitration
12,1997,LF,Billy Ashley,26,71,140,131,12,32,7,0,6,19,0,0,8,46,0.244,0.293,0.435,0.728,94,57,2,1,0,0,0,Right,No,Cuba,807000.0,Mid
13,1997,C,Tom Prince,32,47,113,100,17,22,5,0,3,14,0,0,5,15,0.22,0.275,0.36,0.635,70,36,2,3,4,1,0,Right,No,Dominican Republic,463000.0,Arbitration
14,1997,2B,Nelson Liriano,33,76,97,88,10,20,6,0,1,11,0,0,6,12,0.227,0.274,0.33,0.603,62,29,1,0,2,1,1,Right,Yes,USA,113000.0,Rookie
15,1997,MI,Tripp Cromer,29,28,95,86,8,25,3,0,4,20,0,1,6,16,0.291,0.333,0.465,0.798,113,40,2,0,2,1,3,Right,No,Venezuela,118000.0,Rookie
16,1997,LF,Eric Anthony,29,47,86,74,8,18,3,2,2,5,2,0,12,18,0.243,0.349,0.419,0.768,107,31,0,0,0,0,1,Left,No,USA,110000.0,Rookie
17,1997,LF,Darren Lewis,29,26,85,77,7,23,3,1,1,10,3,2,6,17,0.299,0.349,0.403,0.752,103,31,1,0,2,0,0,Right,No,Cuba,119000.0,Rookie
18,1997,MI,Juan Castro,25,40,84,75,3,11,3,1,0,4,0,0,7,20,0.147,0.22,0.213,0.433,18,16,2,0,2,0,1,Right,No,USA,134000.0,Rookie
19,1997,OF,Wayne Kirby,33,46,75,65,6,11,2,0,0,4,0,0,10,12,0.169,0.28,0.2,0.48,33,13,1,0,0,0,0,Left,No,Dominican Republic,126000.0,Rookie
20,1997,LF,Karim García,21,15,46,39,5,5,0,0,1,8,0,0,6,14,0.128,0.239,0.205,0.444,22,8,0,0,0,1,1,Left,No,USA,120000.0,Rookie
21,1997,2B,Adam Riggs,24,9,24,20,3,4,1,0,0,1,1,0,4,3,0.2,0.333,0.25,0.583,61,5,0,0,0,0,1,Right,No,Dominican Republic,121000.0,Rookie
22,1997,2B,Chad Fonville,26,9,16,14,1,2,0,0,0,1,0,1,2,3,0.143,0.25,0.143,0.393,10,2,0,0,0,0,0,Right,Yes,Venezuela,109000.0,Rookie
23,1997,3B,Chip Hale,32,14,14,12,0,1,0,0,0,0,0,0,2,4,0.083,0.214,0.083,0.298,-15,1,0,0,0,0,0,Left,No,Dominican Republic,119000.0,Rookie
24,1997,OF,Garey Ingram,26,12,10,9,2,4,0,0,0,1,1,0,1,3,0.444,0.5,0.444,0.944,158,4,0,0,0,0,0,Right,No,USA,130000.0,Rookie
25,1997,,Eddie Murray,41,9,9,7,0,2,0,0,0,3,0,0,2,2,0.286,0.444,0.286,0.73,103,2,2,0,0,0,0,Right,Yes,USA,141000.0,Rookie
26,1997,CI,Paul Konerko,21,6,8,7,0,1,0,0,0,0,0,0,1,2,0.143,0.25,0.143,0.393,10,1,1,0,0,0,0,Right,No,USA,137000.0,Rookie
27,1997,,Eddie Williams,32,8,8,7,0,1,0,0,0,1,0,0,1,1,0.143,0.25,0.143,0.393,10,1,0,0,0,0,1,Right,No,USA,110000.0,Rookie
28,1997,CI,Henry Blanco,25,3,5,5,1,2,0,0,1,1,0,0,0,1,0.4,0.4,1.0,1.4,263,5,0,0,0,0,0,Right,No,USA,138000.0,Rookie
29,1997,P,Hideo Nomo,28,30,75,69,3,11,5,0,0,2,0,0,1,32,0.159,0.171,0.232,0.403,8,16,0,0,5,0,0,Right,No,Japan,4000000.0,Mid
30,1997,P,Ismael Valdez,23,28,67,57,0,5,1,0,0,1,1,0,3,17,0.088,0.133,0.105,0.239,-34,6,2,0,7,0,0,Right,No,USA,135000.0,Rookie
31,1997,P,Chan Ho Park,24,31,66,51,5,9,4,0,0,2,0,0,4,21,0.176,0.236,0.255,0.491,33,13,0,0,11,0,0,Right,No,South Korea,15000000.0,Mid
32,1997,P,Pedro Astacio,28,25,51,41,2,6,1,0,0,1,0,0,0,16,0.146,0.146,0.171,0.317,-14,7,0,0,10,0,0,Right,No,Dominican Republic,122000.0,Rookie
33,1997,P,Ramon Martinez,29,21,47,42,5,8,1,0,0,1,0,0,0,11,0.19,0.19,0.214,0.405,9,9,0,0,5,0,0,Left,No,Dominican Republic,2500000.0,Mid
34,1997,P,Tom Candiotti,40,41,42,32,0,3,0,0,0,2,0,0,1,10,0.094,0.121,0.094,0.215,-41,3,1,0,9,0,0,Right,No,USA,111000.0,Rookie
35,1997,P,Dennys Reyes,20,14,11,9,1,0,0,0,0,0,1,0,1,5,0.0,0.1,0.0,0.1,-70,0,0,0,1,0,0,Right,No,Mexico,116000.0,Rookie
36,1997,P,Darren Dreifort,25,46,7,7,0,1,0,0,0,0,0,0,0,5,0.143,0.143,0.143,0.286,-22,1,0,0,0,0,0,Right,No,Dominican Republic,117000.0,Rookie
37,1997,P,Mark Guthrie,31,58,5,4,0,1,0,0,0,0,0,0,0,0,0.25,0.25,0.25,0.5,36,1,0,0,1,0,0,Right,No,USA,125000.0,Rookie
38,1997,P,Scott Radinsky,29,70,4,4,0,0,0,0,0,0,0,0,0,4,0.0,0.0,0.0,0.0,-100,0,0,0,0,0,0,Left,No,Venezuela,133000.0,Rookie
39,1997,P,Mike Harkey,30,9,3,1,0,0,0,0,0,0,0,0,0,1,0.0,0.0,0.0,0.0,-100,0,0,0,2,0,0,Right,No,Mexico,124000.0,Rookie
40,1997,P,Antonio Osuna,24,43,2,2,0,1,0,0,0,0,0,0,0,0,0.5,0.5,0.5,1.0,172,1,0,0,0,0,0,Right,No,USA,111000.0,Rookie
41,1997,P,Mike Judd,22,1,1,1,0,0,0,0,0,0,0,0,0,1,0.0,0.0,0.0,0.0,-100,0,0,0,0,0,0,Right,No,USA,140000.0,Rookie
42,1997,P,Rick Gorecki,23,4,1,0,1,0,0,0,0,0,0,0,0,0,0.0,0.0,0.0,0.0,0,0,0,0,1,0,0,Right,No,USA,140000.0,Rookie
43,1997,P,Darren Hall,32,59,0,0,0,0,0,0,0,0,0,0,0,0,0.0,0.0,0.0,0.0,0,0,0,0,0,0,0,Right,No,USA,135000.0,Rookie
44,1997,P,Todd Worrell,37,62,0,0,0,0,0,0,0,0,0,0,0,0,0.0,0.0,0.0,0.0,0,0,0,0,0,0,0,Right,No,Puerto Rico,141000.0,Rookie
1,1996,C,Mike Piazza,27,148,631,547,87,184,16,0,36,105,0,3,81,93,0.336,0.422,0.563,0.985,166,308,21,1,0,2,21,Right,No,USA,1881000.0,Mid
2,1996,1B,Eric Karros,28,154,670,608,84,158,29,1,34,111,8,0,53,121,0.26,0.316,0.479,0.795,113,291,27,1,0,8,2,Right,No,USA,990000.0,Mid
3,1996,2B,Delino DeShields,27,154,642,581,75,130,12,8,5,41,48,11,53,124,0.224,0.288,0.298,0.585,60,173,12,1,2,5,7,Left,No,USA,140000.0,Rookie
4,1996,SS,Greg Gagne,34,128,487,428,48,109,13,2,10,55,4,2,50,93,0.255,0.333,0.364,0.698,90,156,6,2,4,3,11,Right,No,Dominican Republic,317000.0,Arbitration
5,1996,3B,Mike Blowers,31,92,358,317,31,84,19,2,6,38,0,0,37,77,0.265,0.341,0.394,0.735,100,125,11,1,0,3,2,Right,No,USA,622000.0,Arbitration
6,1996,LF,Todd Hollandsworth,23,149,526,478,64,139,26,4,12,59,21,6,41,93,0.291,0.348,0.437,0.785,113,209,2,2,3,2,1,Left,No,USA,386000.0,Arbitration
7,1996,CF,Wayne Kirby,32,65,208,188,23,51,10,1,1,11,4,2,17,17,0.271,0.333,0.351,0.684,87,66,3,1,1,1,1,Left,No,USA,303000.0,Arbitration
8,1996,RF,Raul Mondesí,25,157,673,634,98,188,40,7,24,88,14,7,32,122,0.297,0.334,0.495,0.83,123,314,6,5,0,2,9,Right,No,South Korea,1099000.0,Mid
9,1996,CF,Roger Cedeño,21,86,238,211,26,52,11,1,2,18,5,1,24,47,0.246,0.326,0.336,0.663,81,71,0,1,2,0,0,Right,Yes,Venezuela,225000.0,Arbitration
10,1996,UT,Chad Fonville,25,103,221,201,34,41,4,1,0,13,7,2,17,31,0.204,0.266,0.234,0.5,38,47,1,0,3,0,1,Right,Yes,USA,188000.0,Rookie
11,1996,3B,Tim Wallach,38,45,175,162,14,37,3,1,4,22,0,1,12,32,0.228,0.286,0.333,0.619,68,54,4,1,0,0,0,Right,No,USA,211000.0,Arbitration
12,1996,SS,Juan Castro,24,70,146,132,16,26,5,3,0,5,1,0,10,27,0.197,0.254,0.28,0.534,46,37,3,0,4,0,0,Right,No,USA,198000.0,Rookie
13,1996,CF,Brett Butler,39,34,145,131,22,35,1,1,0,8,8,3,9,22,0.267,0.313,0.29,0.603,66,38,1,1,1,3,0,Left,No,USA,247000.0,Arbitration
14,1996,LF,Billy Ashley,25,71,133,110,18,22,2,1,9,25,0,0,21,44,0.2,0.331,0.482,0.813,118,53,3,1,0,1,1,Right,No,USA,990000.0,Mid
15,1996,CF,Chad Curtis,27,43,121,104,20,22,5,0,2,9,2,1,17,15,0.212,0.322,0.317,0.64,75,33,1,0,0,0,0,Right,No,USA,431000.0,Arbitration
16,1996,CI,Dave Hansen,27,80,116,104,7,23,1,0,0,6,0,0,11,22,0.221,0.293,0.231,0.524,45,24,4,0,0,1,1,Left,No,USA,165000.0,Rookie
17,1996,3B,Mike Busch,27,38,88,83,8,18,4,0,4,17,0,0,5,33,0.217,0.261,0.41,0.671,80,34,2,0,0,0,0,Right,No,USA,120000.0,Rookie
18,1996,C,Tom Prince,31,40,77,64,6,19,6,0,1,11,0,0,6,15,0.297,0.365,0.438,0.802,118,28,0,2,3,2,2,Right,No,USA,139000.0,Rookie
19,1996,LF,Milt Thompson,37,48,57,51,2,6,1,0,0,1,1,1,6,10,0.118,0.211,0.137,0.348,-3,7,1,0,0,0,0,Left,No,USA,118000.0,Rookie
20,1996,LF,Dave Clark,33,15,18,15,0,3,0,0,0,1,0,0,3,2,0.2,0.333,0.2,0.533,50,3,0,0,0,0,0,Left,No,USA,124000.0,Rookie
21,1996,C,Carlos Hernández,29,13,16,14,1,4,0,0,0,0,0,0,2,2,0.286,0.375,0.286,0.661,84,4,0,0,0,0,0,Right,No,USA,138000.0,Rookie
22,1996,OF,Rick Parker,33,16,15,14,2,4,1,0,0,1,1,0,0,2,0.286,0.333,0.357,0.69,89,5,1,1,0,0,0,Right,No,USA,132000.0,Rookie
23,1996,1B,Oreste Marrero,26,10,9,8,2,3,1,0,0,1,0,0,1,3,0.375,0.444,0.5,0.944,157,4,0,0,0,0,0,Left,No,Venezuela,111000.0,Rookie
24,1996,,Wilton Guerrero,21,5,2,2,1,0,0,0,0,0,0,0,0,2,0.0,0.0,0.0,0.0,-100,0,0,0,0,0,0,Right,Yes,Dominican Republic,114000.0,Rookie
25,1996,,Karim García,20,1,1,1,0,0,0,0,0,0,0,0,0,1,0.0,0.0,0.0,0.0,-100,0,0,0,0,0,0,Left,No,Dominican Republic,109000.0,Rookie
26,1996,P,Hideo Nomo,27,33,87,75,1,10,4,0,0,3,0,0,2,38,0.133,0.156,0.187,0.343,-7,14,1,0,10,0,0,Right,No,Japan,4000000.0,Mid
27,1996,P,Ismael Valdez,22,33,84,70,6,10,1,0,0,2,0,0,1,25,0.143,0.155,0.157,0.312,-15,11,1,0,13,0,0,Right,No,Dominican Republic,124000.0,Rookie
28,1996,P,Pedro Astacio,27,35,77,68,1,6,0,0,0,3,0,0,1,28,0.088,0.101,0.088,0.19,-48,6,0,0,8,0,0,Right,No,Dominican Republic,113000.0,Rookie
29,1996,P,Ramon Martinez,28,30,69,59,3,7,0,0,0,2,0,0,2,22,0.119,0.148,0.119,0.266,-26,7,0,0,8,0,0,Left,No,Dominican Republic,2500000.0,Mid
30,1996,P,Tom Candiotti,39,28,56,45,3,4,0,0,0,2,0,0,0,14,0.089,0.106,0.089,0.195,-46,4,1,1,9,1,0,Right,No,USA,126000.0,Rookie
31,1996,P,Chan Ho Park,23,48,23,19,0,1,0,0,0,2,0,0,1,9,0.053,0.1,0.053,0.153,-57,1,0,0,3,0,0,Right,No,South Korea,15000000.0,Mid
32,1996,P,Joey Eischen,26,28,6,6,0,0,0,0,0,0,0,0,0,2,0.0,0.0,0.0,0.0,-100,0,0,0,0,0,0,Left,No,USA,125000.0,Rookie
33,1996,P,Mark Guthrie,30,66,3,3,0,0,0,0,0,0,0,0,0,0,0.0,0.0,0.0,0.0,-100,0,0,0,0,0,0,Right,No,Dominican Republic,131000.0,Rookie
34,1996,P,Antonio Osuna,23,73,3,1,0,0,0,0,0,1,0,0,1,0,0.0,0.333,0.0,0.333,1,0,0,0,0,1,0,Right,No,USA,111000.0,Rookie
35,1996,P,Darren Dreifort,24,20,3,3,0,0,0,0,0,0,0,0,0,2,0.0,0.0,0.0,0.0,-100,0,0,0,0,0,0,Right,No,USA,118000.0,Rookie
36,1996,P,Scott Radinsky,28,58,1,1,0,0,0,0,0,0,0,0,0,0,0.0,0.0,0.0,0.0,-100,0,0,0,0,0,0,Left,No,USA,135000.0,Rookie
37,1996,P,Darren Hall,31,9,0,0,0,0,0,0,0,0,0,0,0,0,0.0,0.0,0.0,0.0,0,0,0,0,0,0,0,Right,No,USA,124000.0,Rookie
38,1996,P,John Cummings,27,4,0,0,0,0,0,0,0,0,0,0,0,0,0.0,0.0,0.0,0.0,0,0,0,0,0,0,0,Left,No,Cuba,127000.0,Rookie
39,1996,P,Todd Worrell,36,72,0,0,0,0,0,0,0,0,0,0,0,0,0.0,0.0,0.0,0.0,0,0,0,0,0,0,0,Right,No,Mexico,123000.0,Rookie
40,1996,P,Jim Bruske,31,11,0,0,0,0,0,0,0,0,0,0,0,0,0.0,0.0,0.0,0.0,0,0,0,0,0,0,0,Right,No,USA,110000.0,Rookie
1,1995,C,Mike Piazza,26,112,475,434,82,150,17,0,32,93,1,0,39,80,0.346,0.4,0.606,1.006,172,263,10,1,0,1,10,Right,No,USA,1516000.0,Mid
2,1995,1B,Eric Karros,27,143,620,551,83,164,29,3,32,105,4,4,61,115,0.298,0.369,0.535,0.905,145,295,14,4,0,4,4,Right,No,USA,1832000.0,Mid
3,1995,2B,Delino DeShields,26,127,493,425,66,109,18,3,8,37,39,14,63,83,0.256,0.353,0.369,0.722,99,157,6,1,3,1,4,Left,No,Dominican Republic,558000.0,Arbitration
4,1995,SS,Jose Offerman,26,119,511,429,69,123,14,6,4,33,2,7,69,67,0.287,0.389,0.375,0.765,112,161,5,3,10,0,0,Right,Yes,Dominican Republic,487000.0,Arbitration
5,1995,3B,Tim Wallach,37,97,362,327,24,87,22,2,9,38,0,0,27,69,0.266,0.326,0.428,0.754,106,140,11,4,0,4,4,Right,No,USA,602000.0,Arbitration
6,1995,LF,Billy Ashley,24,81,244,215,17,51,5,0,8,27,0,0,25,88,0.237,0.32,0.372,0.692,90,80,8,2,0,2,4,Right,No,USA,373000.0,Arbitration
7,1995,CF,Roberto Kelly,30,112,436,409,47,114,19,2,6,48,15,7,15,65,0.279,0.306,0.379,0.685,87,155,10,4,0,7,5,Right,No,Venezuela,459000.0,Arbitration
8,1995,RF,Raul Mondesí,24,139,580,536,91,153,23,6,26,88,27,4,33,96,0.285,0.328,0.496,0.824,123,266,7,4,0,7,4,Right,No,Dominican Republic,1051000.0,Mid
9,1995,MI,Chad Fonville,24,88,338,308,41,85,6,1,0,16,20,5,23,39,0.276,0.328,0.302,0.63,75,93,3,1,6,0,1,Right,Yes,USA,254000.0,Arbitration
10,1995,3B,Dave Hansen,26,100,211,181,19,52,10,0,1,14,0,0,28,28,0.287,0.384,0.359,0.743,106,65,4,1,0,1,4,Left,No,USA,892000.0,Mid
11,1995,CF,Brett Butler,38,39,178,146,24,40,5,2,0,13,11,1,24,9,0.274,0.368,0.336,0.703,95,49,1,0,4,4,0,Left,No,Venezuela,368000.0,Arbitration
12,1995,CF,Todd Hollandsworth,22,41,115,103,16,24,2,0,5,13,2,1,10,29,0.233,0.304,0.398,0.702,91,41,1,1,0,1,2,Left,No,Japan,498000.0,Arbitration
13,1995,C,Carlos Hernández,28,45,103,94,3,14,1,0,2,8,0,0,7,25,0.149,0.216,0.223,0.439,21,21,5,1,1,0,0,Right,No,USA,268000.0,Arbitration
14,1995,UT,Chris Gwynn,30,67,92,84,8,18,3,2,1,10,0,0,6,23,0.214,0.272,0.333,0.605,65,28,5,1,0,1,1,Left,No,USA,132000.0,Rookie
15,1995,RF,Henry Rodriguez,27,21,85,80,6,21,4,1,1,10,0,1,5,17,0.263,0.306,0.375,0.681,86,30,3,0,0,0,2,Left,No,Cuba,141000.0,Rookie
16,1995,UT,Garey Ingram,24,44,66,55,5,11,2,0,0,3,3,0,9,8,0.2,0.313,0.236,0.549,54,13,0,0,2,0,0,Right,No,USA,128000.0,Rookie
17,1995,OF,Mitch Webster,36,54,63,56,6,10,1,1,1,3,0,0,4,14,0.179,0.246,0.286,0.532,46,16,1,1,2,0,1,Right,Yes,Dominican Republic,117000.0,Rookie
18,1995,OF,Roger Cedeño,20,40,46,42,4,10,2,0,0,3,1,0,3,10,0.238,0.283,0.286,0.568,57,12,1,0,0,1,0,Right,Yes,USA,123000.0,Rookie
19,1995,C,Tom Prince,30,18,44,40,3,8,2,1,1,4,0,0,4,10,0.2,0.273,0.375,0.648,76,15,0,0,0,0,0,Right,No,USA,128000.0,Rookie
20,1995,OF,Rick Parker,32,27,33,29,3,8,0,0,0,4,1,1,2,4,0.276,0.323,0.276,0.598,67,8,1,0,2,0,0,Right,No,Dominican Republic,111000.0,Rookie
21,1995,OF,Karim García,19,13,20,20,1,4,0,0,0,0,0,0,0,4,0.2,0.2,0.2,0.4,11,4,0,0,0,0,0,Left,No,Cuba,129000.0,Rookie
22,1995,CI,Mike Busch,26,13,17,17,3,4,0,0,3,6,0,0,0,7,0.235,0.235,0.765,1.0,161,13,0,0,0,0,0,Right,No,Dominican Republic,141000.0,Rookie
23,1995,IF,Jeff Treadway,32,17,17,17,2,2,0,1,0,3,0,0,0,2,0.118,0.118,0.235,0.353,-6,4,0,0,0,0,0,Left,No,USA,115000.0,Rookie
24,1995,OF,Reggie Williams,29,15,13,11,2,1,0,0,0,1,0,0,2,3,0.091,0.231,0.091,0.322,-7,1,0,0,0,0,0,Right,Yes,USA,135000.0,Rookie
25,1995,IF,Dick Schofield,32,9,11,10,0,1,0,0,0,0,0,0,1,3,0.1,0.182,0.1,0.282,-20,1,0,0,0,0,0,Right,No,USA,139000.0,Rookie
26,1995,3B,Eddie Pye,28,7,8,8,0,0,0,0,0,0,0,0,0,4,0.0,0.0,0.0,0.0,-100,0,0,0,0,0,0,Right,No,USA,140000.0,Rookie
27,1995,IF,Juan Castro,23,11,5,4,0,1,0,0,0,0,0,0,1,1,0.25,0.4,0.25,0.65,84,1,0,0,0,0,0,Right,No,USA,140000.0,Rookie
28,1995,C,Noe Munoz,27,2,1,1,0,0,0,0,0,0,0,0,0,0,0.0,0.0,0.0,0.0,-100,0,0,0,0,0,0,Right,No,Venezuela,126000.0,Rookie
29,1995,P,Ramon Martinez,27,30,78,64,2,11,4,0,0,4,0,0,1,19,0.172,0.185,0.234,0.419,14,15,0,0,13,0,0,Left,No,Dominican Republic,2500000.0,Mid
30,1995,P,Hideo Nomo,26,28,72,66,2,6,0,0,0,4,0,0,0,33,0.091,0.09,0.091,0.18,-50,6,1,0,5,1,0,Right,No,Japan,4000000.0,Mid
31,1995,P,Ismael Valdez,21,33,70,62,2,6,0,0,0,1,1,0,1,26,0.097,0.111,0.097,0.208,-42,6,0,0,7,0,0,Right,No,USA,114000.0,Rookie
32,1995,P,Tom Candiotti,38,30,63,55,2,6,0,0,0,2,0,0,3,16,0.109,0.155,0.109,0.264,-26,6,1,0,5,0,0,Right,No,USA,125000.0,Rookie
33,1995,P,Pedro Astacio,26,48,27,24,0,3,1,0,0,0,0,0,1,9,0.125,0.16,0.167,0.327,-10,4,1,0,2,0,0,Right,No,Venezuela,132000.0,Rookie
34,1995,P,Kevin Tapani,31,13,20,17,0,3,1,0,0,2,0,0,0,7,0.176,0.176,0.235,0.412,12,4,0,0,3,0,0,Right,No,Venezuela,117000.0,Rookie
35,1995,P,Willie Banks,26,6,11,8,1,1,0,0,0,0,0,0,1,4,0.125,0.3,0.125,0.425,23,1,0,1,1,0,0,Right,No,USA,130000.0,Rookie
36,1995,P,John Cummings,26,35,3,3,0,0,0,0,0,0,0,0,0,1,0.0,0.0,0.0,0.0,-100,0,0,0,0,0,0,Left,No,Dominican Republic,131000.0,Rookie
37,1995,P,Jose Parra,22,8,2,0,0,0,0,0,0,0,0,0,0,0,0.0,0.0,0.0,0.0,0,0,0,0,2,0,0,Right,No,USA,114000.0,Rookie
38,1995,P,Antonio Osuna,22,39,2,2,0,0,0,0,0,0,0,0,0,0,0.0,0.0,0.0,0.0,-100,0,0,0,0,0,0,Right,No,Puerto Rico,127000.0,Rookie
39,1995,P,Todd Williams,24,16,2,2,0,1,0,0,0,0,0,0,0,0,0.5,0.5,0.5,1.0,176,1,0,0,0,0,0,Right,No,USA,134000.0,Rookie
40,1995,P,Todd Worrell,35,59,2,2,0,0,0,0,0,0,0,0,0,2,0.0,0.0,0.0,0.0,-100,0,0,0,0,0,0,Right,No,Puerto Rico,125000.0,Rookie
41,1995,P,Chan Ho Park,22,2,1,1,0,0,0,0,0,0,0,0,0,1,0.0,0.0,0.0,0.0,-100,0,0,0,0,0,0,Right,No,South Korea,15000000.0,Mid
42,1995,P,Mark Guthrie,29,24,1,1,0,0,0,0,0,0,0,0,0,0,0.0,0.0,0.0,0.0,-100,0,0,0,0,0,0,Right,No,USA,109000.0,Rookie
43,1995,P,Rob Murphy,35,6,1,1,0,1,0,0,0,0,0,0,0,0,1.0,1.0,1.0,2.0,452,1,0,0,0,0,0,Left,No,USA,121000.0,Rookie
44,1995,P,Rudy Seanez,26,37,1,1,0,0,0,0,0,0,0,0,0,1,0.0,0.0,0.0,0.0,-100,0,0,0,0,0,0,Right,No,Dominican Republic,139000.0,Rookie
45,1995,P,Joey Eischen,25,17,1,1,0,0,0,0,0,0,0,0,0,1,0.0,0.0,0.0,0.0,-100,0,0,0,0,0,0,Left,No,USA,116000.0,Rookie
46,1995,P,Omar Daal,23,28,0,0,0,0,0,0,0,0,0,0,0,0,0.0,0.0,0.0,0.0,0,0,0,0,0,0,0,Left,No,USA,130000.0,Rookie
47,1995,P,Felix Rodriguez,22,11,0,0,0,0,0,0,0,0,0,0,0,0,0.0,0.0,0.0,0.0,0,0,0,0,0,0,0,Right,No,Cuba,116000.0,Rookie
48,1995,P,Greg Hansell,24,20,0,0,0,0,0,0,0,0,0,0,0,0,0.0,0.0,0.0,0.0,0,0,0,0,0,0,0,Right,No,USA,120000.0,Rookie
49,1995,P,Jim Bruske,30,9,0,0,0,0,0,0,0,0,0,0,0,0,0.0,0.0,0.0,0.0,0,0,0,0,0,0,0,Right,No,USA,137000.0,Rookie
1,1994,C,Mike Piazza,25,107,441,405,64,129,18,0,24,92,1,3,33,65,0.319,0.37,0.541,0.91,140,219,11,1,0,2,10,Right,No,USA,1559000.0,Mid
2,1994,1B,Eric Karros,26,111,448,406,51,108,21,1,14,46,2,0,29,53,0.266,0.31,0.426,0.736,95,173,13,2,0,11,1,Right,No,USA,507000.0,Arbitration
3,1994,2B,Delino DeShields,25,89,376,320,51,80,11,3,2,33,27,7,54,53,0.25,0.357,0.322,0.679,84,103,9,0,1,1,0,Left,No,USA,313000.0,Arbitration
4,1994,SS,Jose Offerman,25,72,289,243,27,51,8,4,1,25,2,1,38,38,0.21,0.314,0.288,0.603,63,70,6,0,6,2,4,Right,Yes,Mexico,239000.0,Arbitration
5,1994,3B,Tim Wallach,36,113,466,414,68,116,21,1,23,78,0,2,46,80,0.28,0.356,0.502,0.859,127,208,12,4,0,2,2,Right,No,USA,917000.0,Mid
6,1994,LF,Henry Rodriguez,26,104,330,306,33,82,14,2,8,49,0,1,17,58,0.268,0.307,0.405,0.712,89,124,9,2,1,4,2,Left,No,Cuba,759000.0,Arbitration
7,1994,CF,Brett Butler,37,111,496,417,79,131,13,9,8,33,27,8,68,52,0.314,0.411,0.446,0.857,130,186,2,2,7,2,0,Left,No,Dominican Republic,692000.0,Arbitration
8,1994,RF,Raul Mondesí,23,112,454,434,63,133,27,8,16,56,11,8,16,78,0.306,0.333,0.516,0.849,123,224,9,2,0,2,5,Right,No,USA,705000.0,Arbitration
9,1994,LF,Cory Snyder,31,73,171,153,18,36,6,0,6,18,1,0,14,47,0.235,0.3,0.392,0.692,84,60,5,1,1,2,4,Right,No,Mexico,364000.0,Arbitration
10,1994,SS,Rafael Bournigal,28,40,132,116,2,26,3,1,0,11,0,0,9,5,0.224,0.291,0.267,0.559,51,31,4,2,5,0,1,Right,No,USA,258000.0,Arbitration
11,1994,LF,Mitch Webster,35,82,93,84,16,23,4,0,4,12,1,2,8,13,0.274,0.344,0.464,0.808,114,39,2,1,0,0,1,Right,Yes,USA,141000.0,Rookie
12,1994,2B,Garey Ingram,23,26,86,78,10,22,1,0,3,8,0,0,7,22,0.282,0.341,0.41,0.751,101,32,3,0,1,0,3,Right,No,Mexico,110000.0,Rookie
13,1994,LF,Chris Gwynn,29,58,78,71,9,19,0,0,3,13,0,2,7,7,0.268,0.333,0.394,0.728,94,28,1,0,0,0,0,Left,No,Dominican Republic,134000.0,Rookie
14,1994,IF,Jeff Treadway,31,52,78,67,14,20,3,0,0,5,1,1,5,8,0.299,0.351,0.343,0.695,88,23,1,1,4,1,0,Left,No,Venezuela,121000.0,Rookie
15,1994,C,Carlos Hernández,27,32,65,64,6,14,2,0,2,6,0,0,1,14,0.219,0.231,0.344,0.575,52,22,0,0,0,0,0,Right,No,USA,122000.0,Rookie
16,1994,3B,Dave Hansen,25,40,49,44,3,15,3,0,0,5,0,0,5,5,0.341,0.408,0.409,0.817,120,18,0,0,0,0,0,Left,No,USA,134000.0,Rookie
17,1994,MI,Eddie Pye,27,7,12,10,2,1,0,0,0,0,0,0,1,4,0.1,0.182,0.1,0.282,-21,1,0,0,1,0,0,Right,No,USA,139000.0,Rookie
18,1994,C,Tom Prince,29,3,7,6,2,2,0,0,0,1,0,0,1,3,0.333,0.429,0.333,0.762,108,2,0,0,0,0,0,Right,No,USA,140000.0,Rookie
19,1994,LF,Billy Ashley,23,2,6,6,0,2,1,0,0,0,0,0,0,2,0.333,0.333,0.5,0.833,120,3,0,0,0,0,0,Right,No,Dominican Republic,128000.0,Rookie
20,1994,P,Ramon Martinez,26,24,72,66,4,18,3,0,0,3,0,2,1,18,0.273,0.284,0.318,0.602,61,21,1,0,5,0,0,Left,No,Dominican Republic,2500000.0,Mid
21,1994,P,Tom Candiotti,37,23,58,50,2,7,1,0,0,3,0,0,1,9,0.14,0.157,0.16,0.317,-15,8,0,0,7,0,0,Right,No,USA,135000.0,Rookie
22,1994,P,Kevin Gross,33,25,54,47,2,7,0,0,1,3,0,0,3,18,0.149,0.2,0.213,0.413,11,10,1,0,4,0,0,Right,No,Dominican Republic,117000.0,Rookie
23,1994,P,Orel Hershiser,35,22,52,44,4,9,0,0,0,4,1,0,2,10,0.205,0.245,0.205,0.449,22,9,0,1,3,2,0,Right,No,USA,3000000.0,Star
24,1994,P,Pedro Astacio,25,23,51,47,2,3,0,0,0,0,0,0,0,22,0.064,0.064,0.064,0.128,-66,3,0,0,4,0,0,Right,No,USA,121000.0,Rookie
25,1994,P,Ismael Valdez,20,21,2,2,0,0,0,0,0,0,0,0,0,1,0.0,0.0,0.0,0.0,-100,0,0,0,0,0,0,Right,No,USA,130000.0,Rookie
26,1994,P,Darren Dreifort,22,28,2,1,0,1,0,0,0,1,0,0,0,0,1.0,1.0,1.0,2.0,440,1,0,0,1,0,0,Right,No,Dominican Republic,117000.0,Rookie
27,1994,P,Roger McDowell,33,32,1,1,0,0,0,0,0,0,0,0,0,1,0.0,0.0,0.0,0.0,-100,0,0,0,0,0,0,Right,No,USA,115000.0,Rookie
28,1994,P,Rudy Seanez,25,17,1,1,0,0,0,0,0,0,0,0,0,1,0.0,0.0,0.0,0.0,-100,0,0,0,0,0,0,Right,No,Dominican Republic,139000.0,Rookie
29,1994,P,Gary Wayne,31,19,1,1,0,0,0,0,0,0,0,0,0,0,0.0,0.0,0.0,0.0,-100,0,0,0,0,0,0,Left,No,USA,112000.0,Rookie
30,1994,P,Chan Ho Park,21,2,0,0,0,0,0,0,0,0,0,0,0,0,0.0,0.0,0.0,0.0,0,0,0,0,0,0,0,Right,No,South Korea,15000000.0,Mid
31,1994,P,Omar Daal,22,24,0,0,0,0,0,0,0,0,0,0,0,0,0.0,0.0,0.0,0.0,0,0,0,0,0,0,0,Left,No,USA,116000.0,Rookie
32,1994,P,Brian Barnes,27,5,0,0,0,0,0,0,0,0,0,0,0,0,0.0,0.0,0.0,0.0,0,0,0,0,0,0,0,Left,No,USA,110000.0,Rookie
33,1994,P,Al Osuna,28,15,0,0,0,0,0,0,0,0,0,0,0,0,0.0,0.0,0.0,0.0,0,0,0,0,0,0,0,Right,No,Cuba,110000.0,Rookie
34,1994,P,Jim Gott,34,37,0,0,0,0,0,0,0,0,0,0,0,0,0.0,0.0,0.0,0.0,0,0,0,0,0,0,0,Right,No,USA,115000.0,Rookie
35,1994,P,Todd Worrell,34,38,0,0,0,0,0,0,0,0,0,0,0,0,0.0,0.0,0.0,0.0,0,0,0,0,0,0,0,Right,No,USA,137000.0,Rookie
1,1993,C,Mike Piazza,24,149,602,547,81,174,24,2,35,112,3,4,46,86,0.318,0.37,0.561,0.932,153,307,10,3,0,6,6,Right,No,USA,1203000.0,Mid
2,1993,1B,Eric Karros,25,158,658,619,74,153,27,2,23,80,0,1,34,82,0.247,0.287,0.409,0.696,89,253,17,2,0,3,1,Right,No,USA,411000.0,Arbitration
3,1993,2B,Jody Reed,30,132,504,445,48,123,21,2,2,31,1,3,38,40,0.276,0.333,0.346,0.679,88,154,16,1,17,3,10,Right,No,USA,409000.0,Arbitration
4,1993,SS,Jose Offerman,24,158,696,590,77,159,21,6,1,62,30,13,71,75,0.269,0.346,0.331,0.676,88,195,12,2,25,8,7,Right,Yes,USA,286000.0,Arbitration
5,1993,3B,Tim Wallach,35,133,522,477,42,106,19,1,12,62,0,2,32,70,0.222,0.271,0.342,0.612,68,163,10,3,1,9,2,Right,No,USA,336000.0,Arbitration
6,1993,LF,Eric Davis,31,108,422,376,57,88,17,0,14,53,33,5,41,88,0.234,0.308,0.391,0.699,91,147,8,1,0,4,6,Right,No,Mexico,393000.0,Arbitration
7,1993,CF,Brett Butler,36,156,716,607,80,181,21,10,1,42,39,19,86,69,0.298,0.387,0.371,0.758,110,225,6,5,14,4,1,Left,No,USA,639000.0,Arbitration
8,1993,RF,Cory Snyder,30,143,570,516,61,137,33,1,11,56,4,1,47,147,0.266,0.331,0.397,0.728,100,205,8,4,2,1,3,Right,No,USA,650000.0,Arbitration
9,1993,LF,Mitch Webster,34,88,192,172,26,42,6,2,2,14,4,6,11,24,0.244,0.293,0.337,0.63,73,58,3,2,4,3,2,Right,Yes,USA,315000.0,Arbitration
10,1993,OF,Henry Rodriguez,25,76,188,176,20,39,10,0,8,23,1,0,11,39,0.222,0.266,0.415,0.681,84,73,1,0,0,1,2,Left,No,Cuba,400000.0,Arbitration
11,1993,2B,Lenny Harris,28,107,176,160,20,38,6,1,2,11,3,1,15,15,0.238,0.303,0.325,0.628,73,52,4,0,1,0,4,Left,No,Dominican Republic,496000.0,Arbitration
12,1993,3B,Dave Hansen,24,84,127,105,13,38,3,0,4,30,0,1,21,13,0.362,0.465,0.505,0.969,167,53,0,0,0,1,3,Left,No,Puerto Rico,1407000.0,Mid
13,1993,RF,Darryl Strawberry,31,32,120,100,12,14,2,0,5,12,1,0,16,19,0.14,0.267,0.31,0.577,58,31,1,2,0,2,1,Left,No,Dominican Republic,188000.0,Rookie
14,1993,C,Carlos Hernández,26,50,102,99,6,25,5,0,2,7,0,0,2,11,0.253,0.267,0.364,0.631,72,36,0,0,1,0,0,Right,No,USA,418000.0,Arbitration
15,1993,IF,Mike Sharperson,31,73,97,90,13,23,4,0,2,10,2,0,5,17,0.256,0.299,0.367,0.666,82,33,2,1,0,1,0,Right,No,USA,125000.0,Rookie
16,1993,OF,Raul Mondesí,22,42,91,86,13,25,3,1,4,10,4,1,4,16,0.291,0.322,0.488,0.811,120,42,1,0,1,0,0,Right,No,Dominican Republic,125000.0,Rookie
17,1993,LF,Billy Ashley,22,14,39,37,0,9,0,0,0,0,0,0,2,11,0.243,0.282,0.243,0.525,47,9,0,0,0,0,0,Right,No,Mexico,116000.0,Rookie
18,1993,OF,Tom Goodwin,24,30,18,17,6,5,1,0,0,1,1,2,1,4,0.294,0.333,0.353,0.686,89,6,1,0,0,0,0,Left,No,USA,128000.0,Rookie
19,1993,MI,Rafael Bournigal,27,8,18,18,0,9,1,0,0,3,0,0,0,2,0.5,0.5,0.556,1.056,191,10,0,0,0,0,0,Right,No,USA,115000.0,Rookie
20,1993,RF,Jerry Brooks,26,9,9,9,2,2,1,0,1,1,0,0,0,2,0.222,0.222,0.667,0.889,134,6,0,0,0,0,0,Right,No,USA,120000.0,Rookie
21,1993,P,Orel Hershiser,34,34,83,73,11,26,4,0,0,6,0,1,2,5,0.356,0.373,0.411,0.784,116,30,1,0,8,0,0,Right,No,USA,3000000.0,Star
22,1993,P,Kevin Gross,32,33,78,64,6,13,2,0,1,7,0,0,5,32,0.203,0.271,0.281,0.553,53,18,1,1,8,0,0,Right,No,USA,116000.0,Rookie
23,1993,P,Ramon Martinez,25,32,78,70,2,9,1,0,0,2,0,0,0,23,0.129,0.127,0.143,0.27,-26,10,1,0,7,1,0,Left,No,Dominican Republic,2500000.0,Mid
24,1993,P,Tom Candiotti,36,33,70,60,1,8,2,0,0,2,0,0,1,13,0.133,0.148,0.167,0.314,-14,10,2,0,9,0,0,Right,No,South Korea,111000.0,Rookie
25,1993,P,Pedro Astacio,24,31,69,62,4,10,0,0,0,2,0,1,0,26,0.161,0.161,0.161,0.323,-11,10,0,0,7,0,0,Right,No,Puerto Rico,140000.0,Rookie
26,1993,P,Pedro Martinez,21,66,6,4,0,0,0,0,0,0,0,0,0,3,0.0,0.0,0.0,0.0,-100,0,0,0,2,0,0,Right,No,Dominican Republic,126000.0,Rookie
27,1993,P,Ricky Trlicek,24,41,4,4,0,1,0,0,0,0,0,0,0,3,0.25,0.25,0.25,0.5,38,1,0,0,0,0,0,Right,No,USA,122000.0,Rookie
28,1993,P,Roger McDowell,32,54,2,2,0,1,0,0,0,0,0,0,0,1,0.5,0.5,0.5,1.0,177,1,0,0,0,0,0,Right,No,USA,136000.0,Rookie
29,1993,P,Steve Wilson,28,25,2,2,0,0,0,0,0,0,0,0,0,0,0.0,0.0,0.0,0.0,-100,0,0,0,0,0,0,Left,No,USA,136000.0,Rookie
30,1993,P,Omar Daal,21,47,1,0,0,0,0,0,0,0,0,0,1,0,0.0,1.0,0.0,0.0,0,0,0,0,0,0,0,Left,No,USA,120000.0,Rookie
31,1993,P,Jim Gott,33,62,1,1,0,0,0,0,0,0,0,0,0,1,0.0,0.0,0.0,0.0,-100,0,0,0,0,0,0,Right,No,USA,132000.0,Rookie
32,1993,P,John DeSilva,25,3,0,0,0,0,0,0,0,0,0,0,0,0,0.0,0.0,0.0,0.0,0,0,0,0,0,0,0,Right,No,USA,134000.0,Rookie
33,1993,P,Kip Gross,28,10,0,0,0,0,0,0,0,0,0,0,0,0,0.0,0.0,0.0,0.0,0,0,0,0,0,0,0,Right,No,USA,130000.0,Rookie
34,1993,P,Rod Nichols,28,4,0,0,0,0,0,0,0,0,0,0,0,0,0.0,0.0,0.0,0.0,0,0,0,0,0,0,0,Right,No,USA,114000.0,Rookie
35,1993,P,Todd Worrell,33,35,0,0,0,0,0,0,0,0,0,0,0,0,0.0,0.0,0.0,0.0,0,0,0,0,0,0,0,Right,No,Dominican Republic,138000.0,Rookie
1,1992,C,Mike Scioscia,33,117,389,348,19,77,6,3,3,24,3,2,32,31,0.221,0.286,0.282,0.568,63,98,9,1,5,3,4,Left,No,USA,197000.0,Rookie
2,1992,1B,Eric Karros,24,149,589,545,63,140,30,1,20,88,2,4,37,103,0.257,0.304,0.426,0.73,106,232,15,2,0,5,3,Right,No,USA,470000.0,Arbitration
3,1992,2B,Lenny Harris,27,135,380,347,28,94,11,0,0,30,19,7,24,24,0.271,0.318,0.303,0.621,78,105,10,1,6,2,3,Left,No,Venezuela,371000.0,Arbitration
4,1992,SS,Jose Offerman,23,149,598,534,67,139,20,8,1,30,23,16,57,98,0.26,0.331,0.333,0.664,90,178,5,0,5,2,4,Right,Yes,USA,203000.0,Arbitration
5,1992,3B,Dave Hansen,23,132,379,341,30,73,11,0,6,22,0,2,34,49,0.214,0.286,0.299,0.585,67,102,9,1,0,2,3,Left,No,USA,130000.0,Rookie
6,1992,LF,Eric Davis,30,76,308,267,21,61,8,1,5,32,19,1,36,71,0.228,0.325,0.322,0.647,85,86,9,3,0,2,2,Right,No,USA,453000.0,Arbitration
7,1992,CF,Brett Butler,35,157,676,553,86,171,14,11,3,39,41,21,95,67,0.309,0.413,0.391,0.803,130,216,4,3,24,1,2,Left,No,Mexico,793000.0,Arbitration
8,1992,RF,Darryl Strawberry,30,43,177,156,20,37,8,0,5,25,3,1,19,34,0.237,0.322,0.385,0.707,101,60,2,1,0,1,4,Left,No,USA,717000.0,Arbitration
9,1992,IF,Mike Sharperson,30,128,372,317,48,95,21,0,3,36,2,2,47,33,0.3,0.387,0.394,0.781,124,125,9,0,5,3,1,Right,No,USA,770000.0,Arbitration
10,1992,UT,Todd Benzinger,29,121,313,293,24,70,16,2,4,31,2,4,15,54,0.239,0.272,0.348,0.62,76,102,6,0,0,5,1,Right,Yes,USA,282000.0,Arbitration
11,1992,OF,Mitch Webster,33,135,304,262,33,70,12,5,6,35,11,5,27,49,0.267,0.334,0.42,0.754,114,110,1,2,8,5,3,Right,Yes,USA,925000.0,Mid
12,1992,C,Carlos Hernández,25,69,190,173,11,45,4,0,3,17,0,1,11,21,0.26,0.316,0.335,0.651,86,58,8,4,0,2,1,Right,No,USA,276000.0,Arbitration
13,1992,RF,Henry Rodriguez,24,53,156,146,11,32,7,0,3,14,0,0,8,30,0.219,0.258,0.329,0.587,66,48,2,0,1,1,0,Left,No,Cuba,151000.0,Rookie
14,1992,2B,Eric Young Sr.,25,49,144,132,9,34,1,0,1,11,6,1,8,9,0.258,0.3,0.288,0.588,69,38,3,0,4,0,0,Right,No,Dominican Republic,158000.0,Rookie
15,1992,2B,Juan Samuel,31,47,136,122,7,32,3,1,0,15,2,2,7,22,0.262,0.303,0.303,0.606,74,37,0,1,4,2,3,Right,No,USA,324000.0,Arbitration
16,1992,LF,Kal Daniels,28,35,116,104,9,24,5,0,2,8,0,0,10,30,0.231,0.302,0.337,0.638,82,35,7,1,0,1,0,Left,No,USA,269000.0,Arbitration
17,1992,RF,Billy Ashley,21,29,100,95,6,21,5,0,2,6,0,0,5,34,0.221,0.26,0.337,0.597,69,32,2,0,0,0,0,Right,No,Dominican Republic,150000.0,Rookie
18,1992,3B,Dave Anderson,31,51,91,84,10,24,4,0,3,8,0,4,4,11,0.286,0.311,0.44,0.752,112,37,3,0,1,2,0,Right,No,USA,141000.0,Rookie
19,1992,LF,Tom Goodwin,23,57,79,73,15,17,1,1,0,3,7,3,6,10,0.233,0.291,0.274,0.565,62,20,0,0,0,0,0,Left,No,USA,116000.0,Rookie
20,1992,C,Mike Piazza,23,21,74,69,5,16,3,0,1,7,0,0,4,12,0.232,0.284,0.319,0.603,72,22,1,1,0,0,0,Right,No,USA,131000.0,Rookie
21,1992,OF,Stan Javier,28,56,66,58,6,11,3,0,1,5,1,2,6,11,0.19,0.277,0.293,0.57,63,17,0,1,1,0,2,Right,Yes,Dominican Republic,133000.0,Rookie
22,1992,SS,Rafael Bournigal,26,10,22,20,1,3,1,0,0,0,0,0,1,2,0.15,0.227,0.2,0.427,23,4,0,1,0,0,0,Right,No,USA,137000.0,Rookie
23,1992,P,Orel Hershiser,33,35,76,68,6,15,5,0,0,5,1,0,1,10,0.221,0.229,0.294,0.523,48,20,0,0,6,1,0,Right,No,USA,3000000.0,Star
24,1992,P,Kevin Gross,31,34,70,63,3,6,1,0,0,0,0,0,4,26,0.095,0.149,0.111,0.26,-25,7,0,0,3,0,0,Right,No,USA,119000.0,Rookie
25,1992,P,Tom Candiotti,35,32,69,56,3,6,1,0,0,1,0,0,1,9,0.107,0.123,0.125,0.248,-29,7,5,0,12,0,0,Right,No,Puerto Rico,120000.0,Rookie
26,1992,P,Ramon Martinez,24,26,55,50,1,6,0,0,0,2,0,0,0,14,0.12,0.12,0.12,0.24,-31,6,0,0,5,0,0,Left,No,Dominican Republic,2500000.0,Mid
27,1992,P,Bob Ojeda,34,29,55,49,1,5,0,1,0,3,0,0,1,11,0.102,0.12,0.143,0.263,-25,7,1,0,5,0,0,Left,No,USA,136000.0,Rookie
28,1992,P,Pedro Astacio,23,11,29,24,2,3,0,0,0,1,0,0,0,14,0.125,0.125,0.125,0.25,-28,3,0,0,5,0,0,Right,No,USA,115000.0,Rookie
29,1992,P,Tim Crews,31,49,7,7,1,2,0,0,0,0,0,0,0,4,0.286,0.286,0.286,0.571,64,2,0,0,0,0,0,Right,No,Puerto Rico,121000.0,Rookie
30,1992,P,Roger McDowell,31,65,7,3,1,0,0,0,0,0,0,0,2,3,0.0,0.5,0.0,0.5,55,0,0,1,1,0,0,Right,No,USA,138000.0,Rookie
31,1992,P,Steve Wilson,27,60,3,3,0,1,0,0,0,0,0,0,0,2,0.333,0.333,0.333,0.667,91,1,0,0,0,0,0,Left,No,Dominican Republic,135000.0,Rookie
32,1992,P,Kip Gross,27,16,3,2,1,2,0,0,0,1,0,0,0,0,1.0,1.0,1.0,2.0,473,2,0,0,1,0,0,Right,No,Venezuela,141000.0,Rookie
33,1992,P,Pedro Martinez,20,2,2,2,0,0,0,0,0,0,0,0,0,0,0.0,0.0,0.0,0.0,-100,0,0,0,0,0,0,Right,No,Dominican Republic,134000.0,Rookie
34,1992,P,Jim Gott,32,68,2,2,0,1,0,0,0,0,0,0,0,1,0.5,0.5,0.5,1.0,186,1,0,0,0,0,0,Right,No,Puerto Rico,122000.0,Rookie
35,1992,P,John Candelaria,38,50,1,0,0,0,0,0,0,0,0,0,1,0,0.0,1.0,0.0,0.0,0,0,0,0,0,0,0,Left,No,Mexico,128000.0,Rookie
36,1992,P,Jay Howell,36,41,0,0,0,0,0,0,0,0,0,0,0,0,0.0,0.0,0.0,0.0,0,0,0,0,0,0,0,Right,No,USA,131000.0,Rookie
1,1991,C,Mike Scioscia,32,119,404,345,39,91,16,2,8,40,4,3,47,32,0.264,0.353,0.391,0.745,112,135,5,3,5,4,3,Left,No,USA,548000.0,Arbitration
2,1991,1B,Eddie Murray,35,153,639,576,69,150,23,1,19,96,10,3,55,74,0.26,0.321,0.403,0.724,105,232,17,0,0,8,17,Right,Yes,USA,620000.0,Arbitration
3,1991,2B,Juan Samuel,30,153,659,594,74,161,22,6,12,58,23,8,49,133,0.271,0.328,0.389,0.717,103,231,8,3,10,3,4,Right,No,Venezuela,864000.0,Mid
4,1991,SS,Alfredo Griffin,33,109,385,350,27,85,6,2,0,27,5,4,22,49,0.243,0.286,0.271,0.557,60,95,5,1,7,5,5,Right,Yes,South Korea,149000.0,Rookie
5,1991,3B,Lenny Harris,26,145,485,429,59,123,16,1,3,38,12,3,37,32,0.287,0.349,0.35,0.698,100,150,16,5,12,2,5,Left,No,Dominican Republic,418000.0,Arbitration
6,1991,LF,Kal Daniels,27,137,531,461,54,115,15,1,17,73,6,1,63,116,0.249,0.337,0.397,0.734,108,183,9,1,0,6,4,Left,No,USA,801000.0,Mid
7,1991,CF,Brett Butler,34,161,730,615,112,182,13,5,2,38,38,28,108,79,0.296,0.401,0.343,0.744,114,211,3,1,4,2,4,Left,No,USA,845000.0,Mid
8,1991,RF,Darryl Strawberry,29,139,588,505,86,134,22,4,28,99,10,8,75,125,0.265,0.361,0.491,0.852,140,248,8,3,0,5,4,Left,No,Dominican Republic,1034000.0,Mid
9,1991,C,Gary Carter,37,101,280,248,22,61,14,0,6,26,2,2,22,26,0.246,0.323,0.375,0.698,98,93,11,7,1,2,1,Right,No,Cuba,243000.0,Arbitration
10,1991,3B,Mike Sharperson,29,105,252,216,24,60,11,2,2,20,1,3,25,24,0.278,0.355,0.375,0.73,108,81,2,1,10,0,0,Right,No,USA,810000.0,Mid
11,1991,OF,Stan Javier,27,121,197,176,21,36,5,3,1,11,7,1,16,36,0.205,0.268,0.284,0.552,57,50,4,0,3,2,0,Right,Yes,USA,171000.0,Rookie
12,1991,OF,Chris Gwynn,26,94,154,139,18,35,5,1,5,22,1,0,10,23,0.252,0.301,0.41,0.711,100,57,5,1,1,3,1,Left,No,USA,782000.0,Arbitration
13,1991,SS,Jose Offerman,22,52,140,113,10,22,2,0,0,3,3,2,25,32,0.195,0.345,0.212,0.558,63,24,5,1,1,0,2,Right,Yes,USA,165000.0,Rookie
14,1991,3B,Jeff Hamilton,27,41,99,94,4,21,4,0,1,14,0,0,4,21,0.223,0.255,0.298,0.553,57,28,2,0,1,0,0,Right,No,Venezuela,112000.0,Rookie
15,1991,OF,Mitch Webster,32,58,84,74,12,21,5,1,1,10,0,1,9,21,0.284,0.361,0.419,0.78,122,31,0,0,1,0,0,Right,Yes,USA,126000.0,Rookie
16,1991,3B,Dave Hansen,22,53,58,56,3,15,4,0,1,5,1,0,2,12,0.268,0.293,0.393,0.686,94,22,2,0,0,0,0,Left,No,USA,126000.0,Rookie
17,1991,OF,Jose Gonzalez,26,42,30,28,3,0,0,0,0,0,0,0,2,9,0.0,0.067,0.0,0.067,-79,0,0,0,0,0,0,Right,No,Venezuela,121000.0,Rookie
18,1991,C,Carlos Hernández,24,15,16,14,1,3,1,0,0,1,1,0,0,5,0.214,0.25,0.286,0.536,52,4,2,1,0,1,0,Right,No,Puerto Rico,140000.0,Rookie
19,1991,1B,Eric Karros,23,14,15,14,0,1,1,0,0,1,0,0,1,6,0.071,0.133,0.143,0.276,-21,2,0,0,0,0,0,Right,No,USA,136000.0,Rookie
20,1991,C,Barry Lyons,31,9,9,9,0,0,0,0,0,0,0,0,0,2,0.0,0.0,0.0,0.0,-100,0,0,0,0,0,0,Right,No,USA,132000.0,Rookie
21,1991,OF,Tom Goodwin,22,16,7,7,3,1,0,0,0,0,1,1,0,0,0.143,0.143,0.143,0.286,-18,1,0,0,0,0,0,Left,No,USA,132000.0,Rookie
22,1991,2B,Greg Smith,24,5,4,3,1,0,0,0,0,0,0,0,0,2,0.0,0.0,0.0,0.0,-100,0,0,0,1,0,0,Right,Yes,USA,124000.0,Rookie
23,1991,,Butch Davis,33,1,1,1,0,0,0,0,0,0,0,0,0,0,0.0,0.0,0.0,0.0,-100,0,0,0,0,0,0,Right,No,USA,139000.0,Rookie
24,1991,P,Mike Morgan,31,34,87,76,2,7,0,0,0,3,0,0,1,11,0.092,0.101,0.092,0.193,-45,7,1,0,8,2,0,Right,No,USA,132000.0,Rookie
25,1991,P,Ramon Martinez,23,33,86,77,6,9,1,0,1,9,0,0,1,25,0.117,0.128,0.169,0.297,-16,13,1,0,8,0,0,Left,No,Dominican Republic,2500000.0,Mid
26,1991,P,Tim Belcher,29,33,74,67,3,8,2,0,0,3,0,0,0,26,0.119,0.119,0.149,0.269,-24,10,1,0,7,0,0,Right,No,Puerto Rico,137000.0,Rookie
27,1991,P,Bob Ojeda,33,31,66,56,2,9,0,0,1,3,0,0,3,10,0.161,0.2,0.214,0.414,18,12,1,0,6,1,0,Left,No,USA,118000.0,Rookie
28,1991,P,Orel Hershiser,32,21,38,31,6,8,2,0,0,2,1,0,3,8,0.258,0.324,0.323,0.646,85,10,0,0,4,0,0,Right,No,USA,3000000.0,Star
29,1991,P,Kevin Gross,30,48,29,25,4,7,1,0,0,3,0,0,2,14,0.28,0.333,0.32,0.653,87,8,0,0,2,0,0,Right,No,USA,115000.0,Rookie
30,1991,P,Mike Hartley,29,40,4,4,0,0,0,0,0,0,0,0,0,1,0.0,0.0,0.0,0.0,-100,0,1,0,0,0,0,Right,No,Puerto Rico,120000.0,Rookie
31,1991,P,Jim Gott,31,55,3,2,0,1,0,0,0,0,0,0,0,1,0.5,0.5,0.5,1.0,186,1,0,0,1,0,0,Right,No,USA,120000.0,Rookie
32,1991,P,Tim Crews,30,60,2,1,0,0,0,0,0,0,0,0,1,1,0.0,0.5,0.0,0.5,55,0,0,0,0,0,0,Right,No,USA,141000.0,Rookie
33,1991,P,Dennis Cook,28,20,2,1,0,0,0,0,0,0,0,0,0,1,0.0,0.0,0.0,0.0,-100,0,0,0,1,0,0,Left,No,Dominican Republic,137000.0,Rookie
34,1991,P,Steve Wilson,26,11,1,1,0,0,0,0,0,0,0,0,0,0,0.0,0.0,0.0,0.0,-100,0,0,0,0,0,0,Left,No,USA,132000.0,Rookie
35,1991,P,Mike Christopher,27,3,0,0,0,0,0,0,0,0,0,0,0,0,0.0,0.0,0.0,0.0,0,0,0,0,0,0,0,Right,No,USA,133000.0,Rookie
36,1991,P,Roger McDowell,30,34,0,0,0,0,0,0,0,0,0,0,0,0,0.0,0.0,0.0,0.0,0,0,0,0,0,0,0,Right,No,USA,127000.0,Rookie
37,1991,P,Jay Howell,35,44,0,0,0,0,0,0,0,0,0,0,0,0,0.0,0.0,0.0,0.0,0,0,0,0,0,0,0,Right,No,USA,140000.0,Rookie
38,1991,P,John Wetteland,24,6,0,0,0,0,0,0,0,0,0,0,0,0,0.0,0.0,0.0,0.0,0,0,0,0,0,0,0,Right,No,USA,125000.0,Rookie
39,1991,P,John Candelaria,37,59,0,0,0,0,0,0,0,0,0,0,0,0,0.0,0.0,0.0,0.0,0,0,0,0,0,0,0,Left,No,USA,121000.0,Rookie
1,1990,C,Mike Scioscia,31,135,498,435,46,115,25,0,12,66,4,1,55,31,0.264,0.348,0.405,0.753,110,176,11,3,1,4,14,Left,No,USA,591000.0,Arbitration
2,1990,1B,Eddie Murray,34,155,645,558,96,184,22,3,26,95,8,5,82,64,0.33,0.414,0.52,0.934,159,290,19,1,0,4,21,Right,Yes,Dominican Republic,1699000.0,Mid
3,1990,2B,Juan Samuel,29,143,558,492,62,119,24,3,13,52,38,20,51,126,0.242,0.316,0.382,0.699,94,188,8,5,5,5,5,Right,No,USA,445000.0,Arbitration
4,1990,SS,Alfredo Griffin,32,141,502,461,38,97,11,3,1,35,6,3,29,65,0.21,0.258,0.254,0.512,44,117,5,2,6,4,11,Right,Yes,USA,183000.0,Rookie
5,1990,3B,Mike Sharperson,28,129,415,357,42,106,14,2,3,36,15,6,46,39,0.297,0.376,0.373,0.748,110,133,5,1,8,3,6,Right,No,Dominican Republic,522000.0,Arbitration
6,1990,LF,Kal Daniels,26,130,526,450,81,133,23,1,27,94,4,3,68,104,0.296,0.389,0.531,0.92,155,239,9,3,2,3,1,Left,No,USA,1815000.0,Mid
7,1990,CF,Kirk Gibson,33,89,359,315,59,82,20,0,8,38,26,2,39,65,0.26,0.345,0.4,0.745,108,126,4,3,0,2,0,Left,No,USA,482000.0,Arbitration
8,1990,RF,Hubie Brooks,33,153,618,568,74,151,28,1,20,91,2,5,33,108,0.266,0.307,0.424,0.732,102,241,13,6,0,11,10,Right,No,USA,801000.0,Mid
9,1990,IF,Lenny Harris,25,137,465,431,61,131,16,4,2,29,15,10,29,31,0.304,0.348,0.374,0.722,102,161,8,1,3,1,2,Left,No,USA,797000.0,Arbitration
10,1990,CF,Stan Javier,26,104,321,276,56,84,9,4,3,24,15,7,37,44,0.304,0.384,0.399,0.783,119,110,6,0,6,2,2,Right,Yes,USA,659000.0,Arbitration
11,1990,LF,Chris Gwynn,25,101,151,141,19,40,2,1,5,22,0,1,7,28,0.284,0.311,0.418,0.73,102,59,2,0,0,3,2,Left,No,Dominican Republic,511000.0,Arbitration
12,1990,C,Rick Dempsey,40,62,151,128,13,25,5,0,2,15,1,0,23,29,0.195,0.318,0.281,0.599,69,36,8,0,0,0,0,Right,No,USA,152000.0,Rookie
13,1990,UT,Mickey Hatcher,35,85,141,132,12,28,3,1,0,13,0,0,6,22,0.212,0.248,0.25,0.498,40,33,1,1,0,2,1,Right,No,Puerto Rico,211000.0,Arbitration
14,1990,2B,Willie Randolph,35,26,113,96,15,26,4,0,1,9,1,0,13,9,0.271,0.364,0.344,0.707,99,33,3,1,3,0,0,Right,No,Dominican Republic,621000.0,Arbitration
15,1990,OF,Jose Gonzalez,25,106,108,99,15,23,5,3,2,8,3,1,6,27,0.232,0.28,0.404,0.684,89,40,1,1,1,1,1,Right,No,Venezuela,414000.0,Arbitration
16,1990,SS,Jose Offerman,21,29,63,58,7,9,0,0,1,7,1,0,4,14,0.155,0.21,0.207,0.417,17,12,0,0,1,0,1,Right,Yes,USA,111000.0,Rookie
17,1990,MI,Jose Vizcaino,22,37,55,51,3,14,1,1,0,2,1,1,4,8,0.275,0.327,0.333,0.661,85,17,1,0,0,0,1,Right,Yes,USA,126000.0,Rookie
18,1990,3B,Jeff Hamilton,26,7,24,24,1,3,0,0,0,1,0,0,0,3,0.125,0.125,0.125,0.25,-30,3,1,0,0,0,0,Right,No,USA,132000.0,Rookie
19,1990,OF,John Shelby,32,25,24,24,2,6,1,0,0,2,1,0,0,7,0.25,0.25,0.292,0.542,51,7,1,0,0,0,0,Right,Yes,Venezuela,137000.0,Rookie
20,1990,C,Carlos Hernández,23,10,20,20,2,4,1,0,0,1,0,0,0,2,0.2,0.2,0.25,0.45,25,5,0,0,0,0,0,Right,No,Cuba,115000.0,Rookie
21,1990,1B,Brian Traxler,22,9,11,11,0,1,1,0,0,0,0,0,0,4,0.091,0.091,0.182,0.273,-26,2,0,0,0,0,0,Left,No,USA,135000.0,Rookie
22,1990,3B,Dave Hansen,21,5,7,7,0,1,0,0,0,1,0,0,0,3,0.143,0.143,0.143,0.286,-20,1,0,0,0,0,0,Left,No,Cuba,127000.0,Rookie
23,1990,1B,Luis Lopez,25,6,6,6,0,0,0,0,0,0,0,0,0,2,0.0,0.0,0.0,0.0,-100,0,0,0,0,0,0,Right,No,Mexico,122000.0,Rookie
24,1990,C,Barry Lyons,30,3,5,5,1,1,0,0,1,2,0,0,0,1,0.2,0.2,0.8,1.0,166,4,0,0,0,0,0,Right,No,USA,113000.0,Rookie
25,1990,C,Darrin Fletcher,23,2,1,1,0,0,0,0,0,0,0,0,0,1,0.0,0.0,0.0,0.0,-100,0,0,0,0,0,0,Left,No,USA,137000.0,Rookie
26,1990,P,Ramon Martinez,22,33,92,80,2,10,0,0,0,6,0,0,1,32,0.125,0.145,0.125,0.27,-24,10,1,1,9,1,0,Left,No,Dominican Republic,2500000.0,Mid
27,1990,P,Mike Morgan,30,33,78,71,2,8,0,0,0,2,0,0,2,25,0.113,0.137,0.113,0.25,-29,8,1,0,5,0,0,Right,No,USA,119000.0,Rookie
28,1990,P,Fernando Valenzuela,29,35,78,69,8,21,5,0,1,11,0,0,1,12,0.304,0.31,0.42,0.73,102,29,0,0,7,1,0,Left,No,Mexico,118000.0,Rookie
29,1990,P,Tim Belcher,28,24,54,43,5,7,1,0,0,1,0,0,0,15,0.163,0.2,0.186,0.386,9,8,1,2,9,0,0,Right,No,USA,137000.0,Rookie
30,1990,P,Jim Neidlinger,25,12,27,25,1,3,0,0,0,2,0,0,2,8,0.12,0.185,0.12,0.305,-13,3,0,0,0,0,0,Right,Yes,USA,131000.0,Rookie
31,1990,P,Mike Hartley,28,32,16,13,1,1,0,0,0,0,0,0,0,8,0.077,0.077,0.077,0.154,-57,1,0,0,3,0,0,Right,No,USA,135000.0,Rookie
32,1990,P,Tim Crews,29,66,8,7,0,0,0,0,0,1,0,0,0,5,0.0,0.0,0.0,0.0,-100,0,0,0,0,1,0,Right,No,USA,117000.0,Rookie
33,1990,P,John Wetteland,23,22,8,7,2,1,0,0,1,3,0,0,0,1,0.143,0.143,0.571,0.714,90,4,0,0,1,0,0,Right,No,Dominican Republic,129000.0,Rookie
34,1990,P,Orel Hershiser,31,4,8,7,0,0,0,0,0,0,0,0,0,1,0.0,0.0,0.0,0.0,-100,0,0,0,1,0,0,Right,No,USA,3000000.0,Star
35,1990,P,Dennis Cook,27,5,7,7,2,2,1,0,0,0,0,0,0,0,0.286,0.286,0.429,0.714,97,3,1,0,0,0,0,Left,No,USA,136000.0,Rookie
36,1990,P,Terry Wells,26,5,7,7,0,0,0,0,0,0,0,0,0,4,0.0,0.0,0.0,0.0,-100,0,0,0,0,0,0,Left,No,Dominican Republic,139000.0,Rookie
37,1990,P,Ray Searage,35,29,2,2,0,0,0,0,0,0,0,0,0,1,0.0,0.0,0.0,0.0,-100,0,0,0,0,0,0,Left,No,Puerto Rico,109000.0,Rookie
38,1990,P,Mike Maddux,28,11,2,2,0,0,0,0,0,0,0,0,0,0,0.0,0.0,0.0,0.0,-100,0,0,0,0,0,0,Left,No,USA,131000.0,Rookie
39,1990,P,Jay Howell,34,45,2,2,0,0,0,0,0,0,0,0,0,0,0.0,0.0,0.0,0.0,-100,0,0,0,0,0,0,Right,No,USA,111000.0,Rookie
40,1990,P,Pat Perry,31,7,1,1,0,0,0,0,0,0,0,0,0,1,0.0,0.0,0.0,0.0,-100,0,0,0,0,0,0,Left,No,USA,127000.0,Rookie
41,1990,P,Mike Munoz,24,8,1,1,0,0,0,0,0,0,0,0,0,1,0.0,0.0,0.0,0.0,-100,0,0,0,0,0,0,Left,No,Dominican Republic,118000.0,Rookie
42,1990,P,Jim Gott,30,50,1,1,0,0,0,0,0,0,0,0,0,1,0.0,0.0,0.0,0.0,-100,0,0,0,0,0,0,Right,No,USA,119000.0,Rookie
43,1990,P,Don Aase,35,32,0,0,0,0,0,0,0,0,0,0,0,0,0.0,0.0,0.0,0.0,0,0,0,0,0,0,0,Right,No,USA,121000.0,Rookie
44,1990,P,Darren Holmes,24,14,0,0,0,0,0,0,0,0,0,0,0,0,0.0,0.0,0.0,0.0,0,0,0,0,0,0,0,Right,No,USA,129000.0,Rookie
45,1990,P,Dave Walsh,29,20,0,0,0,0,0,0,0,0,0,0,0,0,0.0,0.0,0.0,0.0,0,0,0,0,0,0,0,Left,No,Venezuela,120000.0,Rookie
46,1990,P,Jim Poole,24,16,0,0,0,0,0,0,0,0,0,0,0,0,0.0,0.0,0.0,0.0,0,0,0,0,0,0,0,Left,No,USA,133000.0,Rookie
1,1989,C,Mike Scioscia,30,133,471,408,40,102,16,0,10,44,0,2,52,29,0.25,0.338,0.363,0.701,102,148,4,3,7,1,14,Left,No,USA,301000.0,Arbitration
2,1989,1B,Eddie Murray,33,160,690,594,66,147,29,1,20,88,7,2,87,85,0.247,0.342,0.401,0.743,113,238,11,2,0,7,24,Right,Yes,Dominican Republic,220000.0,Arbitration
3,1989,2B,Willie Randolph,34,145,633,549,62,155,18,0,2,36,7,6,71,51,0.282,0.366,0.326,0.692,101,179,11,4,4,5,2,Right,No,Venezuela,177000.0,Rookie
4,1989,SS,Alfredo Griffin,31,136,547,506,49,125,27,2,0,29,10,7,29,57,0.247,0.287,0.308,0.596,72,156,5,0,11,1,2,Right,Yes,Venezuela,84000.0,Rookie
5,1989,3B,Jeff Hamilton,25,151,581,548,45,134,35,1,12,56,0,0,20,71,0.245,0.272,0.378,0.65,85,207,10,3,4,6,5,Right,No,USA,142000.0,Rookie
6,1989,LF,Kirk Gibson,32,71,292,253,35,54,8,2,9,28,12,3,35,55,0.213,0.312,0.368,0.679,95,93,5,2,0,2,5,Left,No,USA,190000.0,Rookie
7,1989,CF,John Shelby,31,108,371,345,28,63,11,1,1,12,10,7,25,92,0.183,0.237,0.229,0.466,35,79,6,0,0,1,5,Right,Yes,Puerto Rico,87000.0,Rookie
8,1989,RF,Mike Marshall,29,105,419,377,41,98,21,1,11,42,2,5,33,78,0.26,0.325,0.408,0.733,110,154,8,5,0,4,4,Right,No,Cuba,231000.0,Arbitration
9,1989,OF,Jose Gonzalez,24,95,286,261,31,70,11,2,3,18,9,3,23,53,0.268,0.326,0.36,0.686,98,94,2,0,1,1,5,Right,No,Venezuela,127000.0,Rookie
10,1989,LF,Mickey Hatcher,34,94,244,224,18,66,9,2,2,25,1,2,13,16,0.295,0.328,0.379,0.707,103,85,7,1,0,6,3,Right,No,Dominican Republic,353000.0,Arbitration
11,1989,RF,Mike Davis,30,67,191,173,21,43,7,1,5,19,6,5,16,28,0.249,0.309,0.387,0.696,99,67,2,0,0,2,1,Left,No,Dominican Republic,186000.0,Rookie
12,1989,C,Rick Dempsey,39,79,183,151,16,27,7,0,4,16,1,0,30,37,0.179,0.319,0.305,0.623,81,46,5,1,1,0,3,Right,No,USA,117000.0,Rookie
13,1989,SS,Dave Anderson,28,87,163,140,15,32,2,0,1,14,2,0,17,26,0.229,0.31,0.264,0.574,67,37,1,0,5,1,1,Right,No,Dominican Republic,103000.0,Rookie
14,1989,UT,Lenny Harris,24,54,159,147,19,37,6,1,1,15,4,3,11,13,0.252,0.308,0.327,0.635,83,48,9,1,0,0,0,Left,No,USA,115000.0,Rookie
15,1989,LF,Franklin Stubbs,28,69,120,103,11,30,6,0,4,15,3,2,16,27,0.291,0.387,0.466,0.853,145,48,3,0,1,0,2,Left,No,Mexico,520000.0,Arbitration
16,1989,UT,Mariano Duncan,26,49,87,84,9,21,5,1,0,8,3,3,0,15,0.25,0.267,0.333,0.601,72,28,1,2,1,0,0,Right,No,USA,74000.0,Rookie
17,1989,OF,Bill Bean,25,51,76,71,7,14,4,0,0,3,0,2,4,10,0.197,0.25,0.254,0.504,45,18,0,1,0,0,0,Left,No,Cuba,62000.0,Rookie
18,1989,OF,Chris Gwynn,24,32,73,68,8,16,4,1,0,7,1,0,2,9,0.235,0.254,0.324,0.577,65,22,1,0,2,1,0,Left,No,Puerto Rico,65000.0,Rookie
19,1989,LF,Kal Daniels,25,11,46,38,7,13,2,0,2,8,3,0,7,5,0.342,0.435,0.553,0.987,183,21,1,0,0,1,0,Left,No,USA,65000.0,Rookie
20,1989,IF,Mike Sharperson,27,27,34,28,2,7,3,0,0,5,0,1,4,7,0.25,0.333,0.357,0.69,99,10,1,0,1,1,1,Right,No,USA,68000.0,Rookie
21,1989,OF,Mike Huff,25,12,31,25,4,5,1,0,1,2,0,1,3,6,0.2,0.31,0.36,0.67,93,9,0,1,1,0,0,Right,No,Venezuela,78000.0,Rookie
22,1989,SS,Jose Vizcaino,21,7,11,10,2,2,0,0,0,0,0,0,0,1,0.2,0.2,0.2,0.4,16,2,0,0,1,0,0,Right,Yes,Dominican Republic,61000.0,Rookie
23,1989,C,Darrin Fletcher,22,5,9,8,1,4,0,0,1,2,0,0,1,0,0.5,0.556,0.875,1.431,306,7,0,0,0,0,0,Left,No,USA,69000.0,Rookie
24,1989,3B,Tracy Woodson,26,4,6,6,0,0,0,0,0,0,0,0,0,1,0.0,0.0,0.0,0.0,-100,0,2,0,0,0,0,Right,No,USA,63000.0,Rookie
25,1989,P,Orel Hershiser,30,35,92,77,4,14,4,1,0,2,0,0,4,25,0.182,0.22,0.26,0.479,38,20,0,0,10,1,0,Right,No,USA,3000000.0,Star
26,1989,P,Tim Belcher,27,39,83,70,3,7,1,0,0,6,0,0,2,26,0.1,0.137,0.114,0.251,-27,8,2,1,10,0,0,Right,No,USA,62000.0,Rookie
27,1989,P,Fernando Valenzuela,28,34,73,66,3,12,2,0,0,6,0,0,0,11,0.182,0.182,0.212,0.394,13,14,0,0,7,0,0,Left,No,Mexico,67000.0,Rookie
28,1989,P,Mike Morgan,29,40,40,36,1,3,0,0,0,1,0,0,1,12,0.083,0.108,0.083,0.191,-44,3,0,0,3,0,0,Right,No,USA,73000.0,Rookie
29,1989,P,Ramon Martinez,21,16,40,37,4,6,1,0,0,3,0,0,1,14,0.162,0.184,0.189,0.373,8,7,0,0,2,0,0,Left,No,Dominican Republic,2500000.0,Mid
30,1989,P,Tim Leary,30,19,39,33,1,2,0,0,0,0,0,0,0,14,0.061,0.061,0.061,0.121,-65,2,1,0,6,0,0,Right,No,USA,68000.0,Rookie
31,1989,P,John Wetteland,22,31,26,21,1,3,1,0,0,3,0,0,0,10,0.143,0.143,0.19,0.333,-5,4,0,0,5,0,0,Right,No,Cuba,66000.0,Rookie
32,1989,P,Jay Howell,33,56,3,3,0,0,0,0,0,0,0,0,0,0,0.0,0.0,0.0,0.0,-100,0,0,0,0,0,0,Right,No,USA,67000.0,Rookie
33,1989,P,John Tudor,35,6,2,2,0,0,0,0,0,0,0,0,0,0,0.0,0.0,0.0,0.0,-100,0,0,0,0,0,0,Left,No,USA,65000.0,Rookie
34,1989,P,Mike Hartley,27,5,1,1,0,0,0,0,0,0,0,0,0,0,0.0,0.0,0.0,0.0,-100,0,0,0,0,0,0,Right,No,USA,64000.0,Rookie
35,1989,P,Ricky Horton,29,23,1,1,0,0,0,0,0,0,0,0,0,1,0.0,0.0,0.0,0.0,-100,0,0,0,0,0,0,Left,No,USA,69000.0,Rookie
36,1989,P,Alejandro Pena,30,53,1,1,0,1,0,0,0,0,0,0,0,0,1.0,1.0,1.0,2.0,478,1,0,0,0,0,0,Right,No,USA,65000.0,Rookie
37,1989,P,Tim Crews,28,44,0,0,0,0,0,0,0,0,0,0,0,0,0.0,0.0,0.0,0.0,0,0,0,0,0,0,0,Right,No,USA,65000.0,Rookie
38,1989,P,Ray Searage,34,41,0,0,0,0,0,0,0,0,0,0,0,0,0.0,0.0,0.0,0.0,0,0,0,0,0,0,0,Left,No,Venezuela,72000.0,Rookie
39,1989,P,Jeff Fischer,25,2,0,0,0,0,0,0,0,0,0,0,0,0,0.0,0.0,0.0,0.0,0,0,0,0,0,0,0,Right,No,USA,77000.0,Rookie
40,1989,P,Mike Munoz,23,3,0,0,0,0,0,0,0,0,0,0,0,0,0.0,0.0,0.0,0.0,0,0,0,0,0,0,0,Left,No,Dominican Republic,71000.0,Rookie
1,1988,C,Mike Scioscia,29,130,452,408,29,105,18,0,3,35,0,3,38,31,0.257,0.318,0.324,0.642,87,132,14,0,3,3,12,Left,No,USA,131000.0,Rookie
2,1988,1B,Franklin Stubbs,27,115,273,242,30,54,13,0,8,34,11,3,23,61,0.223,0.288,0.376,0.664,92,91,4,1,2,5,3,Left,No,Cuba,131000.0,Rookie
3,1988,2B,Steve Sax,28,160,687,632,70,175,19,4,5,57,42,12,45,51,0.277,0.325,0.343,0.668,95,217,11,1,7,2,6,Right,No,Cuba,215000.0,Arbitration
4,1988,SS,Alfredo Griffin,30,95,354,316,39,63,8,3,1,27,7,5,24,30,0.199,0.259,0.253,0.513,50,80,3,2,11,1,7,Right,Yes,USA,85000.0,Rookie
5,1988,3B,Jeff Hamilton,24,111,327,309,34,73,14,2,6,33,0,2,10,51,0.236,0.268,0.353,0.62,79,109,8,4,2,2,1,Right,No,USA,109000.0,Rookie
6,1988,LF,Kirk Gibson,31,150,632,542,106,157,28,1,25,76,31,4,73,120,0.29,0.377,0.483,0.86,148,262,8,7,3,7,14,Left,No,Dominican Republic,564000.0,Arbitration
7,1988,CF,John Shelby,30,140,545,494,65,130,23,6,10,64,16,5,44,128,0.263,0.32,0.395,0.715,107,195,13,0,1,6,5,Right,Yes,USA,345000.0,Arbitration
8,1988,RF,Mike Marshall,28,144,577,542,63,150,27,2,20,82,4,1,24,93,0.277,0.314,0.445,0.758,118,241,17,7,0,4,7,Right,No,USA,350000.0,Arbitration
9,1988,SS,Dave Anderson,27,116,325,285,31,71,10,2,2,20,4,2,32,45,0.249,0.325,0.319,0.644,88,91,9,1,5,2,4,Right,No,USA,150000.0,Rookie
10,1988,OF,Mike Davis,29,108,310,281,29,55,11,2,2,17,7,3,25,59,0.196,0.26,0.27,0.53,54,76,6,0,2,2,0,Left,No,USA,69000.0,Rookie
11,1988,3B,Pedro Guerrero,32,59,246,215,24,64,7,1,5,35,2,1,25,33,0.298,0.374,0.409,0.783,128,88,2,3,0,3,2,Right,No,Dominican Republic,413000.0,Arbitration
12,1988,UT,Mickey Hatcher,33,88,202,191,22,56,8,0,1,25,0,0,7,7,0.293,0.322,0.351,0.673,96,67,7,2,0,2,3,Right,No,USA,141000.0,Rookie
13,1988,C,Rick Dempsey,38,77,198,167,25,42,13,0,7,30,1,0,25,44,0.251,0.338,0.455,0.793,129,76,4,0,0,6,0,Right,No,USA,214000.0,Arbitration
14,1988,3B,Tracy Woodson,25,65,183,173,15,43,4,1,3,15,1,2,7,32,0.249,0.279,0.335,0.614,78,58,4,1,0,2,1,Right,No,USA,163000.0,Rookie
15,1988,UT,Danny Heep,30,95,173,149,14,36,2,0,0,11,2,0,22,13,0.242,0.341,0.255,0.596,76,38,4,1,0,1,0,Left,No,USA,102000.0,Rookie
16,1988,IF,Mike Sharperson,26,46,64,59,8,16,1,0,0,4,0,1,1,12,0.271,0.29,0.288,0.578,69,17,1,1,2,1,0,Right,No,Dominican Republic,66000.0,Rookie
17,1988,OF,Mike Devereaux,25,30,45,43,4,5,1,0,0,2,0,1,2,10,0.116,0.156,0.14,0.295,-14,6,0,0,0,0,0,Right,No,Venezuela,65000.0,Rookie
18,1988,OF,Jose Gonzalez,23,37,26,24,7,2,1,0,0,0,3,0,2,10,0.083,0.154,0.125,0.279,-18,3,0,0,0,0,0,Right,No,Venezuela,71000.0,Rookie
19,1988,LF,Chris Gwynn,23,12,12,11,1,2,0,0,0,0,0,0,1,2,0.182,0.25,0.182,0.432,28,2,0,0,0,0,0,Left,No,USA,76000.0,Rookie
20,1988,C,Gil Reyes,24,5,9,9,1,1,0,0,0,0,0,0,0,3,0.111,0.111,0.111,0.222,-35,1,0,0,0,0,0,Right,No,Mexico,77000.0,Rookie
21,1988,P,Orel Hershiser,29,36,105,85,1,11,2,1,0,6,0,0,1,18,0.129,0.14,0.176,0.316,-9,15,1,0,19,0,0,Right,No,USA,3000000.0,Star
22,1988,P,Tim Leary,29,36,83,67,4,18,3,0,0,9,0,1,1,26,0.269,0.286,0.313,0.599,74,21,0,1,13,1,0,Right,No,Mexico,63000.0,Rookie
23,1988,P,Tim Belcher,26,36,61,56,2,4,2,0,1,3,0,0,0,28,0.071,0.071,0.161,0.232,-34,9,0,0,5,0,0,Right,No,Puerto Rico,77000.0,Rookie
24,1988,P,Fernando Valenzuela,27,23,52,44,2,8,2,0,0,1,0,0,1,5,0.182,0.2,0.227,0.427,24,10,0,0,7,0,0,Left,No,Mexico,73000.0,Rookie
25,1988,P,Don Sutton,43,16,30,23,1,2,0,0,0,1,0,0,1,6,0.087,0.125,0.087,0.212,-37,2,0,0,6,0,0,Right,No,USA,400000.0,Star
26,1988,P,Shawn Hillegas,23,11,18,15,0,2,0,0,0,0,0,0,1,6,0.133,0.188,0.133,0.321,-5,2,0,0,2,0,0,Right,No,USA,64000.0,Rookie
27,1988,P,John Tudor,34,9,16,13,0,0,0,0,0,0,0,0,1,9,0.0,0.071,0.0,0.071,-77,0,0,0,2,0,0,Left,No,Cuba,71000.0,Rookie
28,1988,P,Brian Holton,28,45,11,10,0,0,0,0,0,0,0,0,1,7,0.0,0.091,0.0,0.091,-71,0,1,0,0,0,0,Right,No,USA,73000.0,Rookie
29,1988,P,Ramon Martinez,20,9,8,7,0,0,0,0,0,0,0,0,0,3,0.0,0.0,0.0,0.0,-100,0,0,0,1,0,0,Left,No,Dominican Republic,2500000.0,Mid
30,1988,P,Tim Crews,27,42,6,5,1,1,0,0,0,0,0,0,0,0,0.2,0.2,0.2,0.4,17,1,0,0,1,0,0,Right,No,USA,67000.0,Rookie
31,1988,P,Alejandro Pena,29,60,6,6,0,0,0,0,0,0,0,0,0,1,0.0,0.0,0.0,0.0,-100,0,0,0,0,0,0,Right,No,USA,60000.0,Rookie
32,1988,P,Jay Howell,32,50,2,2,0,0,0,0,0,0,0,0,0,1,0.0,0.0,0.0,0.0,-100,0,0,0,0,0,0,Right,No,Cuba,70000.0,Rookie
33,1988,P,William Brennan,25,4,2,2,0,0,0,0,0,0,0,0,0,1,0.0,0.0,0.0,0.0,-100,0,0,0,0,0,0,Right,No,USA,65000.0,Rookie
34,1988,P,Ken Howell,27,4,2,1,0,0,0,0,0,0,0,0,0,0,0.0,0.0,0.0,0.0,-100,0,1,0,1,0,0,Right,No,Dominican Republic,68000.0,Rookie
35,1988,P,Jesse Orosco,31,55,2,2,0,0,0,0,0,0,0,0,0,1,0.0,0.0,0.0,0.0,-100,0,0,0,0,0,0,Right,No,USA,77000.0,Rookie
36,1988,P,Brad Havens,28,9,1,1,0,0,0,0,0,0,0,0,0,0,0.0,0.0,0.0,0.0,-100,0,0,0,0,0,0,Left,No,Dominican Republic,67000.0,Rookie
37,1988,P,Bill Krueger,30,1,0,0,0,0,0,0,0,0,0,0,0,0,0.0,0.0,0.0,0.0,0,0,0,0,0,0,0,Left,No,Puerto Rico,75000.0,Rookie
38,1988,P,Ricky Horton,28,12,0,0,0,0,0,0,0,0,0,0,0,0,0.0,0.0,0.0,0.0,0,0,0,0,0,0,0,Left,No,Puerto Rico,63000.0,Rookie
1,1987,C,Mike Scioscia,28,142,523,461,44,122,26,1,6,38,7,4,55,23,0.265,0.343,0.364,0.707,90,168,13,1,4,2,9,Left,No,USA,354000.0,Arbitration
2,1987,1B,Franklin Stubbs,26,129,423,386,48,90,16,3,16,52,8,1,31,85,0.233,0.29,0.415,0.705,86,160,7,1,3,2,9,Left,No,USA,376000.0,Arbitration
3,1987,2B,Steve Sax,27,157,663,610,84,171,22,7,6,46,37,11,44,61,0.28,0.331,0.369,0.7,87,225,13,3,5,1,5,Right,No,Dominican Republic,240000.0,Arbitration
4,1987,SS,Mariano Duncan,24,76,287,261,31,56,8,1,6,18,11,1,17,62,0.215,0.267,0.322,0.589,57,84,4,2,6,1,1,Right,No,USA,66000.0,Rookie
5,1987,3B,Mickey Hatcher,32,101,314,287,27,81,19,1,7,42,2,3,20,19,0.282,0.328,0.429,0.757,101,123,6,1,3,3,4,Right,No,Dominican Republic,307000.0,Arbitration
6,1987,LF,Pedro Guerrero,31,152,630,545,89,184,25,2,27,89,9,7,74,85,0.338,0.416,0.539,0.955,154,294,16,4,0,7,18,Right,No,Dominican Republic,679000.0,Arbitration
7,1987,CF,John Shelby,29,120,518,476,61,132,26,0,21,69,16,6,31,97,0.277,0.317,0.464,0.782,106,221,9,1,1,9,2,Right,Yes,USA,370000.0,Arbitration
8,1987,RF,Mike Marshall,27,104,428,402,45,118,19,0,16,72,0,5,18,79,0.294,0.327,0.46,0.787,108,185,13,4,0,4,2,Right,No,Mexico,403000.0,Arbitration
9,1987,SS,Dave Anderson,26,108,297,265,32,62,12,3,1,13,9,5,24,43,0.234,0.299,0.313,0.612,64,83,2,1,6,1,1,Right,No,Cuba,154000.0,Rookie
10,1987,RF,Ken Landreaux,32,115,204,182,17,37,4,0,6,23,5,3,16,28,0.203,0.269,0.324,0.593,58,59,4,1,3,2,2,Left,No,USA,82000.0,Rookie
11,1987,C,Alex Trevino,29,72,156,144,16,32,7,1,3,16,1,0,6,28,0.222,0.271,0.347,0.618,64,50,7,4,1,1,2,Right,No,USA,166000.0,Rookie
12,1987,3B,Phil Garner,38,70,151,126,14,24,4,0,2,8,5,1,20,24,0.19,0.299,0.27,0.569,54,34,3,0,4,1,7,Right,No,USA,85000.0,Rookie
13,1987,3B,Tracy Woodson,24,53,148,136,14,31,8,1,1,11,1,1,9,21,0.228,0.284,0.324,0.607,62,44,2,2,0,1,2,Right,No,Mexico,103000.0,Rookie
14,1987,SS,Glenn Hoffman,28,40,146,132,10,29,5,0,0,10,0,1,7,23,0.22,0.27,0.258,0.527,42,34,4,2,5,0,1,Right,No,Puerto Rico,101000.0,Rookie
15,1987,CF,Mike Ramsey,26,48,138,125,18,29,4,2,0,12,2,4,10,32,0.232,0.287,0.296,0.583,57,37,3,0,2,1,0,Right,Yes,Venezuela,98000.0,Rookie
16,1987,UT,Danny Heep,29,60,107,98,7,16,4,0,0,9,1,0,8,10,0.163,0.226,0.204,0.43,17,20,6,0,1,0,0,Left,No,USA,104000.0,Rookie
17,1987,3B,Jeff Hamilton,23,35,91,83,5,18,3,0,0,1,0,1,7,22,0.217,0.286,0.253,0.539,46,21,0,1,0,0,2,Right,No,USA,64000.0,Rookie
18,1987,OF,Ralph Bryant,26,46,81,69,7,17,2,1,2,10,2,1,10,24,0.246,0.346,0.391,0.737,97,27,0,1,0,1,2,Left,No,USA,73000.0,Rookie
19,1987,OF,Tito Landrum,32,51,72,67,8,16,3,0,1,4,1,1,3,16,0.239,0.282,0.328,0.61,63,22,0,1,1,0,0,Right,No,Dominican Republic,62000.0,Rookie
20,1987,3B,Bill Madlock,36,21,69,61,5,11,1,0,3,7,0,0,6,5,0.18,0.265,0.344,0.609,62,21,4,1,1,0,0,Right,No,USA,64000.0,Rookie
21,1987,OF,Mike Devereaux,24,19,58,54,7,12,3,0,0,4,3,1,3,10,0.222,0.263,0.278,0.541,45,15,0,0,1,0,0,Right,No,USA,76000.0,Rookie
22,1987,OF,Reggie Williams,26,39,42,36,6,4,0,0,0,4,1,1,5,9,0.111,0.214,0.111,0.325,-9,4,2,0,0,1,0,Right,No,Venezuela,73000.0,Rookie
23,1987,IF,Mike Sharperson,25,10,37,33,7,9,2,0,0,1,0,0,4,5,0.273,0.351,0.333,0.685,85,11,1,0,0,0,1,Right,No,USA,60000.0,Rookie
24,1987,IF,Craig Shipley,24,26,35,35,3,9,1,0,0,2,0,0,0,6,0.257,0.257,0.286,0.543,45,10,2,0,0,0,0,Right,No,Mexico,64000.0,Rookie
25,1987,LF,Chris Gwynn,22,17,34,32,2,7,1,0,0,2,0,0,1,7,0.219,0.242,0.25,0.492,32,8,0,0,1,0,0,Left,No,USA,64000.0,Rookie
26,1987,OF,Jose Gonzalez,22,19,18,16,2,3,2,0,0,1,5,0,1,2,0.188,0.222,0.313,0.535,41,5,0,0,0,1,0,Right,No,Venezuela,65000.0,Rookie
27,1987,1B,Len Matuszek,32,16,16,15,0,1,0,0,0,0,0,0,1,4,0.067,0.125,0.067,0.192,-47,1,0,0,0,0,0,Left,No,USA,64000.0,Rookie
28,1987,C,Orlando Mercado,25,7,6,5,1,3,1,0,0,1,0,0,1,1,0.6,0.667,0.8,1.467,291,4,0,0,0,0,0,Right,No,Venezuela,61000.0,Rookie
29,1987,IF,Brad Wellman,27,3,4,4,1,1,0,0,0,1,0,0,0,1,0.25,0.25,0.25,0.5,35,1,0,0,0,0,0,Right,No,USA,68000.0,Rookie
30,1987,C,Gil Reyes,23,1,0,0,0,0,0,0,0,0,0,0,0,0,0.0,0.0,0.0,0.0,0,0,0,0,0,0,0,Right,No,Mexico,73000.0,Rookie
31,1987,P,Orel Hershiser,28,40,102,90,10,19,5,0,0,7,2,1,2,17,0.211,0.228,0.267,0.495,32,24,1,0,10,0,0,Right,No,USA,3000000.0,Star
32,1987,P,Fernando Valenzuela,26,38,100,92,4,13,1,0,1,8,0,0,0,11,0.141,0.141,0.185,0.326,-13,17,4,0,8,0,0,Left,No,Mexico,101000.0,Rookie
33,1987,P,Bob Welch,30,38,98,83,5,13,0,0,0,5,0,0,7,24,0.157,0.222,0.157,0.379,4,13,0,0,8,0,0,Right,No,Dominican Republic,61000.0,Rookie
34,1987,P,Rick Honeycutt,33,27,35,30,3,7,1,0,0,2,0,0,2,8,0.233,0.281,0.267,0.548,48,8,0,0,3,0,0,Left,No,USA,77000.0,Rookie
35,1987,P,Tim Leary,28,39,26,23,1,7,1,0,0,5,0,0,0,5,0.304,0.304,0.348,0.652,74,8,0,0,3,0,0,Right,No,USA,75000.0,Rookie
36,1987,P,Shawn Hillegas,22,12,17,14,0,0,0,0,0,0,0,0,2,10,0.0,0.125,0.0,0.125,-63,0,0,0,1,0,0,Right,No,USA,74000.0,Rookie
37,1987,P,Alejandro Pena,28,37,14,13,0,1,0,0,0,0,0,0,0,5,0.077,0.077,0.077,0.154,-59,1,0,0,1,0,0,Right,No,Venezuela,75000.0,Rookie
38,1987,P,Tim Belcher,25,6,10,10,0,2,0,0,0,1,0,0,0,4,0.2,0.2,0.2,0.4,8,2,0,0,0,0,0,Right,No,USA,77000.0,Rookie
39,1987,P,Brian Holton,27,53,5,5,0,1,0,0,0,0,0,0,0,1,0.2,0.2,0.2,0.4,8,1,0,0,0,0,0,Right,No,USA,70000.0,Rookie
40,1987,P,Ken Howell,26,40,4,4,1,1,0,0,0,0,0,0,0,1,0.25,0.25,0.25,0.5,35,1,0,0,0,0,0,Right,No,USA,64000.0,Rookie
41,1987,P,Matt Young,28,47,3,3,0,0,0,0,0,0,0,0,0,2,0.0,0.0,0.0,0.0,-100,0,0,0,0,0,0,Left,No,USA,71000.0,Rookie
42,1987,P,Tim Crews,26,20,2,2,0,0,0,0,0,0,0,0,0,2,0.0,0.0,0.0,0.0,-100,0,0,0,0,0,0,Right,No,USA,73000.0,Rookie
43,1987,P,Brad Havens,27,31,2,2,0,0,0,0,0,0,0,0,0,1,0.0,0.0,0.0,0.0,-100,0,0,0,0,0,0,Left,No,Venezuela,73000.0,Rookie
44,1987,P,Ron Davis,31,4,0,0,0,0,0,0,0,0,0,0,0,0,0.0,0.0,0.0,0.0,0,0,0,0,0,0,0,Right,No,USA,69000.0,Rookie
45,1987,P,Tom Niedenfuer,27,15,0,0,0,0,0,0,0,0,0,0,0,0,0.0,0.0,0.0,0.0,0,0,0,0,0,0,0,Right,No,USA,61000.0,Rookie
46,1987,P,Jack Savage,23,3,0,0,0,0,0,0,0,0,0,0,0,0,0.0,0.0,0.0,0.0,0,0,0,0,0,0,0,Right,No,USA,67000.0,Rookie
47,1987,P,Jerry Reuss,38,1,0,0,0,0,0,0,0,0,0,0,0,0,0.0,0.0,0.0,0.0,0,0,0,0,0,0,0,Left,No,Dominican Republic,77000.0,Rookie
48,1987,P,Bill Krueger,29,2,0,0,0,0,0,0,0,0,0,0,0,0,0.0,0.0,0.0,0.0,0,0,0,0,0,0,0,Left,No,USA,71000.0,Rookie
1,1986,C,Mike Scioscia,27,122,449,374,36,94,18,1,5,26,3,3,62,23,0.251,0.359,0.345,0.704,102,129,11,3,6,4,4,Left,No,USA,328000.0,Arbitration
2,1986,1B,Greg Brock,29,115,367,325,33,76,13,0,16,52,2,5,37,60,0.234,0.309,0.422,0.73,106,137,5,0,1,4,5,Left,No,USA,274000.0,Arbitration
3,1986,2B,Steve Sax,26,157,704,633,91,210,43,4,6,56,40,17,59,58,0.332,0.39,0.441,0.83,137,279,12,3,6,3,5,Right,No,USA,459000.0,Arbitration
4,1986,SS,Mariano Duncan,23,109,445,407,47,93,7,0,8,30,48,13,30,78,0.229,0.284,0.305,0.589,68,124,6,2,5,1,1,Right,Yes,Dominican Republic,92000.0,Rookie
5,1986,3B,Bill Madlock,35,111,421,379,38,106,17,0,10,60,3,3,30,43,0.28,0.336,0.404,0.739,110,153,7,5,1,6,4,Right,No,Puerto Rico,283000.0,Arbitration
6,1986,LF,Franklin Stubbs,25,132,465,420,55,95,11,1,23,58,7,1,37,107,0.226,0.291,0.421,0.712,101,177,9,2,4,2,11,Left,No,USA,307000.0,Arbitration
7,1986,CF,Reggie Williams,25,128,338,303,35,84,14,2,4,32,9,3,23,57,0.277,0.331,0.376,0.708,101,114,8,2,9,1,9,Right,No,USA,255000.0,Arbitration
8,1986,RF,Mike Marshall,26,103,362,330,47,77,11,0,19,53,4,4,27,90,0.233,0.298,0.439,0.738,108,145,5,4,0,1,3,Right,No,USA,314000.0,Arbitration
9,1986,CF,Ken Landreaux,31,103,310,283,34,74,13,2,4,29,10,5,22,39,0.261,0.313,0.364,0.677,93,103,5,1,0,4,3,Left,No,USA,148000.0,Rookie
10,1986,1B,Enos Cabell,36,107,298,277,27,71,11,0,2,29,10,4,14,26,0.256,0.294,0.318,0.612,75,88,5,2,2,3,2,Right,No,USA,150000.0,Rookie
11,1986,UT,Bill Russell,37,105,242,216,21,54,11,0,0,18,7,0,15,23,0.25,0.302,0.301,0.603,73,65,6,2,7,2,2,Right,No,USA,123000.0,Rookie
12,1986,IF,Dave Anderson,25,92,241,216,31,53,9,0,1,15,5,1,22,39,0.245,0.314,0.301,0.615,76,65,11,0,2,1,1,Right,No,Cuba,143000.0,Rookie
13,1986,C,Alex Trevino,28,89,233,202,31,53,13,0,4,26,0,0,27,35,0.262,0.351,0.386,0.737,110,78,6,1,2,1,2,Right,No,USA,350000.0,Arbitration
14,1986,UT,Len Matuszek,31,91,222,199,26,52,7,0,9,28,2,2,21,47,0.261,0.333,0.432,0.765,117,86,3,1,0,1,1,Left,No,Panama,407000.0,Arbitration
15,1986,3B,Jeff Hamilton,22,71,151,147,22,33,5,0,5,19,0,0,2,43,0.224,0.232,0.361,0.592,66,53,3,0,0,2,1,Right,No,USA,65000.0,Rookie
16,1986,CF,Jose Gonzalez,21,57,102,93,15,20,5,1,2,6,4,3,7,29,0.215,0.27,0.355,0.625,77,33,0,0,2,0,0,Right,No,Venezuela,108000.0,Rookie
17,1986,LF,César Cedeño,35,37,87,78,5,18,2,1,0,6,1,1,7,13,0.231,0.294,0.282,0.576,65,22,0,0,2,0,0,Right,No,USA,65000.0,Rookie
18,1986,RF,Ralph Bryant,25,27,82,75,15,19,4,2,6,13,0,1,5,25,0.253,0.305,0.6,0.905,152,45,1,1,0,1,0,Left,No,Japan,68000.0,Rookie
19,1986,UT,Pedro Guerrero,30,31,64,61,7,15,3,0,5,10,0,0,2,19,0.246,0.281,0.541,0.822,129,33,1,1,0,0,0,Right,No,Dominican Republic,60000.0,Rookie
20,1986,SS,Craig Shipley,23,12,31,27,3,3,1,0,0,4,0,0,2,5,0.111,0.2,0.148,0.348,1,4,1,1,1,0,1,Right,No,Puerto Rico,65000.0,Rookie
21,1986,1B,Larry See,26,13,22,20,1,5,2,0,0,2,0,0,2,7,0.25,0.318,0.35,0.668,91,7,0,0,0,0,0,Right,No,USA,69000.0,Rookie
22,1986,UT,Jack Fimple,27,13,20,13,2,1,0,0,0,2,0,0,6,6,0.077,0.35,0.077,0.427,29,1,0,0,0,1,1,Right,No,Venezuela,61000.0,Rookie
23,1986,LF,Terry Whitfield,33,19,19,14,0,1,0,0,0,0,0,0,5,2,0.071,0.316,0.071,0.387,17,1,1,0,0,0,2,Left,No,Dominican Republic,69000.0,Rookie
24,1986,OF,Ed Amelung,27,8,11,11,0,1,0,0,0,0,0,0,0,4,0.091,0.091,0.091,0.182,-48,1,1,0,0,0,0,Left,No,USA,77000.0,Rookie
25,1986,P,Fernando Valenzuela,25,39,116,109,5,24,4,0,0,7,0,0,0,11,0.22,0.218,0.257,0.475,35,28,1,0,6,1,0,Left,No,Mexico,71000.0,Rookie
26,1986,P,Bob Welch,29,35,86,76,2,8,0,0,1,4,0,0,4,23,0.105,0.16,0.145,0.305,-12,11,0,1,5,0,0,Right,No,USA,74000.0,Rookie
27,1986,P,Orel Hershiser,27,37,82,71,4,17,3,0,0,8,0,1,1,17,0.239,0.25,0.282,0.532,51,20,1,0,10,0,0,Right,No,USA,3000000.0,Star
28,1986,P,Rick Honeycutt,32,32,57,43,3,3,1,0,0,3,0,0,8,11,0.07,0.216,0.093,0.309,-9,4,0,0,6,0,0,Left,No,Puerto Rico,72000.0,Rookie
29,1986,P,Jerry Reuss,37,19,21,20,0,5,1,0,0,0,0,0,1,6,0.25,0.286,0.3,0.586,67,6,0,0,0,0,0,Left,No,Mexico,65000.0,Rookie
30,1986,P,Alejandro Pena,27,24,20,17,0,3,0,0,0,1,0,0,0,6,0.176,0.176,0.176,0.353,1,3,0,0,3,0,0,Right,No,Venezuela,63000.0,Rookie
31,1986,P,Dennis Powell,22,27,14,14,1,3,3,0,0,0,0,0,0,6,0.214,0.214,0.429,0.643,79,6,0,0,0,0,0,Right,No,Venezuela,63000.0,Rookie
32,1986,P,Brian Holton,26,12,5,5,0,0,0,0,0,0,0,0,0,2,0.0,0.0,0.0,0.0,-100,0,0,0,0,0,0,Right,No,USA,61000.0,Rookie
33,1986,P,Ken Howell,25,62,5,5,0,0,0,0,0,0,0,0,0,3,0.0,0.0,0.0,0.0,-100,0,0,0,0,0,0,Right,No,USA,63000.0,Rookie
34,1986,P,Tom Niedenfuer,26,60,5,4,1,2,0,0,0,2,0,0,0,1,0.5,0.5,0.5,1.0,186,2,0,0,1,0,0,Right,No,USA,72000.0,Rookie
35,1986,P,Balvino Gálvez,22,10,2,2,0,0,0,0,0,0,0,0,0,1,0.0,0.0,0.0,0.0,-100,0,0,0,0,0,0,Right,No,Dominican Republic,76000.0,Rookie
36,1986,P,Carlos Diaz,28,19,1,1,0,0,0,0,0,0,0,0,0,0,0.0,0.0,0.0,0.0,-100,0,0,0,0,0,0,Right,No,Venezuela,75000.0,Rookie
37,1986,P,Ed Vande Berg,27,60,1,1,0,0,0,0,0,0,0,0,0,1,0.0,0.0,0.0,0.0,-100,0,0,0,0,0,0,Right,No,USA,72000.0,Rookie
38,1986,P,Joe Beckwith,31,15,0,0,0,0,0,0,0,0,0,0,0,0,0.0,0.0,0.0,0.0,0,0,0,0,0,0,0,Left,No,Dominican Republic,62000.0,Rookie
1,1985,C,Mike Scioscia,26,141,526,429,47,127,26,3,7,53,3,3,77,21,0.296,0.407,0.42,0.826,136,180,10,5,11,3,9,Left,No,USA,442000.0,Arbitration
2,1985,1B,Greg Brock,28,129,496,438,64,110,19,0,21,66,4,2,54,72,0.251,0.332,0.438,0.77,118,192,9,0,2,2,4,Left,No,USA,282000.0,Arbitration
3,1985,2B,Steve Sax,25,136,551,488,62,136,8,4,1,42,27,11,54,43,0.279,0.352,0.318,0.67,93,155,15,3,3,3,12,Right,No,USA,128000.0,Rookie
4,1985,SS,Mariano Duncan,22,142,620,562,74,137,24,6,6,39,38,8,38,113,0.244,0.293,0.34,0.633,80,191,9,3,13,4,4,Right,Yes,USA,110000.0,Rookie
5,1985,3B,Dave Anderson,24,77,262,221,24,44,6,0,4,18,5,4,35,42,0.199,0.31,0.281,0.591,70,62,4,1,4,1,3,Right,No,USA,85000.0,Rookie
6,1985,LF,Pedro Guerrero,29,137,581,487,99,156,22,2,33,87,12,4,83,68,0.32,0.422,0.577,0.999,182,281,13,6,0,5,14,Right,No,Dominican Republic,731000.0,Arbitration
7,1985,CF,Ken Landreaux,30,147,527,482,70,129,26,2,12,50,15,5,33,37,0.268,0.311,0.405,0.716,103,195,9,1,3,8,2,Left,No,USA,291000.0,Arbitration
8,1985,RF,Mike Marshall,25,135,564,518,72,152,27,2,28,95,3,10,37,137,0.293,0.342,0.515,0.857,141,267,8,3,2,4,6,Right,No,Panama,495000.0,Arbitration
9,1985,CF,Candy Maldonado,24,121,235,213,20,48,7,1,5,19,1,1,19,40,0.225,0.288,0.338,0.626,78,72,3,0,2,1,4,Right,No,Puerto Rico,153000.0,Rookie
10,1985,OF,R.J. Reynolds,26,73,230,207,22,55,10,4,0,25,6,3,13,31,0.266,0.308,0.353,0.661,88,73,3,1,5,3,0,Right,Yes,USA,143000.0,Rookie
11,1985,3B,Enos Cabell,35,57,208,192,20,56,11,0,0,22,6,2,14,21,0.292,0.34,0.349,0.689,97,67,0,0,2,0,1,Right,No,Dominican Republic,175000.0,Rookie
12,1985,UT,Bill Russell,36,76,192,169,19,44,6,1,0,13,4,0,18,9,0.26,0.333,0.308,0.641,84,52,2,1,3,1,1,Right,No,USA,166000.0,Rookie
13,1985,C,Steve Yeager,36,53,131,121,4,25,4,1,0,9,0,1,7,24,0.207,0.246,0.256,0.502,44,31,3,0,1,2,2,Right,No,USA,78000.0,Rookie
14,1985,3B,Bob Bailor,33,74,130,118,8,29,3,1,0,7,1,0,3,5,0.246,0.27,0.288,0.559,60,34,3,1,8,0,0,Right,No,Dominican Republic,86000.0,Rookie
15,1985,3B,Bill Madlock,34,34,128,114,20,41,4,0,2,15,7,1,10,11,0.36,0.422,0.447,0.869,148,51,3,3,0,1,0,Right,No,USA,464000.0,Arbitration
16,1985,OF,Terry Whitfield,32,79,110,104,8,27,7,0,3,16,0,0,6,27,0.26,0.3,0.413,0.713,102,43,2,0,0,0,1,Left,No,Venezuela,408000.0,Arbitration
17,1985,LF,Al Oliver,38,35,85,79,1,20,5,0,0,8,1,0,5,11,0.253,0.294,0.316,0.611,74,25,3,0,0,1,0,Left,No,USA,76000.0,Rookie
18,1985,UT,Len Matuszek,30,43,76,63,10,14,2,1,3,13,0,1,8,14,0.222,0.307,0.429,0.735,108,27,0,1,1,3,2,Left,No,South Korea,62000.0,Rookie
19,1985,1B,Sid Bream,24,24,63,53,4,7,0,0,3,6,0,0,7,10,0.132,0.23,0.302,0.531,50,16,0,0,2,1,3,Left,No,USA,67000.0,Rookie
20,1985,MI,Mike Ramsey,31,9,17,15,1,2,1,0,0,0,0,0,2,4,0.133,0.235,0.2,0.435,26,3,0,0,0,0,0,Right,Yes,USA,70000.0,Rookie
21,1985,,Jay Johnstone,39,17,16,15,0,2,1,0,0,2,0,0,1,2,0.133,0.188,0.2,0.388,11,3,2,0,0,0,1,Left,No,USA,69000.0,Rookie
22,1985,OF,Jose Gonzalez,20,23,12,11,6,3,2,0,0,0,1,1,1,3,0.273,0.333,0.455,0.788,123,5,1,0,0,0,0,Right,No,Venezuela,63000.0,Rookie
23,1985,OF,Reggie Williams,24,22,9,9,4,3,0,0,0,0,1,0,0,4,0.333,0.333,0.333,0.667,91,3,0,0,0,0,0,Right,No,USA,75000.0,Rookie
24,1985,1B,Franklin Stubbs,24,10,9,9,0,2,0,0,0,2,0,0,0,3,0.222,0.222,0.222,0.444,27,2,0,0,0,0,0,Left,No,USA,72000.0,Rookie
25,1985,OF,Ralph Bryant,24,6,6,6,0,2,0,0,0,1,0,0,0,2,0.333,0.333,0.333,0.667,91,2,0,0,0,0,0,Left,No,USA,75000.0,Rookie
26,1985,OF,Stu Pederson,25,8,5,4,1,0,0,0,0,1,0,0,0,2,0.0,0.0,0.0,0.0,-100,0,0,0,0,1,0,Left,No,Venezuela,75000.0,Rookie
27,1985,C,Gil Reyes,21,6,3,1,0,0,0,0,0,0,0,0,1,1,0.0,0.667,0.0,0.667,107,0,0,1,0,0,0,Right,No,Mexico,73000.0,Rookie
28,1985,P,Fernando Valenzuela,24,35,103,97,7,21,2,0,1,7,0,1,0,9,0.216,0.214,0.268,0.482,37,26,3,0,5,1,0,Left,No,Mexico,82000.0,Rookie
29,1985,P,Orel Hershiser,26,37,91,76,5,15,1,0,0,4,1,0,4,20,0.197,0.247,0.211,0.457,32,16,0,1,10,0,0,Right,No,USA,3000000.0,Star
30,1985,P,Jerry Reuss,36,34,83,74,1,10,0,0,0,7,0,0,2,28,0.135,0.156,0.135,0.291,-16,10,1,0,6,1,0,Left,No,Puerto Rico,63000.0,Rookie
31,1985,P,Bob Welch,28,25,60,50,4,9,1,0,0,4,0,0,3,13,0.18,0.226,0.2,0.426,23,10,1,0,7,0,0,Right,No,Puerto Rico,72000.0,Rookie
32,1985,P,Rick Honeycutt,31,32,49,38,5,5,1,0,0,1,0,0,3,6,0.132,0.195,0.158,0.353,2,6,1,0,8,0,0,Left,No,Venezuela,63000.0,Rookie
33,1985,P,Bobby Castillo,30,36,13,10,0,1,0,0,0,0,0,0,1,4,0.1,0.182,0.1,0.282,-17,1,0,0,2,0,0,Right,No,USA,72000.0,Rookie
34,1985,P,Tom Niedenfuer,25,64,10,9,0,1,0,0,0,0,0,0,0,3,0.111,0.111,0.111,0.222,-36,1,0,0,1,0,0,Right,No,USA,64000.0,Rookie
35,1985,P,Tom Brennan,32,12,9,8,0,1,0,0,0,0,0,0,0,1,0.125,0.125,0.125,0.25,-28,1,0,0,1,0,0,Right,No,USA,62000.0,Rookie
36,1985,P,Dennis Powell,21,16,5,3,0,0,0,0,0,0,0,0,0,2,0.0,0.0,0.0,0.0,-100,0,0,0,2,0,0,Right,No,USA,63000.0,Rookie
37,1985,P,Carlos Diaz,27,46,4,4,0,0,0,0,0,0,0,0,0,1,0.0,0.0,0.0,0.0,-100,0,0,0,0,0,0,Right,No,Venezuela,60000.0,Rookie
38,1985,P,Ken Howell,24,56,4,4,0,0,0,0,0,0,0,0,0,2,0.0,0.0,0.0,0.0,-100,0,0,0,0,0,0,Right,No,Cuba,73000.0,Rookie
39,1985,P,Alejandro Pena,26,2,1,1,0,0,0,0,0,0,0,0,0,0,0.0,0.0,0.0,0.0,-100,0,0,0,0,0,0,Right,No,USA,73000.0,Rookie
40,1985,P,Brian Holton,25,3,0,0,0,0,0,0,0,0,0,0,0,0,0.0,0.0,0.0,0.0,0,0,0,0,0,0,0,Right,No,Panama,69000.0,Rookie
41,1985,P,Steve Howe,27,19,0,0,0,0,0,0,0,0,0,0,0,0,0.0,0.0,0.0,0.0,0,0,0,0,0,0,0,Left,No,USA,63000.0,Rookie
1,1984,C,Mike Scioscia,25,114,399,341,29,93,18,0,5,38,2,1,52,26,0.273,0.367,0.37,0.736,110,126,10,1,1,4,10,Left,No,USA,197000.0,Rookie
2,1984,1B,Greg Brock,27,88,313,271,33,61,6,0,14,34,8,0,39,37,0.225,0.319,0.402,0.722,104,109,6,0,0,3,3,Left,No,USA,224000.0,Arbitration
3,1984,2B,Steve Sax,24,145,622,569,70,138,24,4,1,35,34,19,47,53,0.243,0.3,0.304,0.604,72,173,12,1,2,3,3,Right,No,Dominican Republic,113000.0,Rookie
4,1984,SS,Dave Anderson,23,121,433,374,51,94,16,2,3,34,15,5,45,55,0.251,0.331,0.329,0.66,88,123,8,2,7,5,4,Right,No,USA,143000.0,Rookie
5,1984,3B,Pedro Guerrero,28,144,594,535,85,162,29,4,16,72,9,8,49,105,0.303,0.358,0.462,0.819,131,247,7,1,1,8,7,Right,No,Dominican Republic,478000.0,Arbitration
6,1984,LF,Mike Marshall,24,134,541,495,68,127,27,0,21,65,4,3,40,93,0.257,0.315,0.438,0.753,112,217,12,3,1,2,6,Right,No,USA,214000.0,Arbitration
7,1984,CF,Ken Landreaux,29,134,477,438,39,110,11,5,11,47,10,9,29,35,0.251,0.295,0.374,0.67,89,164,7,1,3,6,3,Left,No,USA,134000.0,Rookie
8,1984,RF,Candy Maldonado,23,116,278,254,25,68,14,0,5,28,0,3,19,29,0.268,0.318,0.382,0.7,98,97,6,1,1,3,0,Right,No,USA,174000.0,Rookie
9,1984,SS,Bill Russell,35,89,298,262,25,70,12,1,0,19,4,4,25,24,0.267,0.329,0.321,0.649,85,84,7,0,9,2,1,Right,No,USA,147000.0,Rookie
10,1984,OF,R.J. Reynolds,25,73,262,240,24,62,12,2,2,24,7,5,14,38,0.258,0.3,0.35,0.65,84,84,6,1,4,2,0,Right,Yes,Venezuela,155000.0,Rookie
11,1984,3B,German Rivera,23,94,254,227,20,59,12,2,2,17,1,0,21,30,0.26,0.321,0.357,0.678,93,81,15,1,2,3,5,Right,No,Cuba,109000.0,Rookie
12,1984,1B,Franklin Stubbs,23,87,245,217,22,42,2,3,8,17,2,2,24,63,0.194,0.273,0.341,0.614,74,74,0,0,3,1,3,Left,No,Dominican Republic,99000.0,Rookie
13,1984,C,Steve Yeager,35,74,221,197,16,45,4,0,4,29,1,2,20,38,0.228,0.295,0.31,0.605,72,61,2,0,1,3,1,Right,No,USA,137000.0,Rookie
14,1984,OF,Terry Whitfield,31,87,200,180,15,44,8,0,4,18,1,4,17,35,0.244,0.313,0.356,0.669,90,64,5,1,2,0,2,Left,No,USA,146000.0,Rookie
15,1984,MI,Bob Bailor,32,65,142,131,11,36,4,0,0,8,3,1,8,1,0.275,0.317,0.305,0.622,78,40,3,0,3,0,1,Right,No,Dominican Republic,145000.0,Rookie
16,1984,1B,Sid Bream,23,27,58,49,2,9,3,0,0,6,1,0,6,9,0.184,0.263,0.245,0.508,45,12,1,0,1,2,2,Left,No,USA,77000.0,Rookie
17,1984,UT,Rick Monday,38,31,57,47,4,9,2,0,1,7,0,0,8,16,0.191,0.309,0.298,0.607,73,14,0,0,2,0,3,Left,No,USA,71000.0,Rookie
18,1984,UT,Rafael Landestoy,31,53,57,54,10,10,0,0,1,2,2,1,1,6,0.185,0.2,0.241,0.441,25,13,1,0,2,0,0,Right,Yes,Dominican Republic,70000.0,Rookie
19,1984,OF,Ed Amelung,25,34,49,46,7,10,0,0,0,4,3,2,2,4,0.217,0.25,0.217,0.467,34,10,1,0,1,0,0,Left,No,USA,67000.0,Rookie
20,1984,OF,Tony Brewer,26,24,41,37,3,4,1,0,1,4,1,0,4,9,0.108,0.195,0.216,0.411,17,8,1,0,0,0,1,Right,No,USA,68000.0,Rookie
21,1984,C,Jack Fimple,25,12,28,26,2,5,1,0,0,3,0,0,1,6,0.192,0.214,0.231,0.445,27,6,3,0,0,1,0,Right,No,USA,70000.0,Rookie
22,1984,,Jose Morales,39,22,20,19,0,3,0,0,0,0,0,0,1,2,0.158,0.2,0.158,0.358,3,3,0,0,0,0,1,Right,No,USA,73000.0,Rookie
23,1984,LF,Mike Vail,32,16,17,16,1,1,0,0,0,2,0,0,1,7,0.063,0.118,0.063,0.18,-47,1,0,0,0,0,0,Right,No,USA,73000.0,Rookie
24,1984,OF,Lemmie Miller,24,8,13,12,1,2,0,0,0,0,0,0,1,2,0.167,0.231,0.167,0.397,15,2,0,0,0,0,0,Right,No,USA,63000.0,Rookie
25,1984,C,Gil Reyes,20,4,5,5,0,0,0,0,0,0,0,0,0,3,0.0,0.0,0.0,0.0,-100,0,0,0,0,0,0,Right,No,Mexico,69000.0,Rookie
26,1984,P,Fernando Valenzuela,23,35,89,79,5,15,3,0,3,7,0,0,1,11,0.19,0.2,0.342,0.542,51,27,2,0,9,0,0,Left,No,Mexico,67000.0,Rookie
27,1984,P,Alejandro Pena,25,28,72,66,5,8,3,0,0,1,0,0,2,26,0.121,0.147,0.167,0.314,-11,11,1,0,4,0,0,Right,No,USA,76000.0,Rookie
28,1984,P,Rick Honeycutt,30,29,68,56,1,8,0,0,0,1,1,0,3,17,0.143,0.186,0.143,0.329,-5,8,1,0,9,0,0,Left,No,USA,71000.0,Rookie
29,1984,P,Orel Hershiser,25,45,62,50,4,10,0,0,0,2,0,0,3,14,0.2,0.259,0.2,0.459,32,10,0,1,8,0,0,Right,No,USA,3000000.0,Star
30,1984,P,Bob Welch,27,32,61,51,0,4,0,0,0,3,0,0,2,15,0.078,0.113,0.078,0.192,-45,4,1,0,8,0,0,Right,No,USA,62000.0,Rookie
31,1984,P,Jerry Reuss,35,30,29,24,2,4,1,0,0,2,0,0,3,9,0.167,0.259,0.208,0.468,35,5,1,0,2,0,0,Left,No,USA,71000.0,Rookie
32,1984,P,Burt Hooton,34,54,17,14,0,1,0,0,0,1,0,0,0,3,0.071,0.071,0.071,0.143,-59,1,0,0,3,0,0,Right,No,USA,62000.0,Rookie
33,1984,P,Pat Zachry,32,58,6,6,0,2,0,0,0,0,0,0,0,1,0.333,0.333,0.333,0.667,90,2,1,0,0,0,0,Right,No,USA,66000.0,Rookie
34,1984,P,Ken Howell,23,32,6,5,0,0,0,0,0,0,0,0,0,3,0.0,0.0,0.0,0.0,-100,0,0,0,1,0,0,Right,No,Japan,63000.0,Rookie
35,1984,P,Tom Niedenfuer,24,33,4,3,0,0,0,0,0,0,0,0,0,3,0.0,0.0,0.0,0.0,-100,0,0,0,1,0,0,Right,No,USA,72000.0,Rookie
36,1984,P,Carlos Diaz,26,37,2,1,0,0,0,0,0,0,0,0,0,1,0.0,0.0,0.0,0.0,-100,0,0,0,1,0,0,Right,No,Venezuela,64000.0,Rookie
37,1984,P,Rich Rodas,24,3,1,1,0,0,0,0,0,0,0,0,0,0,0.0,0.0,0.0,0.0,-100,0,0,0,0,0,0,Left,No,Panama,67000.0,Rookie
38,1984,P,Larry White,25,7,1,1,0,0,0,0,0,0,0,0,0,0,0.0,0.0,0.0,0.0,-100,0,0,0,0,0,0,Right,No,USA,76000.0,Rookie
1,1983,C,Steve Yeager,34,113,366,335,31,68,8,3,15,41,1,1,23,57,0.203,0.256,0.379,0.635,75,127,15,1,6,1,4,Right,No,USA,130000.0,Rookie
2,1983,1B,Greg Brock,26,146,543,455,64,102,14,2,20,66,5,1,83,81,0.224,0.343,0.396,0.738,106,180,13,1,0,4,12,Left,No,USA,292000.0,Arbitration
3,1983,2B,Steve Sax,23,155,692,623,94,175,18,5,5,41,56,30,58,73,0.281,0.342,0.35,0.692,94,218,8,1,8,2,3,Right,No,USA,118000.0,Rookie
4,1983,SS,Bill Russell,34,131,502,451,47,111,13,1,1,30,13,9,33,31,0.246,0.302,0.286,0.588,65,129,5,4,12,2,4,Right,No,USA,68000.0,Rookie
5,1983,3B,Pedro Guerrero,27,160,664,584,87,174,28,6,32,103,23,7,72,110,0.298,0.373,0.531,0.904,150,310,11,2,0,6,12,Right,No,Dominican Republic,819000.0,Mid
6,1983,LF,Dusty Baker,34,149,616,531,71,138,25,1,15,73,7,1,72,59,0.26,0.346,0.395,0.742,107,210,9,2,4,7,2,Right,No,Dominican Republic,206000.0,Arbitration
7,1983,CF,Ken Landreaux,28,141,524,481,63,135,25,3,17,66,30,11,34,52,0.281,0.328,0.451,0.779,115,217,9,2,2,5,5,Left,No,USA,315000.0,Arbitration
8,1983,RF,Mike Marshall,23,140,518,465,47,132,17,1,17,65,7,3,43,127,0.284,0.347,0.434,0.782,117,202,8,5,0,5,4,Right,No,USA,211000.0,Arbitration
9,1983,CF,Derrel Thomas,32,118,227,192,38,48,6,6,2,8,9,3,27,36,0.25,0.345,0.375,0.72,101,72,4,2,4,2,2,Right,Yes,USA,346000.0,Arbitration
10,1983,RF,Rick Monday,37,99,208,178,21,44,7,1,6,20,0,0,29,42,0.247,0.351,0.399,0.75,109,71,3,0,0,1,9,Left,No,USA,239000.0,Arbitration
11,1983,C,Jack Fimple,24,54,167,148,16,37,8,1,2,22,1,0,11,39,0.25,0.3,0.358,0.658,83,53,4,0,7,1,0,Right,No,Venezuela,119000.0,Rookie
12,1983,OF,Ron Roenicke,26,81,164,145,12,32,4,0,2,12,3,2,14,26,0.221,0.288,0.29,0.577,62,42,5,0,4,1,1,Right,Yes,Japan,68000.0,Rookie
13,1983,SS,Dave Anderson,22,61,131,115,12,19,4,2,1,2,6,3,12,15,0.165,0.244,0.261,0.505,41,30,1,0,4,0,1,Right,No,Venezuela,82000.0,Rookie
14,1983,OF,Candy Maldonado,22,42,68,62,5,12,1,1,1,6,0,0,5,14,0.194,0.254,0.29,0.544,52,18,1,0,1,0,0,Right,No,Dominican Republic,70000.0,Rookie
15,1983,UT,Rafael Landestoy,30,64,67,64,6,11,1,1,1,1,0,2,3,8,0.172,0.209,0.266,0.475,32,17,1,0,0,0,0,Right,Yes,Panama,75000.0,Rookie
16,1983,OF,R.J. Reynolds,24,24,61,55,5,13,0,0,2,11,5,0,3,11,0.236,0.267,0.345,0.612,70,19,1,0,1,2,1,Right,Yes,Dominican Republic,75000.0,Rookie
17,1983,1B,Jose Morales,38,47,54,53,4,15,3,0,3,8,0,0,1,11,0.283,0.296,0.509,0.806,121,27,2,0,0,0,0,Right,No,USA,75000.0,Rookie
18,1983,C,Mike Scioscia,24,12,40,35,3,11,3,0,1,7,0,0,5,2,0.314,0.4,0.486,0.886,146,17,1,0,0,0,1,Left,No,USA,69000.0,Rookie
19,1983,C,Gil Reyes,19,19,32,31,1,5,2,0,0,0,0,0,0,5,0.161,0.188,0.226,0.413,15,7,3,1,0,0,0,Right,No,Mexico,66000.0,Rookie
20,1983,3B,German Rivera,22,13,19,17,1,6,1,0,0,0,0,1,2,2,0.353,0.421,0.412,0.833,134,7,0,0,0,0,0,Right,No,Dominican Republic,74000.0,Rookie
21,1983,1B,Sid Bream,22,15,13,11,0,2,0,0,0,2,0,0,2,2,0.182,0.308,0.182,0.49,40,2,1,0,0,0,0,Left,No,Dominican Republic,68000.0,Rookie
22,1983,CF,Cecil Espy,20,20,12,11,4,3,1,0,0,1,0,0,1,2,0.273,0.333,0.364,0.697,95,4,0,0,0,0,0,Right,Yes,Dominican Republic,63000.0,Rookie
23,1983,C,Dave Sax,24,7,8,8,0,0,0,0,0,1,0,0,0,0,0.0,0.0,0.0,0.0,-100,0,0,0,0,0,0,Right,No,USA,75000.0,Rookie
24,1983,IF,Alex Taveras,27,10,4,4,0,0,0,0,0,0,0,0,0,1,0.0,0.0,0.0,0.0,-100,0,0,0,0,0,0,Right,No,USA,76000.0,Rookie
25,1983,P,Fernando Valenzuela,22,36,106,91,5,17,3,0,1,9,0,1,1,23,0.187,0.194,0.253,0.446,24,23,2,0,12,1,0,Left,No,Mexico,75000.0,Rookie
26,1983,P,Jerry Reuss,34,32,83,71,4,20,2,0,0,3,0,0,2,28,0.282,0.301,0.31,0.611,71,22,1,0,10,0,0,Left,No,USA,61000.0,Rookie
27,1983,P,Bob Welch,26,31,78,73,2,7,1,0,1,2,0,1,1,22,0.096,0.12,0.151,0.271,-25,11,1,1,3,0,0,Right,No,Puerto Rico,67000.0,Rookie
28,1983,P,Alejandro Pena,24,34,61,60,2,6,0,0,1,4,0,0,0,21,0.1,0.1,0.15,0.25,-31,9,2,0,1,0,0,Right,No,Dominican Republic,74000.0,Rookie
29,1983,P,Burt Hooton,33,33,57,50,5,8,2,0,0,7,0,0,3,15,0.16,0.208,0.2,0.408,14,10,1,0,4,0,0,Right,No,USA,76000.0,Rookie
30,1983,P,Rick Honeycutt,29,9,14,12,1,1,0,0,0,1,0,0,0,0,0.083,0.083,0.083,0.167,-53,1,0,0,2,0,0,Left,No,USA,64000.0,Rookie
31,1983,P,Steve Howe,25,46,9,8,1,1,0,0,0,0,0,0,1,3,0.125,0.222,0.125,0.347,-1,1,0,0,0,0,0,Left,No,USA,61000.0,Rookie
32,1983,P,Dave Stewart,26,46,8,7,0,1,0,0,0,1,0,0,0,3,0.143,0.143,0.143,0.286,-20,1,0,0,1,0,0,Right,No,USA,76000.0,Rookie
33,1983,P,Joe Beckwith,28,42,5,5,1,1,0,0,0,0,0,0,0,3,0.2,0.2,0.2,0.4,12,1,0,0,0,0,0,Left,No,USA,67000.0,Rookie
34,1983,P,Pat Zachry,31,40,4,4,0,2,0,0,0,0,0,0,0,1,0.5,0.5,0.5,1.0,180,2,0,0,0,0,0,Right,No,USA,70000.0,Rookie
35,1983,P,Tom Niedenfuer,23,66,4,4,1,0,0,0,0,0,0,0,0,0,0.0,0.0,0.0,0.0,-100,0,0,0,0,0,0,Right,No,USA,77000.0,Rookie
36,1983,P,Sid Fernandez,20,2,1,1,0,1,0,0,0,0,0,0,0,0,1.0,1.0,1.0,2.0,461,1,0,0,0,0,0,Left,No,USA,61000.0,Rookie
37,1983,P,Ricky Wright,24,6,0,0,0,0,0,0,0,0,0,0,0,0,0.0,0.0,0.0,0.0,0,0,0,0,0,0,0,Left,No,Cuba,72000.0,Rookie
38,1983,P,Rich Rodas,23,7,0,0,0,0,0,0,0,0,0,0,0,0,0.0,0.0,0.0,0.0,0,0,0,0,0,0,0,Left,No,Panama,61000.0,Rookie
39,1983,P,Larry White,24,4,0,0,0,0,0,0,0,0,0,0,0,0,0.0,0.0,0.0,0.0,0,0,0,0,0,0,0,Right,No,USA,67000.0,Rookie
40,1983,P,Orel Hershiser,24,8,0,0,0,0,0,0,0,0,0,0,0,0,0.0,0.0,0.0,0.0,0,0,0,0,0,0,0,Right,No,USA,3000000.0,Star
1,1982,C,Mike Scioscia,23,129,419,365,31,80,11,1,5,38,2,0,44,31,0.219,0.302,0.296,0.598,70,108,8,1,5,4,11,Left,No,USA,78000.0,Rookie
2,1982,1B,Steve Garvey,33,162,660,625,66,176,35,1,16,86,5,3,20,86,0.282,0.301,0.418,0.718,101,261,10,1,5,9,10,Right,No,USA,391000.0,Arbitration
3,1982,2B,Steve Sax,22,150,699,638,88,180,23,7,4,47,49,19,49,53,0.282,0.335,0.359,0.694,97,229,10,2,10,0,1,Right,No,USA,112000.0,Rookie
4,1982,SS,Bill Russell,33,153,576,497,64,136,20,2,3,46,10,2,63,30,0.274,0.357,0.34,0.697,99,169,14,4,8,4,11,Right,No,USA,147000.0,Rookie
5,1982,3B,Ron Cey,34,150,627,556,62,141,23,1,24,79,3,2,57,99,0.254,0.323,0.428,0.751,111,238,16,4,2,8,6,Right,No,USA,231000.0,Arbitration
6,1982,LF,Dusty Baker,33,147,640,570,80,171,19,1,23,88,17,10,56,62,0.3,0.361,0.458,0.818,130,261,7,3,2,9,5,Right,No,USA,469000.0,Arbitration
7,1982,CF,Ken Landreaux,27,129,518,461,71,131,23,7,7,50,31,10,39,54,0.284,0.341,0.41,0.751,112,189,7,4,8,6,2,Left,No,USA,295000.0,Arbitration
8,1982,RF,Pedro Guerrero,26,150,652,575,87,175,27,5,32,100,22,5,65,89,0.304,0.378,0.536,0.914,156,308,7,5,4,3,16,Right,No,Dominican Republic,606000.0,Arbitration
9,1982,RF,Rick Monday,36,104,254,210,37,54,6,4,11,42,2,1,39,51,0.257,0.372,0.481,0.852,140,101,3,1,1,3,6,Left,No,USA,365000.0,Arbitration
10,1982,C,Steve Yeager,33,82,215,196,13,48,5,2,2,18,0,0,13,28,0.245,0.294,0.321,0.615,74,63,3,1,4,1,3,Right,No,USA,160000.0,Rookie
11,1982,OF,Ron Roenicke,25,109,170,143,18,37,8,0,1,12,5,0,21,32,0.259,0.359,0.336,0.695,98,48,2,2,3,1,3,Right,Yes,Dominican Republic,164000.0,Rookie
12,1982,RF,Jorge Orta,31,86,129,115,13,25,5,0,2,8,0,1,12,13,0.217,0.295,0.313,0.608,72,36,1,1,0,1,3,Left,No,USA,187000.0,Rookie
13,1982,UT,Mike Marshall,22,49,110,95,10,23,3,0,5,9,2,0,13,23,0.242,0.336,0.432,0.768,116,41,1,1,0,1,1,Right,No,Dominican Republic,194000.0,Rookie
14,1982,2B,Derrel Thomas,31,66,109,98,13,26,2,1,0,2,2,3,10,12,0.265,0.333,0.306,0.639,82,30,2,0,1,0,1,Right,Yes,USA,125000.0,Rookie
15,1982,SS,Mark Belanger,38,54,57,50,6,12,1,0,0,4,1,0,5,10,0.24,0.309,0.26,0.569,63,13,2,0,2,0,1,Right,No,USA,64000.0,Rookie
16,1982,,Jose Morales,37,35,34,30,1,9,1,0,1,8,0,0,4,8,0.3,0.382,0.433,0.816,131,13,1,0,0,0,0,Right,No,USA,72000.0,Rookie
17,1982,,Jay Johnstone,36,21,19,13,1,1,1,0,0,2,0,0,5,2,0.077,0.316,0.154,0.47,37,2,0,0,0,1,1,Left,No,USA,69000.0,Rookie
18,1982,1B,Greg Brock,25,18,18,17,1,2,1,0,0,1,0,0,1,5,0.118,0.167,0.176,0.343,-3,3,0,0,0,0,1,Left,No,Dominican Republic,60000.0,Rookie
19,1982,OF,Candy Maldonado,21,6,5,4,0,0,0,0,0,0,0,0,1,2,0.0,0.2,0.0,0.2,-39,0,0,0,0,0,1,Right,No,Venezuela,74000.0,Rookie
20,1982,C,Don Crow,23,4,4,4,0,0,0,0,0,0,0,0,0,3,0.0,0.0,0.0,0.0,-100,0,0,0,0,0,0,Right,No,Puerto Rico,74000.0,Rookie
21,1982,IF,Alex Taveras,26,11,3,3,1,1,1,0,0,2,0,0,0,1,0.333,0.333,0.667,1.0,176,2,0,0,0,0,0,Right,No,Venezuela,70000.0,Rookie
22,1982,OF,Mark Bradley,25,8,3,3,1,1,0,0,0,0,0,0,0,0,0.333,0.333,0.333,0.667,89,1,0,0,0,0,0,Right,No,USA,61000.0,Rookie
23,1982,LF,Dave Sax,23,2,2,2,0,0,0,0,0,0,0,0,0,0,0.0,0.0,0.0,0.0,-100,0,0,0,0,0,0,Right,No,Mexico,74000.0,Rookie
24,1982,,Manny Mota,44,1,1,1,0,0,0,0,0,0,0,0,0,0,0.0,0.0,0.0,0.0,-100,0,0,0,0,0,0,Right,No,Dominican Republic,71000.0,Rookie
25,1982,P,Fernando Valenzuela,21,38,110,95,6,16,0,0,1,9,0,0,3,16,0.168,0.19,0.2,0.39,11,19,0,0,10,2,0,Left,No,Mexico,77000.0,Rookie
26,1982,P,Bob Welch,25,38,97,85,5,12,1,0,0,3,0,0,3,32,0.141,0.167,0.153,0.32,-9,13,0,0,7,2,0,Right,No,USA,74000.0,Rookie
27,1982,P,Jerry Reuss,33,39,95,77,8,17,3,0,0,3,0,0,2,28,0.221,0.241,0.26,0.5,42,20,4,0,16,0,0,Left,No,Venezuela,74000.0,Rookie
28,1982,P,Dave Stewart,25,45,46,39,3,7,1,0,0,2,0,0,2,14,0.179,0.22,0.205,0.425,21,8,0,0,5,0,0,Right,No,Puerto Rico,69000.0,Rookie
29,1982,P,Burt Hooton,32,21,41,35,3,3,1,0,1,1,0,0,0,5,0.086,0.086,0.2,0.286,-21,7,0,0,6,0,0,Right,No,Venezuela,63000.0,Rookie
30,1982,P,Vicente Romo,39,15,9,5,0,1,0,0,0,0,0,0,0,1,0.2,0.2,0.2,0.4,14,1,0,0,4,0,0,Right,No,Dominican Republic,72000.0,Rookie
31,1982,P,Ricky Wright,23,14,8,8,1,1,1,0,0,1,0,0,0,2,0.125,0.125,0.25,0.375,4,2,0,0,0,0,0,Left,No,Dominican Republic,71000.0,Rookie
32,1982,P,Steve Howe,24,66,8,7,0,0,0,0,0,0,0,0,0,3,0.0,0.0,0.0,0.0,-100,0,0,0,1,0,0,Left,No,USA,73000.0,Rookie
33,1982,P,Joe Beckwith,27,19,8,7,1,0,0,0,0,0,0,0,0,4,0.0,0.0,0.0,0.0,-100,0,0,0,1,0,0,Left,No,Venezuela,63000.0,Rookie
34,1982,P,Ted Power,27,12,7,6,0,0,0,0,0,0,0,0,0,5,0.0,0.0,0.0,0.0,-100,0,0,0,1,0,0,Right,No,Puerto Rico,64000.0,Rookie
35,1982,P,Tom Niedenfuer,22,55,4,3,0,0,0,0,0,0,0,0,1,0,0.0,0.25,0.0,0.25,-23,0,0,0,0,0,0,Right,No,USA,76000.0,Rookie
36,1982,P,Terry Forster,30,56,2,2,0,0,0,0,0,0,0,0,0,0,0.0,0.0,0.0,0.0,-100,0,0,0,0,0,0,Left,No,USA,73000.0,Rookie
37,1982,P,Steve Shirley,25,11,1,1,0,1,0,0,0,0,0,0,0,0,1.0,1.0,1.0,2.0,469,1,0,0,0,0,0,Left,No,USA,76000.0,Rookie
38,1982,P,Dave Goltz,33,2,1,1,0,0,0,0,0,0,0,0,0,0,0.0,0.0,0.0,0.0,-100,0,0,0,0,0,0,Right,No,USA,74000.0,Rookie
39,1982,P,Alejandro Pena,23,29,0,0,0,0,0,0,0,0,0,0,0,0,0.0,0.0,0.0,0.0,0,0,0,0,0,0,0,Right,No,USA,71000.0,Rookie
1,1981,C,Mike Scioscia,22,93,335,290,27,80,10,0,2,29,0,2,36,18,0.276,0.353,0.331,0.685,98,96,8,1,4,4,8,Left,No,USA,116000.0,Rookie
2,1981,1B,Steve Garvey,32,110,461,431,63,122,23,1,10,64,3,5,25,49,0.283,0.322,0.411,0.732,110,177,8,1,1,3,6,Right,No,USA,398000.0,Arbitration
3,1981,2B,Davey Lopes,36,58,243,214,35,44,2,0,5,17,20,2,22,35,0.206,0.289,0.285,0.574,66,61,7,3,4,0,1,Right,No,USA,87000.0,Rookie
4,1981,SS,Bill Russell,32,82,290,262,20,61,9,2,0,22,2,1,19,20,0.233,0.284,0.282,0.567,64,74,13,1,5,3,3,Right,No,USA,103000.0,Rookie
5,1981,3B,Ron Cey,33,85,359,312,42,90,15,2,13,50,0,2,40,55,0.288,0.372,0.474,0.846,143,148,7,3,1,3,3,Right,No,USA,426000.0,Arbitration
6,1981,LF,Dusty Baker,32,103,438,400,48,128,17,3,9,49,10,7,29,43,0.32,0.363,0.445,0.808,132,178,9,1,3,5,1,Right,No,USA,534000.0,Arbitration
7,1981,CF,Ken Landreaux,26,99,421,390,48,98,16,4,7,41,18,4,25,42,0.251,0.297,0.367,0.664,91,143,6,1,3,1,3,Left,No,USA,178000.0,Rookie
8,1981,RF,Pedro Guerrero,25,98,387,347,46,104,17,2,12,48,5,9,34,57,0.3,0.365,0.464,0.829,138,161,12,2,3,1,3,Right,No,Dominican Republic,391000.0,Arbitration
9,1981,MI,Derrel Thomas,30,80,252,218,25,54,4,0,4,24,7,2,25,23,0.248,0.322,0.321,0.644,86,70,2,0,7,2,2,Right,Yes,USA,143000.0,Rookie
10,1981,RF,Rick Monday,35,66,156,130,24,41,1,2,11,25,1,2,24,42,0.315,0.423,0.608,1.031,194,79,0,1,0,1,3,Left,No,Dominican Republic,564000.0,Arbitration
11,1981,2B,Steve Sax,21,31,127,119,15,33,2,0,2,9,5,7,7,14,0.277,0.317,0.345,0.662,91,41,0,0,1,0,1,Right,No,USA,89000.0,Rookie
12,1981,C,Steve Yeager,32,42,92,86,5,18,2,0,3,7,0,0,6,14,0.209,0.261,0.337,0.598,71,29,2,0,0,0,0,Right,No,USA,64000.0,Rookie
13,1981,UT,Jay Johnstone,35,61,90,83,8,17,3,0,3,6,0,1,7,13,0.205,0.267,0.349,0.616,77,29,3,0,0,0,0,Left,No,USA,68000.0,Rookie
14,1981,OF,Ron Roenicke,24,22,54,47,6,11,0,0,0,0,1,1,6,8,0.234,0.321,0.234,0.555,62,11,0,0,1,0,0,Right,Yes,USA,76000.0,Rookie
15,1981,1B,Reggie Smith,36,41,44,35,5,7,1,0,1,8,0,0,7,8,0.2,0.318,0.314,0.632,83,11,4,0,0,2,3,Right,Yes,Venezuela,69000.0,Rookie
16,1981,MI,Pepe Frías,32,25,39,36,6,9,1,0,0,3,0,0,1,3,0.25,0.282,0.278,0.56,62,10,0,1,0,1,1,Right,No,Puerto Rico,63000.0,Rookie
17,1981,UT,Mike Marshall,21,14,27,25,2,5,3,0,0,1,0,0,1,4,0.2,0.259,0.32,0.579,66,8,1,1,0,0,0,Right,No,USA,61000.0,Rookie
18,1981,SS,Gary Weiss,25,14,21,19,2,2,0,0,0,1,0,0,1,4,0.105,0.143,0.105,0.248,-28,2,0,0,0,1,0,Right,Yes,USA,73000.0,Rookie
19,1981,RF,Joe Ferguson,34,17,16,14,2,2,1,0,0,1,0,0,2,5,0.143,0.25,0.214,0.464,35,3,0,0,0,0,0,Right,No,Venezuela,67000.0,Rookie
20,1981,OF,Candy Maldonado,20,11,12,12,0,1,0,0,0,0,0,0,0,5,0.083,0.083,0.083,0.167,-52,1,0,0,0,0,0,Right,No,USA,75000.0,Rookie
21,1981,2B,Jack Perconte,26,8,11,9,2,2,0,1,0,1,1,1,2,2,0.222,0.364,0.444,0.808,132,4,0,0,0,0,0,Left,No,USA,72000.0,Rookie
22,1981,OF,Bobby Mitchell,26,10,9,8,0,1,0,0,0,0,0,0,1,4,0.125,0.222,0.125,0.347,2,1,0,0,0,0,0,Left,No,USA,74000.0,Rookie
23,1981,OF,Mark Bradley,24,9,6,6,2,1,1,0,0,0,0,0,0,1,0.167,0.167,0.333,0.5,41,2,0,0,0,0,0,Right,No,Dominican Republic,65000.0,Rookie
24,1981,C,Jerry Grote,38,2,2,2,0,0,0,0,0,0,0,0,0,1,0.0,0.0,0.0,0.0,-100,0,1,0,0,0,0,Right,No,USA,72000.0,Rookie
25,1981,P,Fernando Valenzuela,20,25,71,64,3,16,0,1,0,7,0,0,1,9,0.25,0.262,0.281,0.543,57,18,0,0,6,0,0,Left,No,Mexico,65000.0,Rookie
26,1981,P,Jerry Reuss,32,22,58,51,3,10,0,0,0,3,0,0,0,18,0.196,0.196,0.196,0.392,13,10,0,0,7,0,0,Left,No,Puerto Rico,77000.0,Rookie
27,1981,P,Bob Welch,24,23,53,45,3,10,0,1,0,2,0,0,1,16,0.222,0.239,0.267,0.506,46,12,0,0,7,0,0,Right,No,Cuba,71000.0,Rookie
28,1981,P,Burt Hooton,31,23,53,42,3,8,3,0,0,3,0,0,4,13,0.19,0.261,0.262,0.523,51,11,0,0,7,0,0,Right,No,Venezuela,66000.0,Rookie
29,1981,P,Dave Goltz,32,26,21,17,0,1,0,0,0,2,0,0,1,9,0.059,0.158,0.059,0.217,-35,1,0,1,2,0,0,Right,No,Mexico,65000.0,Rookie
30,1981,P,Rick Sutcliffe,25,14,13,11,2,2,0,0,0,2,0,0,2,3,0.182,0.308,0.182,0.49,44,2,0,0,0,0,0,Left,No,Cuba,63000.0,Rookie
31,1981,P,Bobby Castillo,26,34,9,9,1,4,2,0,0,1,0,0,0,2,0.444,0.444,0.667,1.111,217,6,0,0,0,0,0,Right,No,USA,73000.0,Rookie
32,1981,P,Dave Stewart,24,32,6,5,2,2,0,1,0,1,0,0,1,0,0.4,0.5,0.8,1.3,270,4,0,0,0,0,0,Right,No,Japan,64000.0,Rookie
33,1981,P,Alejandro Pena,22,14,6,6,0,0,0,0,0,0,0,0,0,6,0.0,0.0,0.0,0.0,-100,0,0,0,0,0,0,Right,No,USA,71000.0,Rookie
34,1981,P,Ted Power,26,5,3,3,0,0,0,0,0,0,0,0,0,3,0.0,0.0,0.0,0.0,-100,0,0,0,0,0,0,Right,No,USA,65000.0,Rookie
35,1981,P,Terry Forster,29,21,2,2,0,0,0,0,0,0,0,0,0,0,0.0,0.0,0.0,0.0,-100,0,0,0,0,0,0,Left,No,USA,72000.0,Rookie
36,1981,P,Steve Howe,23,41,2,1,0,0,0,0,0,0,0,0,1,1,0.0,0.5,0.0,0.5,54,0,0,0,0,0,0,Left,No,USA,75000.0,Rookie
37,1981,P,Tom Niedenfuer,21,17,0,0,0,0,0,0,0,0,0,0,0,0,0.0,0.0,0.0,0.0,0,0,0,0,0,0,0,Right,No,USA,74000.0,Rookie
1,1980,C,Steve Yeager,31,96,248,227,20,48,8,0,2,20,2,3,20,54,0.211,0.274,0.273,0.547,54,62,7,0,0,1,6,Right,No,USA,111000.0,Rookie
2,1980,1B,Steve Garvey,31,163,704,658,78,200,27,1,26,106,6,11,36,67,0.304,0.341,0.467,0.808,125,307,17,3,3,4,6,Right,No,USA,465000.0,Arbitration
3,1980,2B,Davey Lopes,35,141,625,553,79,139,15,3,10,49,23,7,58,71,0.251,0.321,0.344,0.665,87,190,8,1,9,4,2,Right,No,USA,115000.0,Rookie
4,1980,SS,Bill Russell,31,130,500,466,38,123,23,2,3,34,13,2,18,44,0.264,0.295,0.341,0.636,79,159,6,3,12,1,0,Right,No,USA,191000.0,Rookie
5,1980,3B,Ron Cey,32,157,630,551,81,140,25,0,28,77,2,2,69,92,0.254,0.342,0.452,0.794,122,249,16,5,4,1,5,Right,No,USA,294000.0,Arbitration
6,1980,LF,Dusty Baker,31,153,638,579,80,170,26,4,29,97,12,10,43,66,0.294,0.339,0.503,0.842,134,291,11,3,1,12,4,Right,No,Japan,524000.0,Arbitration
7,1980,CF,Rudy Law,23,128,418,388,55,101,5,4,1,23,40,13,23,27,0.26,0.306,0.302,0.608,72,117,2,3,3,1,1,Left,No,USA,97000.0,Rookie
8,1980,RF,Reggie Smith,35,92,362,311,47,100,13,0,15,55,5,6,41,63,0.322,0.392,0.508,0.9,151,158,4,1,0,9,1,Right,Yes,USA,555000.0,Arbitration
9,1980,UT,Derrel Thomas,29,117,332,297,32,79,18,3,1,22,7,9,26,48,0.266,0.326,0.357,0.683,92,106,5,1,7,1,3,Right,Yes,Panama,127000.0,Rookie
10,1980,RF,Jay Johnstone,34,109,279,251,31,77,15,2,2,20,3,2,24,29,0.307,0.372,0.406,0.778,119,102,3,2,2,0,1,Left,No,USA,342000.0,Arbitration
11,1980,OF,Rick Monday,34,96,223,194,35,52,7,1,10,25,2,2,28,49,0.268,0.363,0.469,0.832,132,91,1,1,0,0,3,Left,No,USA,411000.0,Arbitration
12,1980,C,Joe Ferguson,33,77,214,172,20,41,3,2,9,29,2,2,38,46,0.238,0.371,0.436,0.807,126,75,8,0,1,3,11,Right,No,USA,514000.0,Arbitration
13,1980,CF,Pedro Guerrero,24,75,199,183,27,59,9,1,7,31,2,1,12,31,0.322,0.359,0.497,0.856,138,91,2,0,1,3,3,Right,No,Dominican Republic,306000.0,Arbitration
14,1980,C,Mike Scioscia,21,54,152,134,8,34,5,1,1,8,1,0,12,9,0.254,0.313,0.328,0.641,81,44,2,0,5,1,2,Left,No,USA,103000.0,Rookie
15,1980,OF,Gary Thomasson,28,80,129,111,6,24,3,0,1,12,0,0,17,26,0.216,0.326,0.27,0.596,69,30,3,1,0,0,3,Left,No,USA,86000.0,Rookie
16,1980,UT,Mickey Hatcher,25,57,90,84,4,19,2,0,1,5,0,2,2,12,0.226,0.244,0.286,0.53,49,24,6,0,4,0,1,Right,No,Puerto Rico,76000.0,Rookie
17,1980,2B,Jack Perconte,25,14,21,17,2,4,0,0,0,2,3,0,2,1,0.235,0.316,0.235,0.551,57,4,1,0,2,0,0,Left,No,USA,76000.0,Rookie
18,1980,SS,Pepe Frías,31,14,9,9,1,2,1,0,0,0,0,0,0,0,0.222,0.222,0.333,0.556,54,3,1,0,0,0,0,Right,No,Puerto Rico,66000.0,Rookie
19,1980,,Manny Mota,42,7,7,7,0,3,0,0,0,2,0,0,0,0,0.429,0.429,0.429,0.857,142,3,1,0,0,0,0,Right,No,Dominican Republic,76000.0,Rookie
20,1980,1B,Vic Davalillo,40,7,6,6,1,1,0,0,0,0,0,0,0,1,0.167,0.167,0.167,0.333,-6,1,0,0,0,0,0,Left,No,USA,78000.0,Rookie
21,1980,OF,Bobby Mitchell,25,9,4,3,1,1,0,0,0,0,0,0,1,0,0.333,0.5,0.333,0.833,139,1,0,0,0,0,0,Left,No,USA,75000.0,Rookie
22,1980,,Gary Weiss,24,8,0,0,2,0,0,0,0,0,0,0,0,0,0.0,0.0,0.0,0.0,0,0,0,0,0,0,0,Right,Yes,USA,75000.0,Rookie
23,1980,P,Burt Hooton,30,34,81,64,4,4,0,0,1,6,0,0,3,15,0.063,0.104,0.109,0.214,-40,7,0,0,14,0,0,Right,No,Cuba,64000.0,Rookie
24,1980,P,Jerry Reuss,31,37,78,68,4,6,1,0,1,3,0,0,6,25,0.088,0.162,0.147,0.309,-12,10,0,0,4,0,0,Left,No,Puerto Rico,70000.0,Rookie
25,1980,P,Bob Welch,23,34,76,70,1,17,3,0,0,3,0,0,1,13,0.243,0.254,0.286,0.539,51,20,0,0,5,0,0,Right,No,USA,61000.0,Rookie
26,1980,P,Don Sutton,35,32,73,64,3,5,0,0,0,1,0,0,1,19,0.078,0.092,0.078,0.17,-52,5,4,0,8,0,0,Right,No,USA,400000.0,Star
27,1980,P,Dave Goltz,31,35,61,47,1,6,0,0,0,4,0,0,7,23,0.128,0.241,0.128,0.368,7,6,0,0,7,0,0,Right,No,USA,78000.0,Rookie
28,1980,P,Rick Sutcliffe,24,44,32,27,1,4,0,0,0,3,0,0,2,5,0.148,0.207,0.148,0.355,2,4,0,0,3,0,0,Left,No,Venezuela,66000.0,Rookie
29,1980,P,Steve Howe,22,59,11,11,1,1,0,0,0,0,0,0,0,3,0.091,0.091,0.091,0.182,-49,1,0,0,0,0,0,Left,No,USA,73000.0,Rookie
30,1980,P,Bobby Castillo,25,62,10,9,0,1,0,0,0,0,0,0,0,4,0.111,0.111,0.111,0.222,-37,1,0,0,1,0,0,Right,No,USA,75000.0,Rookie
31,1980,P,Don Stanhouse,29,21,3,2,0,0,0,0,0,0,0,0,1,0,0.0,0.333,0.0,0.333,2,0,0,0,0,0,0,Right,No,USA,75000.0,Rookie
32,1980,P,Joe Beckwith,25,38,3,2,0,0,0,0,0,0,0,0,1,1,0.0,0.333,0.0,0.333,2,0,0,0,0,0,0,Left,No,Dominican Republic,78000.0,Rookie
33,1980,P,Charlie Hough,32,19,2,2,0,1,0,0,0,1,0,0,0,1,0.5,0.5,0.5,1.0,182,1,0,0,0,0,0,Right,No,USA,64000.0,Rookie
34,1980,P,Fernando Valenzuela,19,10,1,1,0,0,0,0,0,0,0,0,0,1,0.0,0.0,0.0,0.0,-100,0,0,0,0,0,0,Left,No,Mexico,61000.0,Rookie
35,1980,P,Terry Forster,28,9,0,0,0,0,0,0,0,0,0,0,0,0,0.0,0.0,0.0,0.0,0,0,0,0,0,0,0,Left,No,Japan,67000.0,Rookie
1,1979,C,Steve Yeager,30,105,346,310,33,67,9,2,13,41,1,0,29,68,0.216,0.282,0.384,0.665,81,119,12,0,5,2,8,Right,No,USA,40000.0,Arbitration
2,1979,1B,Steve Garvey,30,162,697,648,92,204,32,1,28,110,3,6,37,59,0.315,0.351,0.497,0.848,130,322,25,2,4,6,16,Right,No,USA,112000.0,Mid
3,1979,2B,Davey Lopes,34,153,692,582,109,154,20,6,28,73,44,4,97,88,0.265,0.372,0.464,0.836,128,270,8,4,6,3,4,Right,No,USA,115000.0,Mid
4,1979,SS,Bill Russell,30,153,670,627,72,170,26,4,7,56,6,9,24,43,0.271,0.297,0.359,0.656,80,225,20,1,14,4,2,Right,No,USA,56000.0,Arbitration
5,1979,3B,Ron Cey,31,150,579,487,77,137,20,1,28,81,3,3,86,85,0.281,0.389,0.499,0.888,142,243,11,2,0,4,8,Right,No,USA,145000.0,Mid
6,1979,LF,Dusty Baker,30,151,616,554,86,152,29,1,23,88,11,4,56,70,0.274,0.34,0.455,0.795,117,252,16,1,2,3,0,Right,No,USA,77000.0,Arbitration
7,1979,CF,Derrel Thomas,28,141,460,406,47,104,15,4,5,44,18,5,41,49,0.256,0.33,0.35,0.679,87,142,9,5,5,3,7,Right,Yes,USA,53000.0,Arbitration
8,1979,RF,Reggie Smith,34,68,270,234,41,64,13,1,10,32,6,5,31,50,0.274,0.359,0.466,0.825,125,109,5,2,0,3,3,Right,Yes,USA,108000.0,Mid
9,1979,UT,Joe Ferguson,32,122,442,363,54,95,14,0,20,69,1,0,70,68,0.262,0.38,0.466,0.845,131,169,10,2,2,5,6,Right,No,USA,112000.0,Mid
10,1979,OF,Gary Thomasson,27,115,362,315,39,78,11,1,14,45,4,2,43,70,0.248,0.339,0.422,0.761,108,133,5,1,2,1,4,Left,No,USA,99000.0,Arbitration
11,1979,OF,Von Joshua,31,94,149,142,22,40,7,1,3,14,1,1,7,23,0.282,0.315,0.408,0.724,98,58,5,0,0,0,1,Left,No,USA,92000.0,Arbitration
12,1979,IF,Ted Martinez,31,81,117,112,19,30,5,1,0,2,3,2,4,16,0.268,0.293,0.33,0.623,71,37,3,0,1,0,1,Right,No,Mexico,55000.0,Arbitration
13,1979,UT,Mickey Hatcher,24,33,102,93,9,25,4,1,1,5,1,3,7,12,0.269,0.327,0.366,0.692,90,34,5,1,1,0,0,Right,No,Mexico,32000.0,Arbitration
14,1979,UT,Pedro Guerrero,23,25,64,62,7,15,2,0,2,9,2,0,1,14,0.242,0.25,0.371,0.621,68,23,1,0,0,1,1,Right,No,Dominican Republic,26000.0,Rookie
15,1979,C,Johnny Oates,33,26,51,46,4,6,2,0,0,2,0,1,4,1,0.13,0.2,0.174,0.374,4,8,0,0,1,0,1,Left,No,Japan,25000.0,Rookie
16,1979,LF,Manny Mota,41,47,47,42,1,15,0,0,0,3,0,0,3,4,0.357,0.4,0.357,0.757,110,15,2,0,2,0,0,Right,No,Dominican Republic,25000.0,Rookie
17,1979,OF,Rick Monday,33,12,38,33,2,10,0,0,0,2,0,0,5,6,0.303,0.395,0.303,0.698,95,10,1,0,0,0,0,Left,No,USA,25000.0,Rookie
18,1979,LF,Vic Davalillo,39,29,29,27,2,7,1,0,0,2,2,0,2,0,0.259,0.31,0.296,0.607,68,8,0,0,0,0,0,Left,No,USA,26000.0,Rookie
19,1979,P,Rick Sutcliffe,23,40,93,85,6,21,3,0,1,17,0,0,1,20,0.247,0.253,0.318,0.571,56,27,4,0,6,1,0,Left,No,USA,25000.0,Rookie
20,1979,P,Don Sutton,34,33,86,77,2,11,0,0,0,3,0,0,1,17,0.143,0.154,0.143,0.297,-18,11,1,0,8,0,0,Right,No,USA,400000.0,Star
21,1979,P,Burt Hooton,29,30,84,75,5,11,3,0,0,5,0,0,1,18,0.147,0.158,0.187,0.345,-6,14,0,0,8,0,0,Right,No,Dominican Republic,27000.0,Rookie
22,1979,P,Jerry Reuss,30,39,49,42,4,7,1,0,0,1,0,0,3,19,0.167,0.239,0.19,0.43,20,8,1,1,3,0,0,Left,No,Cuba,26000.0,Rookie
23,1979,P,Charlie Hough,31,42,43,38,1,6,1,0,0,2,0,0,0,9,0.158,0.158,0.184,0.342,-6,7,0,0,5,0,0,Right,No,Dominican Republic,24000.0,Rookie
24,1979,P,Bob Welch,22,25,23,19,1,3,0,0,0,3,0,0,0,6,0.158,0.2,0.158,0.358,0,3,0,1,3,0,0,Right,No,USA,25000.0,Rookie
25,1979,P,Andy Messersmith,33,11,23,22,1,2,1,0,0,2,0,0,0,6,0.091,0.091,0.136,0.227,-38,3,0,0,1,0,0,Right,No,USA,23000.0,Rookie
26,1979,P,Doug Rau,30,11,17,14,1,2,1,0,0,0,0,0,2,2,0.143,0.25,0.214,0.464,29,3,0,0,1,0,0,Left,No,USA,22000.0,Rookie
27,1979,P,Ken Brett,30,30,11,11,0,3,0,0,0,2,0,0,0,2,0.273,0.273,0.273,0.545,51,3,1,0,0,0,0,Left,No,USA,25000.0,Rookie
28,1979,P,Dave Patterson,22,37,9,7,0,1,0,0,0,0,0,1,0,2,0.143,0.143,0.143,0.286,-21,1,0,0,2,0,0,Right,No,USA,27000.0,Rookie
29,1979,P,Joe Beckwith,24,17,6,5,1,0,0,0,0,0,0,0,0,2,0.0,0.0,0.0,0.0,-100,0,0,0,1,0,0,Left,No,USA,27000.0,Rookie
30,1979,P,Gerry Hannahs,26,4,4,4,1,1,0,0,0,0,0,0,0,2,0.25,0.25,0.25,0.5,38,1,0,0,0,0,0,Left,No,Venezuela,23000.0,Rookie
31,1979,P,Bobby Castillo,24,19,3,3,0,0,0,0,0,0,0,0,0,1,0.0,0.0,0.0,0.0,-100,0,0,0,0,0,0,Right,No,USA,24000.0,Rookie
32,1979,P,Lerrin LaGrow,30,31,3,3,0,1,0,0,0,0,0,0,0,1,0.333,0.333,0.333,0.667,84,1,0,0,0,0,0,Right,No,Dominican Republic,22000.0,Rookie
33,1979,P,Dennis Lewallyn,25,7,2,2,0,1,0,0,0,0,0,0,0,1,0.5,0.5,0.5,1.0,176,1,0,0,0,0,0,Right,No,Cuba,27000.0,Rookie
34,1979,P,Terry Forster,27,17,1,0,0,0,0,0,0,0,0,0,1,0,0.0,1.0,0.0,0.0,0,0,0,0,0,0,0,Left,No,USA,27000.0,Rookie
35,1979,P,Lance Rautzhan,26,12,0,0,0,0,0,0,0,0,0,0,0,0,0.0,0.0,0.0,0.0,0,0,0,0,0,0,0,Right,No,USA,25000.0,Rookie
1,1978,C,Steve Yeager,29,94,266,228,19,44,7,0,4,23,0,0,36,41,0.193,0.301,0.276,0.577,64,63,3,0,0,2,11,Right,No,USA,34000.0,Arbitration
2,1978,1B,Steve Garvey,29,162,689,639,89,202,36,9,21,113,10,5,40,70,0.316,0.353,0.499,0.852,138,319,17,1,1,8,9,Right,No,USA,154000.0,Mid
3,1978,2B,Davey Lopes,33,151,665,587,93,163,25,4,17,58,45,4,71,70,0.278,0.355,0.421,0.776,118,247,9,0,6,1,3,Right,No,USA,85000.0,Arbitration
4,1978,SS,Bill Russell,29,155,672,625,72,179,32,4,3,46,10,6,30,34,0.286,0.32,0.365,0.684,92,228,17,2,12,3,8,Right,No,USA,38000.0,Arbitration
5,1978,3B,Ron Cey,30,159,667,555,84,150,32,0,23,84,2,5,96,96,0.27,0.38,0.452,0.833,134,251,13,7,2,7,9,Right,No,USA,138000.0,Mid
6,1978,LF,Dusty Baker,29,149,579,522,62,137,24,1,11,66,12,3,47,66,0.262,0.325,0.375,0.701,97,196,10,3,4,3,2,Right,No,USA,95000.0,Arbitration
7,1978,CF,Bill North,30,110,377,304,54,71,10,0,0,10,27,8,65,48,0.234,0.371,0.266,0.637,82,81,4,2,5,1,2,Right,Yes,USA,53000.0,Arbitration
8,1978,RF,Reggie Smith,33,128,531,447,82,132,27,2,29,93,12,5,70,90,0.295,0.382,0.559,0.942,162,250,5,1,0,13,8,Right,Yes,Dominican Republic,176000.0,Mid
9,1978,OF,Rick Monday,32,119,397,342,54,87,14,1,19,57,2,4,49,100,0.254,0.348,0.468,0.816,128,160,4,1,3,2,11,Left,No,USA,168000.0,Mid
10,1978,UT,Lee Lacy,30,103,276,245,29,64,16,4,13,40,7,4,27,30,0.261,0.335,0.518,0.853,137,127,4,1,1,2,4,Right,No,Dominican Republic,121000.0,Mid
11,1978,C,Joe Ferguson,31,67,235,198,20,47,11,0,7,28,1,2,34,41,0.237,0.35,0.399,0.749,111,79,9,1,1,1,5,Right,No,USA,86000.0,Arbitration
12,1978,C,Jerry Grote,35,41,83,70,5,19,5,0,0,9,0,0,10,5,0.271,0.354,0.343,0.697,97,24,0,0,1,2,1,Right,No,USA,25000.0,Rookie
13,1978,UT,Vic Davalillo,38,75,81,77,15,24,1,1,1,11,2,1,3,7,0.312,0.333,0.39,0.723,103,30,1,0,0,1,0,Left,No,USA,25000.0,Rookie
14,1978,C,Johnny Oates,32,40,80,75,5,23,1,0,0,6,0,1,5,3,0.307,0.35,0.32,0.67,90,24,0,0,0,0,1,Left,No,Dominican Republic,25000.0,Rookie
15,1978,IF,Ted Martinez,30,54,61,55,13,14,1,0,1,5,3,2,4,14,0.255,0.317,0.327,0.644,82,18,0,1,1,0,1,Right,No,Mexico,23000.0,Rookie
16,1978,,Manny Mota,40,37,37,33,2,10,1,0,0,6,0,0,3,4,0.303,0.361,0.333,0.694,97,11,0,0,1,0,1,Right,No,Dominican Republic,22000.0,Rookie
17,1978,OF,Glenn Burke,25,16,19,19,2,4,0,0,0,2,1,0,0,4,0.211,0.211,0.211,0.421,19,4,0,0,0,0,0,Right,No,USA,25000.0,Rookie
18,1978,OF,Rudy Law,21,11,13,12,2,3,0,0,0,1,3,1,1,2,0.25,0.308,0.25,0.558,59,3,0,0,0,0,0,Left,No,Venezuela,25000.0,Rookie
19,1978,1B,Pedro Guerrero,22,5,8,8,3,5,0,1,0,1,0,0,0,0,0.625,0.625,0.875,1.5,318,7,0,0,0,0,0,Right,No,Dominican Republic,22000.0,Rookie
20,1978,OF,Joe Simpson,26,10,5,5,1,2,0,0,0,1,0,0,0,2,0.4,0.4,0.4,0.8,126,2,0,0,0,0,0,Left,No,Dominican Republic,25000.0,Rookie
21,1978,OF,Myron White,20,7,5,4,1,2,0,0,0,1,0,1,0,1,0.5,0.5,0.5,1.0,183,2,0,0,1,0,0,Left,No,USA,24000.0,Rookie
22,1978,C,Brad Gulden,22,3,4,4,0,0,0,0,0,0,0,0,0,2,0.0,0.0,0.0,0.0,-100,0,0,0,0,0,0,Left,No,USA,25000.0,Rookie
23,1978,SS,Enzo Hernández,29,4,3,3,0,0,0,0,0,0,0,0,0,1,0.0,0.0,0.0,0.0,-100,0,0,0,0,0,0,Right,No,Puerto Rico,26000.0,Rookie
24,1978,P,Burt Hooton,28,32,92,67,4,10,1,0,0,2,0,0,7,15,0.149,0.23,0.164,0.394,13,11,2,0,18,0,0,Right,No,Dominican Republic,22000.0,Rookie
25,1978,P,Don Sutton,33,34,90,72,1,6,0,0,0,3,0,0,4,22,0.083,0.132,0.083,0.215,-38,6,0,0,14,0,0,Right,No,USA,400000.0,Star
26,1978,P,Tommy John,35,33,81,66,2,8,2,0,0,6,0,0,3,13,0.121,0.159,0.152,0.311,-12,10,1,0,12,0,0,Right,No,USA,26000.0,Rookie
27,1978,P,Doug Rau,29,30,78,63,3,9,1,0,0,5,0,0,2,13,0.143,0.169,0.159,0.328,-7,10,1,0,13,0,0,Left,No,USA,25000.0,Rookie
28,1978,P,Rick Rhoden,25,30,62,52,5,7,1,0,0,4,0,0,3,14,0.135,0.179,0.154,0.332,-6,8,1,0,6,1,0,Right,No,USA,25000.0,Rookie
29,1978,P,Bob Welch,21,23,35,29,3,5,1,0,0,1,0,0,0,7,0.172,0.172,0.207,0.379,6,6,0,0,6,0,0,Right,No,Dominican Republic,26000.0,Rookie
30,1978,P,Charlie Hough,30,55,12,12,1,4,1,0,0,2,0,0,0,2,0.333,0.333,0.417,0.75,110,5,0,0,0,0,0,Right,No,USA,26000.0,Rookie
31,1978,P,Terry Forster,26,47,9,8,1,4,1,0,0,2,0,0,0,0,0.5,0.5,0.625,1.125,215,5,0,0,1,0,0,Left,No,Dominican Republic,27000.0,Rookie
32,1978,P,Bobby Castillo,23,18,7,7,0,0,0,0,0,0,0,0,0,0,0.0,0.0,0.0,0.0,-100,0,0,0,0,0,0,Right,No,USA,24000.0,Rookie
33,1978,P,Lance Rautzhan,25,43,6,4,0,0,0,0,0,0,0,0,0,1,0.0,0.0,0.0,0.0,-100,0,0,0,2,0,0,Right,No,USA,24000.0,Rookie
34,1978,P,Dave Stewart,21,1,0,0,0,0,0,0,0,0,0,0,0,0,0.0,0.0,0.0,0.0,0,0,0,0,0,0,0,Right,No,Dominican Republic,24000.0,Rookie
35,1978,P,Dennis Lewallyn,24,1,0,0,0,0,0,0,0,0,0,0,0,0,0.0,0.0,0.0,0.0,0,0,0,0,0,0,0,Right,No,USA,22000.0,Rookie
36,1978,P,Gerry Hannahs,25,1,0,0,0,0,0,0,0,0,0,0,0,0,0.0,0.0,0.0,0.0,0,0,0,0,0,0,0,Left,No,Puerto Rico,25000.0,Rookie
37,1978,P,Mike Garman,28,10,0,0,0,0,0,0,0,0,0,0,0,0,0.0,0.0,0.0,0.0,0,0,0,0,0,0,0,Right,No,USA,23000.0,Rookie
38,1978,P,Rick Sutcliffe,22,2,0,0,0,0,0,0,0,0,0,0,0,0,0.0,0.0,0.0,0.0,0,0,0,0,0,0,0,Left,No,Dominican Republic,27000.0,Rookie
1,1977,C,Steve Yeager,28,125,438,387,53,99,21,2,16,55,1,3,43,84,0.256,0.334,0.444,0.779,108,172,7,4,1,3,11,Right,No,USA,90000.0,Arbitration
2,1977,1B,Steve Garvey,28,162,696,646,91,192,25,3,33,115,9,6,38,90,0.297,0.335,0.498,0.834,122,322,15,1,7,4,10,Right,No,USA,147000.0,Mid
3,1977,2B,Davey Lopes,32,134,589,502,85,142,19,5,11,53,47,12,73,69,0.283,0.372,0.406,0.779,110,204,3,2,6,6,3,Right,No,Venezuela,79000.0,Arbitration
4,1977,SS,Bill Russell,28,153,674,634,84,176,28,6,4,51,16,7,24,43,0.278,0.304,0.36,0.664,79,228,23,2,9,4,1,Right,No,USA,38000.0,Arbitration
5,1977,3B,Ron Cey,29,153,669,564,77,136,22,3,30,110,3,4,93,106,0.241,0.347,0.45,0.797,114,254,11,2,3,7,6,Right,No,USA,63000.0,Arbitration
6,1977,LF,Dusty Baker,28,153,604,533,86,155,26,1,30,86,2,6,58,89,0.291,0.364,0.512,0.876,134,273,9,6,2,5,6,Right,No,Panama,136000.0,Mid
7,1977,CF,Rick Monday,31,118,456,392,47,90,13,1,15,48,1,4,60,109,0.23,0.33,0.383,0.713,92,150,4,0,2,2,6,Left,No,USA,65000.0,Arbitration
8,1977,RF,Reggie Smith,32,148,603,488,104,150,27,4,32,87,7,5,104,76,0.307,0.427,0.576,1.003,168,281,5,3,1,7,11,Right,Yes,Dominican Republic,201000.0,Mid
9,1977,UT,Lee Lacy,29,75,180,169,28,45,7,0,6,21,4,0,10,21,0.266,0.306,0.414,0.72,92,70,3,0,0,1,0,Right,No,USA,105000.0,Mid
10,1977,CF,Glenn Burke,24,83,175,169,16,43,8,0,1,13,13,5,5,22,0.254,0.28,0.32,0.6,62,54,3,1,0,0,1,Right,No,USA,46000.0,Arbitration
11,1977,C,Johnny Oates,31,60,171,156,18,42,4,0,3,11,1,0,11,11,0.269,0.314,0.353,0.666,80,55,3,0,2,2,4,Left,No,USA,53000.0,Arbitration
12,1977,2B,Ted Martinez,29,67,143,137,21,41,6,1,1,10,3,4,2,20,0.299,0.309,0.38,0.689,85,52,1,0,4,0,0,Right,No,Mexico,42000.0,Arbitration
13,1977,OF,John Hale,23,79,124,108,10,26,4,1,2,11,2,1,15,28,0.241,0.331,0.352,0.682,85,38,0,0,0,1,1,Left,No,Dominican Republic,41000.0,Arbitration
14,1977,CI,Ed Goodson,29,61,69,66,3,11,1,0,1,5,0,1,3,10,0.167,0.203,0.227,0.43,16,15,2,0,0,0,2,Left,No,USA,27000.0,Rookie
15,1977,1B,Boog Powell,35,50,53,41,0,10,0,0,0,5,0,0,12,9,0.244,0.415,0.244,0.659,83,10,0,0,0,0,1,Left,No,Cuba,22000.0,Rookie
16,1977,LF,Manny Mota,39,49,50,38,5,15,1,0,1,4,1,1,10,0,0.395,0.521,0.5,1.021,178,19,1,0,2,0,3,Right,No,Dominican Republic,26000.0,Rookie
17,1977,OF,Vic Davalillo,37,24,48,48,3,15,2,0,0,4,0,0,0,6,0.313,0.313,0.354,0.667,80,17,0,0,0,0,0,Left,No,Dominican Republic,23000.0,Rookie
18,1977,UT,Jerry Grote,34,18,30,27,3,7,0,0,0,4,0,1,2,5,0.259,0.31,0.259,0.57,56,7,2,0,1,0,1,Right,No,USA,26000.0,Rookie
19,1977,OF,Joe Simpson,25,29,25,23,2,4,0,0,0,1,1,1,2,6,0.174,0.24,0.174,0.414,14,4,1,0,0,0,0,Left,No,Dominican Republic,27000.0,Rookie
20,1977,MI,Rafael Landestoy,24,15,22,18,6,5,0,0,0,0,2,0,3,2,0.278,0.381,0.278,0.659,82,5,1,0,1,0,0,Right,Yes,Panama,21000.0,Rookie
21,1977,SS,Ron Washington,25,10,20,19,4,7,0,0,0,1,1,1,0,2,0.368,0.4,0.368,0.768,109,7,1,1,0,0,0,Right,No,USA,27000.0,Rookie
22,1977,OF,Jeffrey Leonard,21,11,11,10,1,3,0,1,0,2,0,0,1,4,0.3,0.364,0.5,0.864,131,5,1,0,0,0,0,Right,No,Puerto Rico,25000.0,Rookie
23,1977,C,Kevin Pasley,23,2,3,3,0,1,0,0,0,0,0,0,0,0,0.333,0.333,0.333,0.667,81,1,0,0,0,0,0,Right,No,USA,27000.0,Rookie
24,1977,P,Don Sutton,32,33,91,73,3,11,2,0,0,8,0,0,8,21,0.151,0.235,0.178,0.413,13,13,2,0,10,0,0,Right,No,USA,400000.0,Star
25,1977,P,Tommy John,34,31,89,79,3,14,1,0,1,4,0,0,3,14,0.177,0.205,0.228,0.433,17,18,0,0,6,1,0,Right,No,USA,26000.0,Rookie
26,1977,P,Rick Rhoden,24,32,84,78,8,18,3,0,3,12,0,0,0,13,0.231,0.231,0.385,0.615,63,30,3,0,6,0,0,Right,No,USA,21000.0,Rookie
27,1977,P,Burt Hooton,27,32,83,67,1,11,2,0,0,3,0,0,2,15,0.164,0.188,0.194,0.382,4,13,0,0,14,0,0,Right,No,USA,23000.0,Rookie
28,1977,P,Doug Rau,28,32,81,71,4,10,1,0,0,2,0,0,5,11,0.141,0.205,0.155,0.36,-1,11,2,1,3,1,0,Left,No,USA,21000.0,Rookie
29,1977,P,Charlie Hough,29,70,23,22,1,4,0,0,1,2,0,0,1,2,0.182,0.217,0.318,0.536,43,7,0,0,0,0,0,Right,No,USA,27000.0,Rookie
30,1977,P,Dennis Lewallyn,23,5,7,6,1,0,0,0,0,1,0,0,0,4,0.0,0.0,0.0,0.0,-100,0,0,0,1,0,0,Right,No,USA,26000.0,Rookie
31,1977,P,Mike Garman,27,49,7,7,0,0,0,0,0,0,0,0,0,2,0.0,0.0,0.0,0.0,-100,0,0,0,0,0,0,Right,No,Puerto Rico,26000.0,Rookie
32,1977,P,Elias Sosa,27,45,5,4,1,1,0,0,0,0,0,0,0,1,0.25,0.25,0.25,0.5,36,1,0,0,1,0,0,Right,No,USA,27000.0,Rookie
33,1977,P,Stan Wall,26,25,2,1,0,0,0,0,0,0,0,0,0,0,0.0,0.0,0.0,0.0,-100,0,0,0,1,0,0,Left,No,USA,22000.0,Rookie
34,1977,P,Al Downing,36,12,1,1,0,0,0,0,0,0,0,0,0,0,0.0,0.0,0.0,0.0,-100,0,0,0,0,0,0,Right,No,Japan,23000.0,Rookie
35,1977,P,Bobby Castillo,22,6,1,1,0,0,0,0,0,0,0,0,0,0,0.0,0.0,0.0,0.0,-100,0,0,0,0,0,0,Right,No,USA,21000.0,Rookie
36,1977,P,Lance Rautzhan,24,25,1,1,0,0,0,0,0,0,0,0,0,1,0.0,0.0,0.0,0.0,-100,0,0,0,0,0,0,Right,No,Dominican Republic,22000.0,Rookie
37,1977,P,Hank Webb,27,5,0,0,0,0,0,0,0,0,0,0,0,0,0.0,0.0,0.0,0.0,0,0,0,0,0,0,0,Right,No,USA,22000.0,Rookie
1,1976,C,Steve Yeager,27,117,399,359,42,77,11,3,11,35,3,1,30,84,0.214,0.286,0.354,0.64,83,127,5,7,1,2,3,Right,No,USA,48000.0,Arbitration
2,1976,1B,Steve Garvey,27,162,696,631,85,200,37,4,13,80,19,8,50,69,0.317,0.363,0.45,0.813,133,284,20,1,5,9,11,Right,No,USA,127000.0,Mid
3,1976,2B,Davey Lopes,31,117,491,427,72,103,17,7,4,20,63,10,56,49,0.241,0.333,0.342,0.675,94,146,8,4,2,2,1,Right,No,USA,39000.0,Arbitration
4,1976,SS,Bill Russell,27,149,590,554,53,152,17,3,5,65,15,5,21,46,0.274,0.301,0.343,0.644,85,190,14,3,6,6,9,Right,No,USA,41000.0,Arbitration
5,1976,3B,Ron Cey,28,145,600,502,69,139,18,3,23,80,0,4,89,74,0.277,0.386,0.462,0.848,143,232,11,3,2,4,13,Right,No,USA,120000.0,Mid
6,1976,LF,Bill Buckner,26,154,680,642,76,193,28,4,7,60,28,9,26,26,0.301,0.326,0.389,0.716,105,250,8,1,6,5,6,Left,No,Venezuela,100000.0,Mid
7,1976,CF,Dusty Baker,27,112,421,384,36,93,13,0,4,39,2,4,31,54,0.242,0.298,0.307,0.605,74,118,15,1,1,4,3,Right,No,Dominican Republic,55000.0,Arbitration
8,1976,RF,Reggie Smith,31,65,245,225,35,63,8,4,10,26,2,0,18,42,0.28,0.335,0.484,0.819,133,109,4,1,0,1,4,Right,Yes,USA,169000.0,Mid
9,1976,2B,Ted Sizemore,31,84,292,266,18,64,8,1,0,18,2,3,15,22,0.241,0.28,0.278,0.558,61,74,5,0,10,1,1,Right,No,Puerto Rico,29000.0,Rookie
10,1976,RF,Joe Ferguson,29,54,213,185,24,41,7,0,6,18,2,0,25,41,0.222,0.318,0.357,0.674,93,66,3,1,2,0,1,Right,No,USA,44000.0,Arbitration
11,1976,CF,Lee Lacy,28,53,177,158,17,42,7,1,0,14,1,2,16,13,0.266,0.33,0.323,0.652,88,51,7,0,1,2,2,Right,No,USA,56000.0,Arbitration
12,1976,3B,Ed Goodson,28,83,128,118,8,27,4,0,3,17,0,0,8,19,0.229,0.273,0.339,0.612,75,40,7,0,0,2,2,Left,No,Japan,45000.0,Arbitration
13,1976,RF,John Hale,22,44,112,91,4,14,2,1,0,8,4,1,16,14,0.154,0.291,0.198,0.489,42,18,0,2,2,1,1,Left,No,USA,24000.0,Rookie
14,1976,OF,Henry Cruz,24,49,98,88,8,16,2,1,4,14,0,2,9,11,0.182,0.258,0.364,0.621,77,32,1,0,1,0,3,Left,No,Puerto Rico,22000.0,Rookie
15,1976,C,Ellie Rodriguez,30,36,90,66,10,14,0,0,0,9,0,0,19,12,0.212,0.4,0.212,0.612,80,14,1,3,0,2,2,Right,No,Cuba,22000.0,Rookie
16,1976,CF,Jim Lyttle,30,23,76,68,3,15,3,0,0,5,0,1,8,12,0.221,0.303,0.265,0.567,64,18,0,0,0,0,4,Left,No,Puerto Rico,23000.0,Rookie
17,1976,LF,Manny Mota,38,50,60,52,1,15,3,0,0,13,0,0,7,5,0.288,0.367,0.346,0.713,106,18,1,0,0,1,3,Right,No,Dominican Republic,23000.0,Rookie
18,1976,C,Kevin Pasley,22,23,56,52,4,12,2,0,0,2,0,0,3,7,0.231,0.273,0.269,0.542,56,14,0,0,1,0,1,Right,No,Dominican Republic,25000.0,Rookie
19,1976,IF,Rick Auerbach,26,36,53,47,7,6,0,0,0,1,0,1,6,6,0.128,0.226,0.128,0.354,4,6,3,0,0,0,0,Right,No,Dominican Republic,21000.0,Rookie
20,1976,OF,Glenn Burke,23,25,51,46,9,11,2,0,0,5,3,2,3,8,0.239,0.3,0.283,0.583,68,13,1,1,1,0,0,Right,No,USA,22000.0,Rookie
21,1976,RF,Leron Lee,28,23,47,45,1,6,0,1,0,2,0,0,2,9,0.133,0.17,0.178,0.348,0,8,1,0,0,0,1,Left,No,Panama,26000.0,Rookie
22,1976,IF,Iván de Jesús,23,22,47,41,4,7,2,1,0,2,0,1,4,9,0.171,0.244,0.268,0.513,47,11,2,0,2,0,0,Right,No,USA,22000.0,Rookie
23,1976,OF,Joe Simpson,24,23,31,30,2,4,1,0,0,0,0,1,1,6,0.133,0.161,0.167,0.328,-6,5,0,0,0,0,0,Left,No,USA,23000.0,Rookie
24,1976,,Danny Walton,28,18,17,15,0,2,0,0,0,2,0,0,1,2,0.133,0.176,0.133,0.31,-10,2,0,0,0,1,0,Right,No,Dominican Republic,26000.0,Rookie
25,1976,C,Sergio Robles,30,6,3,3,0,0,0,0,0,0,0,0,0,2,0.0,0.0,0.0,0.0,-100,0,0,0,0,0,0,Right,No,Cuba,22000.0,Rookie
26,1976,P,Don Sutton,31,35,99,84,2,7,1,0,0,3,0,0,6,19,0.083,0.144,0.095,0.24,-30,8,3,0,9,0,0,Right,No,USA,400000.0,Star
27,1976,P,Burt Hooton,26,33,81,62,2,6,1,0,0,4,0,0,3,28,0.097,0.147,0.113,0.26,-25,7,0,1,13,2,0,Right,No,USA,24000.0,Rookie
28,1976,P,Doug Rau,27,34,76,60,5,9,0,0,0,2,0,0,7,15,0.15,0.235,0.15,0.385,13,9,4,0,8,1,0,Left,No,USA,23000.0,Rookie
29,1976,P,Tommy John,33,31,76,64,3,7,1,0,0,3,0,0,2,10,0.109,0.136,0.125,0.261,-25,8,4,0,10,0,0,Right,No,Dominican Republic,25000.0,Rookie
30,1976,P,Rick Rhoden,23,27,73,65,6,20,3,0,1,9,0,0,1,12,0.308,0.318,0.4,0.718,105,26,1,0,7,0,0,Right,No,USA,26000.0,Rookie
31,1976,P,Charlie Hough,28,77,21,21,1,6,2,0,0,4,0,0,0,5,0.286,0.286,0.381,0.667,90,8,0,0,0,0,0,Right,No,Panama,22000.0,Rookie
32,1976,P,Mike Marshall,33,30,9,5,1,0,0,0,0,1,0,0,3,2,0.0,0.333,0.0,0.333,2,0,0,0,0,1,0,Right,No,Venezuela,25000.0,Rookie
33,1976,P,Al Downing,35,17,6,6,0,0,0,0,0,0,0,0,0,4,0.0,0.0,0.0,0.0,-100,0,0,0,0,0,0,Right,No,USA,24000.0,Rookie
34,1976,P,Dennis Lewallyn,22,4,5,5,0,0,0,0,0,0,0,0,0,5,0.0,0.0,0.0,0.0,-100,0,0,0,0,0,0,Right,No,USA,22000.0,Rookie
35,1976,P,Stan Wall,25,31,4,4,0,0,0,0,0,0,0,0,0,1,0.0,0.0,0.0,0.0,-100,0,0,0,0,0,0,Left,No,Venezuela,25000.0,Rookie
36,1976,P,Elias Sosa,26,24,1,0,0,0,0,0,0,0,0,0,0,0,0.0,0.0,0.0,0.0,0,0,0,0,1,0,0,Right,No,USA,23000.0,Rookie
37,1976,P,Rick Sutcliffe,20,1,1,1,0,0,0,0,0,0,0,0,0,1,0.0,0.0,0.0,0.0,-100,0,0,0,0,0,0,Left,No,USA,24000.0,Rookie
1,1975,C,Steve Yeager,26,135,515,452,34,103,16,1,12,54,2,5,40,75,0.228,0.298,0.347,0.646,83,157,15,8,9,6,7,Right,No,USA,37000.0,Arbitration
2,1975,1B,Steve Garvey,26,160,704,659,85,210,38,6,18,95,11,2,33,66,0.319,0.351,0.476,0.827,134,314,19,3,3,6,6,Right,No,USA,126000.0,Mid
3,1975,2B,Davey Lopes,30,155,726,618,108,162,24,6,8,41,77,12,91,93,0.262,0.358,0.359,0.717,104,222,4,2,13,2,3,Right,No,USA,76000.0,Arbitration
4,1975,SS,Bill Russell,26,84,282,252,24,52,9,2,0,14,5,0,23,28,0.206,0.277,0.258,0.535,53,65,6,2,4,1,6,Right,No,USA,33000.0,Arbitration
5,1975,3B,Ron Cey,27,158,662,566,72,160,29,2,25,101,5,2,78,74,0.283,0.372,0.473,0.845,139,268,15,7,3,8,15,Right,No,USA,114000.0,Mid
6,1975,LF,Bill Buckner,25,92,315,288,30,70,11,2,6,31,8,3,17,15,0.243,0.286,0.358,0.644,82,103,11,2,4,4,7,Left,No,USA,41000.0,Arbitration
7,1975,CF,Jim Wynn,33,130,529,412,80,102,16,0,18,58,7,3,110,77,0.248,0.403,0.417,0.821,134,172,8,1,1,5,2,Right,No,USA,129000.0,Mid
8,1975,RF,Willie Crawford,28,124,432,373,46,98,15,2,9,46,5,5,49,43,0.263,0.345,0.386,0.731,108,144,2,0,6,4,11,Left,No,USA,97000.0,Arbitration
9,1975,UT,Lee Lacy,27,101,336,306,44,96,11,5,7,40,5,9,22,29,0.314,0.356,0.451,0.807,129,138,10,0,5,3,1,Right,No,Panama,145000.0,Mid
10,1975,UT,Joe Ferguson,28,66,241,202,15,42,2,1,5,23,2,1,35,47,0.208,0.325,0.302,0.627,79,61,4,1,1,2,5,Right,No,Puerto Rico,53000.0,Arbitration
11,1975,OF,John Hale,21,71,238,204,20,43,7,0,6,22,1,2,26,51,0.211,0.303,0.333,0.637,81,68,1,2,4,2,4,Left,No,Venezuela,33000.0,Arbitration
12,1975,SS,Rick Auerbach,25,85,188,170,18,38,9,0,0,12,3,2,18,22,0.224,0.298,0.276,0.574,64,47,8,0,0,0,3,Right,No,USA,32000.0,Arbitration
13,1975,OF,Tom Paciorek,28,62,157,145,14,28,8,0,1,5,4,3,11,29,0.193,0.25,0.269,0.519,48,39,3,0,1,0,1,Right,No,Dominican Republic,27000.0,Rookie
14,1975,OF,Henry Cruz,23,53,101,94,8,25,3,1,0,5,1,1,7,6,0.266,0.317,0.319,0.636,81,30,0,0,0,0,0,Left,No,Puerto Rico,37000.0,Arbitration
15,1975,SS,Iván de Jesús,22,63,99,87,10,16,2,1,0,2,1,2,11,15,0.184,0.276,0.23,0.505,45,20,0,0,1,0,0,Right,No,USA,26000.0,Rookie
16,1975,LF,Manny Mota,37,52,59,49,3,13,1,0,0,10,0,0,5,1,0.265,0.357,0.286,0.643,85,14,3,2,3,0,0,Right,No,Dominican Republic,27000.0,Rookie
17,1975,CI,Ken McMullen,33,39,53,46,4,11,1,1,2,14,0,0,7,12,0.239,0.34,0.435,0.774,119,20,1,0,0,0,0,Right,No,USA,27000.0,Rookie
18,1975,LF,Leron Lee,27,48,47,43,2,11,4,0,0,2,0,0,3,9,0.256,0.298,0.349,0.647,84,15,0,0,0,1,1,Left,No,Puerto Rico,23000.0,Rookie
19,1975,UT,Jerry Royster,22,13,37,36,2,9,2,1,0,1,1,0,1,3,0.25,0.27,0.361,0.631,78,13,1,0,0,0,0,Right,No,USA,22000.0,Rookie
20,1975,,Charlie Manuel,31,15,15,15,0,2,0,0,0,2,0,0,0,3,0.133,0.133,0.133,0.267,-24,2,2,0,0,0,0,Left,No,Dominican Republic,24000.0,Rookie
21,1975,UT,Paul Powell,27,8,11,10,2,2,1,0,0,0,0,0,1,2,0.2,0.273,0.3,0.573,63,3,1,0,0,0,0,Right,No,USA,26000.0,Rookie
22,1975,OF,Joe Simpson,23,9,6,6,3,2,0,0,0,0,0,0,0,2,0.333,0.333,0.333,0.667,90,2,0,0,0,0,0,Left,No,USA,24000.0,Rookie
23,1975,,Orlando Álvarez,23,4,4,4,0,0,0,0,0,0,0,0,0,1,0.0,0.0,0.0,0.0,-100,0,0,0,0,0,0,Right,No,USA,24000.0,Rookie
24,1975,P,Andy Messersmith,29,44,123,108,8,17,4,0,0,9,0,0,7,25,0.157,0.212,0.194,0.406,16,21,2,1,5,2,0,Right,No,Venezuela,35000.0,Arbitration
25,1975,P,Doug Rau,26,38,102,87,5,17,0,0,0,6,0,0,5,28,0.195,0.239,0.195,0.435,25,17,3,0,10,0,0,Left,No,USA,27000.0,Rookie
26,1975,P,Don Sutton,30,35,96,80,4,11,1,0,0,3,0,0,4,20,0.138,0.179,0.15,0.329,-6,12,3,0,12,0,0,Right,No,USA,400000.0,Star
27,1975,P,Burt Hooton,25,31,87,70,6,9,3,0,1,7,0,0,4,27,0.129,0.176,0.214,0.39,11,15,1,0,13,0,0,Right,No,Dominican Republic,24000.0,Rookie
28,1975,P,Rick Rhoden,22,26,30,28,0,2,0,0,0,1,0,0,1,6,0.071,0.103,0.071,0.175,-50,2,0,0,1,0,0,Right,No,Venezuela,23000.0,Rookie
29,1975,P,Al Downing,34,22,19,16,0,0,0,0,0,1,0,0,2,8,0.0,0.105,0.0,0.105,-68,0,0,0,0,1,0,Right,No,Venezuela,24000.0,Rookie
30,1975,P,Mike Marshall,32,58,19,15,0,1,0,0,0,0,0,0,0,6,0.067,0.067,0.067,0.133,-62,1,0,0,4,0,0,Right,No,USA,26000.0,Rookie
31,1975,P,Charlie Hough,27,38,7,6,1,2,0,0,0,0,0,0,0,1,0.333,0.333,0.333,0.667,90,2,0,0,1,0,0,Right,No,USA,22000.0,Rookie
32,1975,P,Jim Brewer,37,21,3,3,0,0,0,0,0,0,0,0,0,0,0.0,0.0,0.0,0.0,-100,0,0,0,0,0,0,Left,No,USA,22000.0,Rookie
33,1975,P,Juan Marichal,37,2,2,2,0,0,0,0,0,0,0,0,0,1,0.0,0.0,0.0,0.0,-100,0,0,0,0,0,0,Right,No,Mexico,27000.0,Rookie
34,1975,P,Dave Sells,28,5,1,1,0,1,0,0,0,1,0,0,0,0,1.0,1.0,1.0,2.0,471,1,0,0,0,0,0,Right,No,Dominican Republic,22000.0,Rookie
35,1975,P,Dennis Lewallyn,21,2,0,0,0,0,0,0,0,0,0,0,0,0,0.0,0.0,0.0,0.0,0,0,0,0,0,0,0,Right,No,Cuba,25000.0,Rookie
36,1975,P,Geoff Zahn,29,2,0,0,0,0,0,0,0,0,0,0,0,0,0.0,0.0,0.0,0.0,0,0,0,0,0,0,0,Left,No,USA,25000.0,Rookie
37,1975,P,Stan Wall,24,10,0,0,0,0,0,0,0,0,0,0,0,0,0.0,0.0,0.0,0.0,0,0,0,0,0,0,0,Left,No,Dominican Republic,24000.0,Rookie
1,1974,C,Steve Yeager,25,94,354,316,41,84,16,1,12,41,2,2,32,77,0.266,0.334,0.437,0.771,119,138,7,2,1,3,5,Right,No,USA,77000.0,Arbitration
2,1974,1B,Steve Garvey,25,156,685,642,95,200,32,3,21,111,5,4,31,66,0.312,0.342,0.469,0.811,130,301,8,3,1,8,4,Right,No,USA,102000.0,Mid
3,1974,2B,Davey Lopes,29,145,613,530,95,141,26,3,10,35,59,18,66,71,0.266,0.35,0.383,0.733,109,203,10,4,10,3,3,Right,No,USA,89000.0,Arbitration
4,1974,SS,Bill Russell,25,160,625,553,61,149,18,6,5,65,14,5,53,53,0.269,0.336,0.351,0.686,96,194,18,4,11,4,25,Right,No,USA,40000.0,Arbitration
5,1974,3B,Ron Cey,26,159,673,577,88,151,20,2,18,97,1,1,76,68,0.262,0.349,0.397,0.746,113,229,17,7,3,10,13,Right,No,USA,86000.0,Arbitration
6,1974,LF,Bill Buckner,24,145,620,580,83,182,30,3,7,58,31,13,30,24,0.314,0.351,0.412,0.763,117,239,13,4,4,2,10,Left,No,USA,52000.0,Arbitration
7,1974,CF,Jim Wynn,32,150,656,535,104,145,17,4,32,108,18,15,108,104,0.271,0.387,0.497,0.884,151,266,7,0,2,11,4,Right,No,Panama,145000.0,Mid
8,1974,RF,Willie Crawford,27,139,540,468,73,138,23,4,11,61,7,8,64,88,0.295,0.376,0.432,0.808,130,202,9,0,3,5,9,Left,No,USA,122000.0,Mid
9,1974,UT,Joe Ferguson,27,111,430,349,54,88,14,1,16,57,2,2,75,73,0.252,0.38,0.436,0.815,132,152,11,0,1,5,10,Right,No,USA,128000.0,Mid
10,1974,LF,Tom Paciorek,27,85,189,175,23,42,8,6,1,24,1,3,10,32,0.24,0.282,0.371,0.653,85,65,3,1,1,2,1,Right,No,Cuba,42000.0,Arbitration
11,1974,OF,Von Joshua,26,81,134,124,11,29,5,1,1,16,3,2,7,17,0.234,0.276,0.315,0.591,68,39,3,1,0,2,5,Left,No,Venezuela,25000.0,Rookie
12,1974,2B,Lee Lacy,26,48,83,78,13,22,6,0,0,8,2,0,2,14,0.282,0.293,0.359,0.652,85,28,0,0,1,2,0,Right,No,USA,26000.0,Rookie
13,1974,IF,Rick Auerbach,24,45,82,73,12,25,0,0,1,4,4,2,8,9,0.342,0.407,0.384,0.791,127,28,4,0,1,0,0,Right,No,USA,23000.0,Rookie
14,1974,LF,Manny Mota,36,66,72,57,5,16,2,0,0,16,0,0,5,4,0.281,0.328,0.316,0.644,85,18,0,1,5,4,4,Right,No,Dominican Republic,27000.0,Rookie
15,1974,IF,Ken McMullen,32,44,63,60,5,15,1,0,3,12,0,0,2,12,0.25,0.274,0.417,0.691,95,25,1,0,1,0,0,Right,No,Puerto Rico,27000.0,Rookie
16,1974,UT,Gail Hopkins,31,15,21,18,1,4,0,0,0,0,0,0,3,1,0.222,0.333,0.222,0.556,61,4,0,0,0,0,2,Left,No,USA,25000.0,Rookie
17,1974,,Charlie Manuel,30,4,4,3,0,1,0,0,0,1,0,0,1,0,0.333,0.5,0.333,0.833,142,1,0,0,0,0,0,Left,No,Venezuela,22000.0,Rookie
18,1974,RF,John Hale,20,4,4,4,2,4,1,0,0,2,0,0,0,0,1.0,1.0,1.25,2.25,540,5,0,0,0,0,0,Left,No,USA,23000.0,Rookie
19,1974,SS,Iván de Jesús,21,3,3,3,1,1,0,0,0,0,0,0,0,2,0.333,0.333,0.333,0.667,91,1,0,0,0,0,0,Right,No,Cuba,26000.0,Rookie
20,1974,LF,Orlando Álvarez,22,2,1,1,0,0,0,0,0,0,0,0,0,0,0.0,0.0,0.0,0.0,-100,0,0,0,0,0,0,Right,No,Mexico,23000.0,Rookie
21,1974,C,Kevin Pasley,20,1,0,0,0,0,0,0,0,0,0,0,0,0,0.0,0.0,0.0,0.0,0,0,0,0,0,0,0,Right,No,USA,22000.0,Rookie
22,1974,UT,Jerry Royster,21,6,0,0,2,0,0,0,0,0,0,0,0,0,0.0,0.0,0.0,0.0,0,0,0,0,0,0,0,Right,No,USA,25000.0,Rookie
23,1974,P,Andy Messersmith,28,39,113,96,12,23,8,0,1,11,0,0,11,28,0.24,0.312,0.354,0.666,90,34,1,0,4,2,0,Right,No,USA,57000.0,Arbitration
24,1974,P,Don Sutton,29,40,111,98,7,18,2,0,0,7,0,0,3,22,0.184,0.216,0.204,0.42,20,20,3,1,9,0,0,Right,No,USA,400000.0,Star
25,1974,P,Doug Rau,25,36,78,64,3,9,0,0,0,4,0,0,6,22,0.141,0.214,0.141,0.355,3,9,0,0,8,0,0,Left,No,USA,22000.0,Rookie
26,1974,P,Tommy John,31,22,62,51,0,6,2,0,0,2,0,0,2,10,0.118,0.151,0.157,0.308,-12,8,1,0,9,0,0,Right,No,USA,25000.0,Rookie
27,1974,P,Mike Marshall,31,106,36,34,2,8,0,0,0,2,0,0,0,3,0.235,0.235,0.235,0.471,35,8,0,0,2,0,0,Right,No,USA,22000.0,Rookie
28,1974,P,Al Downing,33,21,34,29,3,5,0,0,0,2,0,0,1,11,0.172,0.194,0.172,0.366,5,5,1,0,3,1,0,Right,No,Puerto Rico,22000.0,Rookie
29,1974,P,Geoff Zahn,28,21,26,23,2,4,0,0,0,0,0,0,0,5,0.174,0.174,0.174,0.348,0,4,0,0,3,0,0,Left,No,USA,27000.0,Rookie
30,1974,P,Charlie Hough,26,49,16,12,0,0,0,0,0,0,0,0,1,2,0.0,0.077,0.0,0.077,-77,0,0,0,3,0,0,Right,No,USA,23000.0,Rookie
31,1974,P,Jim Brewer,36,24,2,2,0,0,0,0,0,0,0,0,0,1,0.0,0.0,0.0,0.0,-100,0,0,0,0,0,0,Left,No,USA,23000.0,Rookie
32,1974,P,Rick Rhoden,21,4,2,2,0,1,0,0,0,0,0,0,0,1,0.5,0.5,0.5,1.0,186,1,0,0,0,0,0,Right,No,South Korea,21000.0,Rookie
33,1974,P,Eddie Solomon,23,4,0,0,0,0,0,0,0,0,0,0,0,0,0.0,0.0,0.0,0.0,0,0,0,0,0,0,0,Right,No,Dominican Republic,26000.0,Rookie
34,1974,P,Rex Hudson,20,1,0,0,0,0,0,0,0,0,0,0,0,0,0.0,0.0,0.0,0.0,0,0,0,0,0,0,0,Right,Yes,USA,26000.0,Rookie
35,1974,P,Greg Shanahan,26,4,0,0,0,0,0,0,0,0,0,0,0,0,0.0,0.0,0.0,0.0,0,0,0,0,0,0,0,Right,No,USA,25000.0,Rookie
1,1973,C,Joe Ferguson,26,136,585,487,84,128,26,0,25,88,1,1,87,81,0.263,0.369,0.47,0.839,136,229,5,1,0,10,9,Right,No,USA,141000.0,Mid
2,1973,1B,Bill Buckner,23,140,606,575,68,158,20,0,8,46,12,2,17,34,0.275,0.297,0.351,0.648,83,202,15,3,6,5,5,Left,No,USA,32000.0,Arbitration
3,1973,2B,Davey Lopes,28,142,615,535,77,147,13,5,6,37,36,16,62,77,0.275,0.352,0.351,0.703,100,188,14,5,7,6,6,Right,No,USA,84000.0,Arbitration
4,1973,SS,Bill Russell,24,162,666,615,55,163,26,3,4,56,15,7,34,63,0.265,0.301,0.337,0.638,80,207,9,1,9,7,20,Right,No,USA,37000.0,Arbitration
5,1973,3B,Ron Cey,25,152,595,507,60,124,18,4,15,80,1,1,74,77,0.245,0.338,0.385,0.723,104,195,19,2,4,8,7,Right,No,USA,56000.0,Arbitration
6,1973,LF,Manny Mota,35,89,327,293,33,92,11,2,0,23,1,3,25,12,0.314,0.368,0.365,0.733,108,107,11,1,6,2,9,Right,No,Dominican Republic,70000.0,Arbitration
7,1973,CF,Willie Davis,33,152,641,599,82,171,29,9,16,77,17,5,29,62,0.285,0.32,0.444,0.764,114,266,7,5,1,7,12,Left,No,USA,100000.0,Mid
8,1973,RF,Willie Crawford,26,145,543,457,75,135,26,2,14,66,12,5,78,91,0.295,0.396,0.453,0.849,140,207,6,1,3,4,12,Left,No,USA,103000.0,Mid
9,1973,1B,Steve Garvey,24,114,366,349,37,106,17,3,8,50,0,2,11,42,0.304,0.328,0.438,0.766,115,153,8,3,0,3,4,Right,No,USA,57000.0,Arbitration
10,1973,OF,Tom Paciorek,26,96,210,195,26,51,8,0,5,18,3,3,11,35,0.262,0.304,0.379,0.684,92,74,8,1,3,0,2,Right,No,USA,40000.0,Arbitration
11,1973,LF,Von Joshua,25,75,171,159,19,40,4,1,2,17,7,2,8,29,0.252,0.288,0.327,0.615,74,52,2,1,1,2,2,Left,No,USA,38000.0,Arbitration
12,1973,C,Steve Yeager,24,54,154,134,18,34,5,0,2,10,1,0,15,33,0.254,0.34,0.336,0.676,92,45,4,3,1,1,1,Right,No,USA,46000.0,Arbitration
13,1973,2B,Lee Lacy,25,57,150,135,14,28,2,0,0,8,2,3,15,34,0.207,0.287,0.222,0.509,46,30,2,0,0,0,1,Right,No,USA,28000.0,Rookie
14,1973,3B,Ken McMullen,31,42,91,85,6,21,5,0,5,18,0,0,6,13,0.247,0.297,0.482,0.779,117,41,1,0,0,0,1,Right,No,USA,24000.0,Rookie
15,1973,C,Chris Cannizzaro,35,17,25,21,0,4,0,0,0,3,0,0,3,3,0.19,0.28,0.19,0.47,36,4,0,0,0,1,1,Right,No,USA,26000.0,Rookie
16,1973,3B,Jerry Royster,20,10,19,19,1,4,0,0,0,2,1,0,0,5,0.211,0.211,0.211,0.421,19,4,0,0,0,0,0,Right,No,USA,22000.0,Rookie
17,1973,,Jim Fairey,28,10,10,9,0,2,0,0,0,0,0,0,1,1,0.222,0.3,0.222,0.522,50,2,0,0,0,0,0,Left,No,USA,24000.0,Rookie
18,1973,,Orlando Álvarez,21,4,4,4,0,1,1,0,0,0,0,0,0,1,0.25,0.25,0.5,0.75,107,2,0,0,0,0,0,Right,No,USA,24000.0,Rookie
19,1973,LF,Paul Powell,25,2,1,1,0,0,0,0,0,0,0,0,0,1,0.0,0.0,0.0,0.0,-100,0,0,0,0,0,0,Right,No,USA,25000.0,Rookie
20,1973,P,Andy Messersmith,27,34,99,89,3,15,3,0,0,6,0,0,5,16,0.169,0.213,0.202,0.415,18,18,1,0,5,0,0,Right,No,USA,27000.0,Rookie
21,1973,P,Don Sutton,28,33,97,84,6,10,1,0,0,5,0,0,5,17,0.119,0.167,0.131,0.298,-15,11,3,0,7,1,0,Right,No,USA,400000.0,Star
22,1973,P,Claude Osteen,33,33,88,78,4,12,1,0,0,1,0,0,2,22,0.154,0.175,0.167,0.342,-3,13,3,0,8,0,0,Left,No,USA,24000.0,Rookie
23,1973,P,Tommy John,30,36,85,74,3,15,1,0,0,7,0,0,4,17,0.203,0.244,0.216,0.46,31,16,3,0,7,0,0,Right,No,Venezuela,26000.0,Rookie
24,1973,P,Al Downing,32,30,69,57,2,5,2,0,0,3,0,0,5,18,0.088,0.161,0.123,0.284,-19,7,1,0,7,0,0,Right,No,South Korea,22000.0,Rookie
25,1973,P,Charlie Hough,25,37,15,14,0,3,0,0,0,1,0,0,0,2,0.214,0.214,0.214,0.429,22,3,1,0,1,0,0,Right,No,USA,21000.0,Rookie
26,1973,P,Doug Rau,24,31,13,11,0,1,0,0,0,1,0,0,0,2,0.091,0.091,0.091,0.182,-48,1,0,0,2,0,0,Left,No,Venezuela,22000.0,Rookie
27,1973,P,Jim Brewer,35,56,7,5,0,2,0,0,0,0,0,0,0,2,0.4,0.4,0.4,0.8,127,2,0,0,2,0,0,Left,No,USA,23000.0,Rookie
28,1973,P,Pete Richert,33,39,6,5,1,1,0,0,0,0,0,0,0,2,0.2,0.2,0.2,0.4,13,1,0,0,1,0,0,Left,No,Venezuela,24000.0,Rookie
29,1973,P,George Culver,29,28,4,4,0,0,0,0,0,0,0,0,0,1,0.0,0.0,0.0,0.0,-100,0,0,0,0,0,0,Right,No,Cuba,25000.0,Rookie
30,1973,P,Geoff Zahn,27,6,2,2,0,0,0,0,0,0,0,0,0,1,0.0,0.0,0.0,0.0,-100,0,0,0,0,0,0,Left,No,USA,27000.0,Rookie
31,1973,P,Greg Shanahan,25,7,2,1,1,0,0,0,0,0,0,0,0,1,0.0,0.5,0.0,0.5,53,0,0,1,0,0,0,Right,No,USA,24000.0,Rookie
32,1973,P,Eddie Solomon,22,4,1,1,0,0,0,0,0,0,0,0,0,0,0.0,0.0,0.0,0.0,-100,0,0,0,0,0,0,Right,No,Dominican Republic,24000.0,Rookie
33,1973,P,Greg Heydeman,21,1,0,0,0,0,0,0,0,0,0,0,0,0,0.0,0.0,0.0,0.0,0,0,0,0,0,0,0,Right,No,Mexico,21000.0,Rookie
1,1972,C,Chris Cannizzaro,34,73,233,200,14,48,6,0,2,18,0,1,31,38,0.24,0.341,0.3,0.641,86,60,4,0,1,1,5,Right,No,USA,35000.0,Arbitration
2,1972,1B,Wes Parker,32,130,502,427,45,119,14,3,4,59,3,5,62,43,0.279,0.367,0.354,0.721,108,151,13,1,6,6,5,Right,Yes,USA,89000.0,Arbitration
3,1972,2B,Lee Lacy,24,60,266,243,34,63,7,3,0,12,5,3,19,37,0.259,0.312,0.313,0.625,80,76,4,0,3,1,0,Right,No,USA,39000.0,Arbitration
4,1972,SS,Bill Russell,23,129,477,434,47,118,19,5,4,34,14,7,34,64,0.272,0.326,0.366,0.693,99,159,4,2,5,2,9,Right,No,USA,41000.0,Arbitration
5,1972,3B,Steve Garvey,23,96,317,294,36,79,14,2,9,30,4,2,19,36,0.269,0.312,0.422,0.734,109,124,8,1,0,3,3,Right,No,USA,48000.0,Arbitration
6,1972,LF,Manny Mota,34,118,410,371,57,120,16,5,5,48,4,4,27,15,0.323,0.375,0.434,0.809,132,161,10,5,5,2,6,Right,No,Dominican Republic,98000.0,Arbitration
7,1972,CF,Willie Davis,32,149,654,615,81,178,22,7,19,79,20,3,27,61,0.289,0.317,0.441,0.758,116,271,9,1,4,7,4,Left,No,USA,83000.0,Arbitration
8,1972,RF,Frank Robinson,36,103,405,342,41,86,6,1,19,59,2,3,55,76,0.251,0.353,0.442,0.795,127,151,9,2,0,6,0,Right,No,USA,56000.0,Arbitration
9,1972,IF,Bobby Valentine,22,119,434,391,42,107,11,2,3,32,5,5,27,33,0.274,0.319,0.335,0.654,88,131,11,2,8,6,2,Right,No,Mexico,29000.0,Rookie
10,1972,UT,Bill Buckner,22,105,405,383,47,122,14,3,5,37,10,3,17,13,0.319,0.348,0.41,0.758,117,157,13,1,3,1,2,Left,No,Panama,55000.0,Arbitration
11,1972,OF,Willie Crawford,25,96,283,243,28,61,7,3,8,27,4,2,35,55,0.251,0.349,0.403,0.752,116,98,8,2,2,1,3,Left,No,USA,56000.0,Arbitration
12,1972,2B,Jim Lefebvre,30,70,188,169,11,34,8,0,5,24,0,0,17,30,0.201,0.271,0.337,0.609,74,57,3,0,0,2,6,Right,Yes,USA,52000.0,Arbitration
13,1972,C,Duke Sims,31,51,169,151,7,29,7,0,2,11,0,0,17,23,0.192,0.278,0.278,0.556,60,42,6,1,0,0,3,Left,No,Dominican Republic,27000.0,Rookie
14,1972,IF,Billy Grabarkewitz,26,53,166,144,17,24,4,0,4,16,3,0,18,53,0.167,0.265,0.278,0.543,56,40,2,2,0,2,1,Right,No,Puerto Rico,25000.0,Rookie
15,1972,SS,Maury Wills,39,71,152,132,16,17,3,1,0,4,1,1,10,18,0.129,0.19,0.167,0.357,3,22,3,0,10,0,0,Right,Yes,USA,24000.0,Rookie
16,1972,C,Steve Yeager,23,35,124,106,18,29,0,1,4,15,0,0,16,26,0.274,0.374,0.406,0.78,124,43,3,1,1,0,2,Right,No,USA,65000.0,Arbitration
17,1972,C,Dick Dietz,30,27,70,56,4,9,1,0,1,6,2,0,14,11,0.161,0.329,0.232,0.561,64,13,1,0,0,0,2,Right,No,USA,23000.0,Rookie
18,1972,2B,Davey Lopes,27,11,49,42,6,9,4,0,0,1,4,0,7,6,0.214,0.327,0.31,0.636,84,13,1,0,0,0,0,Right,No,Dominican Republic,26000.0,Rookie
19,1972,UT,Tom Paciorek,25,11,48,47,4,12,4,0,1,6,1,0,1,7,0.255,0.271,0.404,0.675,92,19,1,0,0,0,0,Right,No,Venezuela,22000.0,Rookie
20,1972,3B,Ron Cey,24,11,45,37,3,10,1,0,1,3,0,0,7,10,0.27,0.4,0.378,0.778,125,14,0,1,0,0,0,Right,No,USA,26000.0,Rookie
21,1972,UT,Joe Ferguson,25,8,27,24,2,7,3,0,1,5,0,0,2,4,0.292,0.346,0.542,0.888,152,13,2,0,1,0,0,Right,No,USA,22000.0,Rookie
22,1972,1B,Terry McDermott,21,9,26,23,2,3,0,0,0,0,0,0,2,8,0.13,0.2,0.13,0.33,-3,3,1,0,1,0,0,Right,No,Dominican Republic,25000.0,Rookie
23,1972,P,Don Sutton,27,33,105,91,4,13,0,0,0,1,0,0,2,24,0.143,0.17,0.143,0.313,-9,13,0,1,11,0,0,Right,No,USA,400000.0,Star
24,1972,P,Claude Osteen,32,36,100,88,9,24,5,1,1,11,0,0,5,19,0.273,0.319,0.386,0.706,102,34,2,1,6,0,0,Left,No,Dominican Republic,107000.0,Mid
25,1972,P,Al Downing,31,31,73,66,2,8,1,1,0,2,0,0,1,27,0.121,0.134,0.167,0.301,-14,11,0,0,6,0,0,Right,No,Mexico,23000.0,Rookie
26,1972,P,Tommy John,29,29,70,63,3,10,0,0,0,2,0,0,0,10,0.159,0.159,0.159,0.317,-8,10,3,0,7,0,0,Right,No,Panama,21000.0,Rookie
27,1972,P,Bill Singer,28,26,63,55,1,4,1,0,0,0,0,0,2,21,0.073,0.105,0.091,0.196,-43,5,0,0,6,0,0,Right,No,Dominican Republic,21000.0,Rookie
28,1972,P,Mike Strahler,25,19,14,11,2,2,0,0,0,0,0,0,3,6,0.182,0.357,0.182,0.539,59,2,0,0,0,0,0,Right,No,USA,26000.0,Rookie
29,1972,P,Doug Rau,23,7,9,7,0,1,0,1,0,1,0,0,1,2,0.143,0.25,0.429,0.679,92,3,0,0,1,0,0,Left,No,USA,24000.0,Rookie
30,1972,P,Pete Mikkelsen,32,33,8,7,0,0,0,0,0,0,0,0,1,6,0.0,0.125,0.0,0.125,-61,0,0,0,0,0,0,Right,No,Venezuela,26000.0,Rookie
31,1972,P,Pete Richert,32,37,7,6,0,3,0,0,0,0,0,0,0,3,0.5,0.5,0.5,1.0,188,3,0,0,1,0,0,Left,No,Cuba,22000.0,Rookie
32,1972,P,Jim Brewer,34,51,3,1,1,0,0,0,0,0,0,0,1,0,0.0,0.5,0.0,0.5,55,0,0,0,0,0,0,Left,No,USA,23000.0,Rookie
33,1972,P,Hoyt Wilhelm,49,16,2,1,0,0,0,0,0,0,0,0,0,1,0.0,0.0,0.0,0.0,-100,0,0,0,1,0,0,Right,No,USA,21000.0,Rookie
34,1972,P,Charlie Hough,24,2,0,0,0,0,0,0,0,0,0,0,0,0,0.0,0.0,0.0,0.0,0,0,0,0,0,0,0,Right,No,Cuba,27000.0,Rookie
35,1972,P,Jose Pena,29,5,0,0,0,0,0,0,0,0,0,0,0,0,0.0,0.0,0.0,0.0,0,0,0,0,0,0,0,Right,No,USA,25000.0,Rookie
36,1972,P,Ron Perranoski,36,9,0,0,0,0,0,0,0,0,0,0,0,0,0.0,0.0,0.0,0.0,0,0,0,0,0,0,0,Left,No,Dominican Republic,27000.0,Rookie
1,1971,C,Duke Sims,30,90,263,230,23,63,7,2,6,25,0,1,30,39,0.274,0.357,0.4,0.757,121,92,4,1,0,2,7,Left,No,USA,74000.0,Arbitration
2,1971,1B,Wes Parker,31,157,609,533,69,146,24,1,6,62,6,1,63,63,0.274,0.347,0.356,0.704,106,190,13,1,4,8,5,Right,Yes,Mexico,92000.0,Arbitration
3,1971,2B,Jim Lefebvre,29,119,437,388,40,95,14,2,12,68,0,2,39,55,0.245,0.314,0.384,0.698,103,149,15,2,4,4,6,Right,Yes,South Korea,53000.0,Arbitration
4,1971,SS,Maury Wills,38,149,654,601,73,169,14,3,3,44,15,8,40,44,0.281,0.323,0.329,0.652,91,198,8,0,7,6,2,Right,Yes,USA,33000.0,Arbitration
5,1971,3B,Dick Allen,29,155,649,549,82,162,24,1,23,90,8,1,93,113,0.295,0.395,0.468,0.863,151,257,23,1,1,5,13,Right,No,Dominican Republic,162000.0,Mid
6,1971,LF,Willie Crawford,24,114,376,342,64,96,16,6,9,40,5,2,28,49,0.281,0.334,0.442,0.776,124,151,6,1,1,3,2,Left,No,USA,79000.0,Arbitration
7,1971,CF,Willie Davis,31,158,672,641,84,198,33,10,10,74,20,8,23,47,0.309,0.33,0.438,0.769,122,281,17,0,3,5,3,Left,No,USA,105000.0,Mid
8,1971,RF,Bill Buckner,21,108,383,358,37,99,15,1,5,41,4,1,11,18,0.277,0.306,0.366,0.672,95,131,6,5,7,2,4,Left,No,Cuba,32000.0,Arbitration
9,1971,IF,Bobby Valentine,21,101,307,281,32,70,10,2,1,25,5,3,15,20,0.249,0.287,0.31,0.597,74,87,9,2,4,5,0,Right,No,Dominican Republic,23000.0,Rookie
10,1971,OF,Manny Mota,33,91,300,269,24,84,13,5,0,34,4,3,20,20,0.312,0.361,0.398,0.759,121,107,9,1,9,1,5,Right,No,Dominican Republic,71000.0,Arbitration
11,1971,3B,Steve Garvey,22,81,249,225,27,51,12,1,7,26,1,2,21,33,0.227,0.29,0.382,0.673,95,86,6,0,1,2,2,Right,No,USA,38000.0,Arbitration
12,1971,C,Tom Haller,34,84,234,202,23,54,5,0,5,32,0,2,25,30,0.267,0.346,0.366,0.712,108,74,5,2,0,5,8,Left,No,USA,55000.0,Arbitration
13,1971,UT,Bill Russell,22,91,223,211,29,48,7,4,2,15,6,3,11,39,0.227,0.265,0.327,0.592,72,69,2,0,0,1,2,Right,Yes,USA,26000.0,Rookie
14,1971,C,Joe Ferguson,24,36,115,102,13,22,3,0,2,7,1,0,12,15,0.216,0.304,0.304,0.608,78,31,3,1,0,0,1,Right,No,USA,43000.0,Arbitration
15,1971,C,Bill Sudakis,25,41,96,83,10,16,3,0,3,7,0,1,12,22,0.193,0.302,0.337,0.639,86,28,4,1,0,0,2,Right,Yes,USA,25000.0,Rookie
16,1971,IF,Billy Grabarkewitz,25,44,90,71,9,16,5,0,0,6,1,2,19,16,0.225,0.389,0.296,0.685,102,21,2,0,0,0,0,Right,No,USA,27000.0,Rookie
17,1971,RF,Bobby Darwin,28,11,22,20,2,5,1,0,1,4,0,0,2,9,0.25,0.318,0.45,0.768,122,9,0,0,0,0,0,Right,No,USA,23000.0,Rookie
18,1971,OF,Von Joshua,23,11,7,7,2,0,0,0,0,0,0,0,0,1,0.0,0.0,0.0,0.0,-100,0,0,0,0,0,0,Left,No,Dominican Republic,23000.0,Rookie
19,1971,,Ron Cey,23,2,2,2,0,0,0,0,0,0,0,0,0,2,0.0,0.0,0.0,0.0,-100,0,0,0,0,0,0,Right,No,USA,21000.0,Rookie
20,1971,LF,Tom Paciorek,24,2,2,2,0,1,0,0,0,1,0,0,0,0,0.5,0.5,0.5,1.0,192,1,0,0,0,0,0,Right,No,USA,24000.0,Rookie
21,1971,P,Al Downing,30,37,106,92,4,16,2,0,0,10,0,0,6,28,0.174,0.224,0.196,0.42,24,18,5,0,8,0,0,Right,No,Puerto Rico,27000.0,Rookie
22,1971,P,Claude Osteen,31,39,99,86,7,16,3,0,0,7,0,0,4,21,0.186,0.22,0.221,0.441,29,19,0,0,8,1,0,Left,No,Venezuela,23000.0,Rookie
23,1971,P,Don Sutton,26,39,95,88,4,19,2,0,0,7,0,0,3,18,0.216,0.242,0.239,0.48,41,21,0,0,4,0,0,Right,No,USA,400000.0,Star
24,1971,P,Bill Singer,27,31,74,58,1,6,0,0,0,2,0,0,5,24,0.103,0.212,0.103,0.316,-5,6,2,3,8,0,0,Right,No,USA,27000.0,Rookie
25,1971,P,Doyle Alexander,20,17,37,33,3,9,0,0,0,2,0,0,3,13,0.273,0.333,0.273,0.606,79,9,1,0,1,0,0,Right,No,USA,22000.0,Rookie
26,1971,P,Bob O'Brien,22,14,11,9,0,1,0,0,0,0,0,0,0,0,0.111,0.111,0.111,0.222,-35,1,0,0,2,0,0,Left,No,Dominican Republic,23000.0,Rookie
27,1971,P,Joe Moeller,28,28,11,9,0,0,0,0,0,0,0,0,2,6,0.0,0.182,0.0,0.182,-43,0,0,0,0,0,0,Right,No,USA,27000.0,Rookie
28,1971,P,Pete Mikkelsen,31,41,11,10,0,2,0,0,0,1,0,0,1,4,0.2,0.273,0.2,0.473,40,2,0,0,0,0,0,Right,No,USA,21000.0,Rookie
29,1971,P,Jim Brewer,33,55,9,9,0,3,0,0,0,1,0,0,0,2,0.333,0.333,0.333,0.667,95,3,0,0,0,0,0,Left,No,USA,22000.0,Rookie
30,1971,P,Sandy Vance,24,10,6,5,0,0,0,0,0,0,0,0,1,1,0.0,0.167,0.0,0.167,-48,0,0,0,0,0,0,Right,No,Venezuela,22000.0,Rookie
31,1971,P,Jose Pena,28,21,3,3,1,2,0,0,0,0,0,0,0,1,0.667,0.667,0.667,1.333,290,2,0,0,0,0,0,Right,No,USA,25000.0,Rookie
32,1971,P,Hoyt Wilhelm,48,9,3,3,0,0,0,0,0,0,0,0,0,2,0.0,0.0,0.0,0.0,-100,0,0,0,0,0,0,Right,No,Japan,22000.0,Rookie
33,1971,P,Mike Strahler,24,6,1,1,0,0,0,0,0,0,0,0,0,0,0.0,0.0,0.0,0.0,-100,0,0,0,0,0,0,Right,No,USA,27000.0,Rookie
34,1971,P,Charlie Hough,23,4,0,0,0,0,0,0,0,0,0,0,0,0,0.0,0.0,0.0,0.0,0,0,0,0,0,0,0,Right,No,Venezuela,24000.0,Rookie
1,1970,C,Tom Haller,33,112,365,325,47,93,16,6,10,47,3,0,32,35,0.286,0.351,0.465,0.815,122,151,6,2,3,3,7,Left,No,USA,131000.0,Mid
2,1970,1B,Wes Parker,30,161,705,614,84,196,47,4,10,111,8,2,79,70,0.319,0.392,0.458,0.85,133,281,14,0,4,8,18,Right,Yes,USA,126000.0,Mid
3,1970,2B,Ted Sizemore,25,96,376,340,40,104,10,1,1,34,5,1,34,19,0.306,0.367,0.35,0.717,98,119,15,0,0,2,6,Right,No,USA,70000.0,Arbitration
4,1970,SS,Maury Wills,37,132,578,522,77,141,19,3,0,34,28,13,50,34,0.27,0.333,0.318,0.651,80,166,10,0,5,1,2,Right,Yes,USA,40000.0,Arbitration
5,1970,3B,Billy Grabarkewitz,24,156,640,529,92,153,20,8,17,84,19,9,95,149,0.289,0.399,0.454,0.852,134,240,8,6,3,7,8,Right,No,USA,111000.0,Mid
6,1970,LF,Manny Mota,32,124,481,417,63,127,12,6,3,37,11,6,47,37,0.305,0.377,0.384,0.761,110,160,13,3,12,2,4,Right,No,Dominican Republic,99000.0,Arbitration
7,1970,CF,Willie Davis,30,146,637,593,92,181,23,16,8,93,38,14,29,54,0.305,0.335,0.438,0.774,111,260,6,1,8,6,2,Left,No,USA,90000.0,Arbitration
8,1970,RF,Willie Crawford,23,109,336,299,48,70,8,6,8,40,4,4,33,88,0.234,0.313,0.381,0.694,90,114,5,2,0,2,4,Left,No,USA,42000.0,Arbitration
9,1970,IF,Jim Lefebvre,28,109,351,314,33,79,15,1,4,44,1,1,29,42,0.252,0.314,0.344,0.658,81,108,7,1,4,3,2,Right,Yes,USA,57000.0,Arbitration
10,1970,UT,Bill Sudakis,24,94,311,269,37,71,11,0,14,44,4,0,35,46,0.264,0.352,0.461,0.813,121,124,7,3,1,3,4,Right,Yes,Venezuela,111000.0,Mid
11,1970,OF,Bill Russell,21,81,304,278,30,72,11,9,0,28,9,1,16,28,0.259,0.303,0.363,0.667,82,101,5,3,4,3,1,Right,No,USA,27000.0,Rookie
12,1970,RF,Andy Kosco,28,74,228,224,21,51,12,0,8,27,1,1,1,40,0.228,0.23,0.388,0.618,67,87,7,0,2,1,0,Right,No,USA,37000.0,Arbitration
13,1970,C,Jeff Torborg,28,64,150,134,11,31,8,0,1,17,1,1,14,15,0.231,0.3,0.313,0.613,69,42,2,0,0,2,6,Right,No,USA,42000.0,Arbitration
14,1970,OF,Von Joshua,22,72,116,109,23,29,1,3,1,8,2,2,6,24,0.266,0.302,0.358,0.66,80,39,0,0,0,1,2,Left,No,Dominican Republic,35000.0,Arbitration
15,1970,3B,Steve Garvey,21,34,100,93,8,25,5,0,1,6,1,1,6,17,0.269,0.31,0.355,0.665,82,33,3,0,0,1,0,Right,No,USA,30000.0,Arbitration
16,1970,LF,Bill Buckner,20,28,71,68,6,13,3,1,0,4,0,1,3,7,0.191,0.225,0.265,0.49,34,18,0,0,0,0,1,Left,No,USA,24000.0,Rookie
17,1970,UT,Len Gabrielson,30,43,44,42,1,8,2,0,0,6,0,0,1,15,0.19,0.205,0.238,0.443,21,10,0,0,0,1,0,Left,No,Puerto Rico,27000.0,Rookie
18,1970,UT,Gary Moore,25,7,16,16,2,3,0,2,0,0,1,0,0,1,0.188,0.188,0.438,0.625,66,7,2,0,0,0,0,Right,No,USA,27000.0,Rookie
19,1970,OF,Tom Paciorek,23,8,10,9,2,2,1,0,0,0,0,0,0,3,0.222,0.3,0.333,0.633,74,3,0,1,0,0,0,Right,No,Panama,27000.0,Rookie
20,1970,C,Joe Ferguson,23,5,7,4,0,1,0,0,0,1,0,0,2,2,0.25,0.429,0.25,0.679,91,1,0,0,0,1,0,Right,No,USA,23000.0,Rookie
21,1970,C,Bob Stinson,24,4,3,3,1,0,0,0,0,0,0,0,0,1,0.0,0.0,0.0,0.0,-100,0,0,0,0,0,0,Right,Yes,Panama,25000.0,Rookie
22,1970,P,Don Sutton,25,40,100,84,6,13,2,1,0,6,1,0,10,22,0.155,0.253,0.202,0.455,27,17,1,1,5,0,0,Right,No,USA,400000.0,Star
23,1970,P,Claude Osteen,30,39,100,93,10,19,5,0,1,9,0,0,3,20,0.204,0.232,0.29,0.523,43,27,0,1,1,2,0,Left,No,USA,26000.0,Rookie
24,1970,P,Alan Foster,23,33,78,64,4,7,0,0,0,6,0,0,5,13,0.109,0.171,0.109,0.281,-21,7,1,0,8,1,0,Right,No,USA,22000.0,Rookie
25,1970,P,Joe Moeller,27,31,45,39,2,6,0,0,0,2,0,0,3,21,0.154,0.214,0.154,0.368,3,6,1,0,3,0,0,Right,No,Venezuela,23000.0,Rookie
26,1970,P,Sandy Vance,23,20,42,37,2,7,1,0,0,2,0,0,1,9,0.189,0.211,0.216,0.427,17,8,0,0,4,0,0,Right,No,Japan,24000.0,Rookie
27,1970,P,Bill Singer,26,16,41,38,4,5,1,0,0,1,0,0,2,10,0.132,0.175,0.158,0.333,-8,6,0,0,1,0,0,Right,No,USA,26000.0,Rookie
28,1970,P,Jim Brewer,32,58,14,12,0,1,0,0,0,1,1,0,1,6,0.083,0.154,0.083,0.237,-33,1,0,0,1,0,0,Left,No,USA,22000.0,Rookie
29,1970,P,Fred Norman,27,30,11,7,1,1,0,0,0,0,0,0,2,4,0.143,0.333,0.143,0.476,36,1,0,0,2,0,0,Right,Yes,USA,26000.0,Rookie
30,1970,P,Jose Pena,27,29,10,8,1,1,0,0,0,0,0,0,2,1,0.125,0.3,0.125,0.425,21,1,0,0,0,0,0,Right,No,USA,24000.0,Rookie
31,1970,P,Mike Strahler,23,6,8,8,1,2,0,0,0,2,0,0,0,3,0.25,0.25,0.25,0.5,38,2,0,0,0,0,0,Right,No,USA,23000.0,Rookie
32,1970,P,Pete Mikkelsen,30,33,7,6,0,2,0,0,0,1,0,0,0,3,0.333,0.333,0.333,0.667,84,2,0,0,1,0,0,Right,No,USA,24000.0,Rookie
33,1970,P,Ray Lamb,25,35,4,4,0,0,0,0,0,0,0,0,0,2,0.0,0.0,0.0,0.0,-100,0,0,0,0,0,0,Right,No,Dominican Republic,23000.0,Rookie
34,1970,P,Charlie Hough,22,8,3,3,0,1,0,0,0,0,0,0,0,0,0.333,0.333,0.333,0.667,84,1,0,0,0,0,0,Right,No,USA,25000.0,Rookie
35,1970,P,Jerry Stephenson,26,3,1,1,0,0,0,0,0,0,0,0,0,0,0.0,0.0,0.0,0.0,-100,0,0,0,0,0,0,Left,No,USA,24000.0,Rookie
36,1970,P,Camilo Pascual,36,10,0,0,0,0,0,0,0,0,0,0,0,0,0.0,0.0,0.0,0.0,0,0,0,0,0,0,0,Right,No,USA,22000.0,Rookie
37,1970,P,Al McBean,32,1,0,0,0,0,0,0,0,0,0,0,0,0,0.0,0.0,0.0,0.0,0,0,0,0,0,0,0,Right,No,Venezuela,22000.0,Rookie
1,1969,C,Tom Haller,32,134,504,445,46,117,18,3,6,39,0,3,48,58,0.263,0.337,0.357,0.694,101,159,4,2,8,1,13,Left,No,Venezuela,14000.0,Rookie
2,1969,1B,Wes Parker,29,132,541,471,76,131,23,4,13,68,4,1,56,46,0.278,0.353,0.427,0.78,125,201,10,2,6,6,6,Right,Yes,USA,28000.0,Rookie
3,1969,2B,Ted Sizemore,24,159,650,590,69,160,20,5,4,46,5,5,45,40,0.271,0.328,0.342,0.67,94,202,11,5,9,1,7,Right,No,Dominican Republic,11000.0,Rookie
4,1969,SS,Maury Wills,36,104,479,434,57,129,7,8,4,39,25,15,39,40,0.297,0.356,0.378,0.734,113,164,4,1,4,1,2,Right,Yes,USA,20000.0,Rookie
5,1969,3B,Bill Sudakis,23,132,507,462,50,108,17,5,14,53,3,2,40,94,0.234,0.294,0.383,0.678,95,177,9,1,1,3,5,Right,Yes,USA,11000.0,Rookie
6,1969,LF,Manny Mota,31,85,336,294,35,95,6,4,3,30,5,4,26,25,0.323,0.377,0.401,0.778,125,118,6,1,12,3,1,Right,No,Dominican Republic,29000.0,Rookie
7,1969,CF,Willie Davis,29,129,540,498,66,155,23,8,11,59,24,10,33,39,0.311,0.356,0.456,0.811,134,227,11,4,0,5,5,Left,No,USA,42000.0,Arbitration
8,1969,RF,Andy Kosco,27,120,453,424,51,105,13,2,19,74,0,1,21,66,0.248,0.282,0.422,0.704,102,179,15,1,3,4,2,Right,No,Dominican Republic,24000.0,Rookie
9,1969,OF,Willie Crawford,22,129,440,389,64,96,17,5,11,41,4,5,49,85,0.247,0.331,0.401,0.732,111,156,5,0,2,0,3,Left,No,USA,15000.0,Rookie
10,1969,IF,Jim Lefebvre,27,95,330,275,29,65,15,2,4,44,2,1,48,37,0.236,0.349,0.349,0.698,103,96,8,1,3,3,10,Right,Yes,Venezuela,16000.0,Rookie
11,1969,OF,Bill Russell,20,98,238,212,35,48,6,2,5,15,4,1,22,45,0.226,0.301,0.344,0.645,86,73,3,1,2,1,1,Right,No,USA,9000.0,Rookie
12,1969,RF,Len Gabrielson,29,83,194,178,13,48,5,1,1,18,1,2,12,25,0.27,0.313,0.326,0.638,85,58,4,0,2,2,1,Left,No,USA,13000.0,Rookie
13,1969,C,Jeff Torborg,27,51,136,124,7,23,4,0,0,7,1,0,9,17,0.185,0.241,0.218,0.458,34,27,0,0,3,0,5,Right,No,Cuba,8000.0,Rookie
14,1969,UT,Ron Fairly,30,30,74,64,3,14,3,2,0,8,0,0,9,6,0.219,0.315,0.328,0.643,87,21,1,0,1,0,1,Left,No,USA,9000.0,Rookie
15,1969,SS,Billy Grabarkewitz,23,34,70,65,4,6,1,1,0,5,1,0,4,19,0.092,0.145,0.138,0.283,-18,9,3,0,1,0,1,Right,No,Cuba,9000.0,Rookie
16,1969,1B,Tom Hutton,23,16,56,48,2,13,0,0,0,4,0,0,5,7,0.271,0.34,0.271,0.61,79,13,1,0,3,0,0,Left,No,USA,7000.0,Rookie
17,1969,2B,Paul Popovich,28,28,54,50,5,10,0,0,0,4,0,0,1,4,0.2,0.212,0.2,0.412,20,10,1,0,2,1,0,Right,Yes,USA,8000.0,Rookie
18,1969,UT,John Miller,25,26,40,38,3,8,1,0,1,1,0,0,2,9,0.211,0.25,0.316,0.566,63,12,0,0,0,0,0,Right,No,Venezuela,8000.0,Rookie
19,1969,1B,Ken Boyer,38,25,36,34,0,7,2,0,0,4,0,0,2,7,0.206,0.25,0.265,0.515,49,9,2,0,0,0,0,Right,No,USA,7000.0,Rookie
20,1969,C,Bob Stinson,23,4,10,8,1,3,0,0,0,2,0,1,0,2,0.375,0.375,0.375,0.75,118,3,1,0,1,0,0,Right,Yes,Venezuela,9000.0,Rookie
21,1969,OF,Von Joshua,21,14,8,8,2,2,0,0,0,0,1,0,0,2,0.25,0.25,0.25,0.5,45,2,0,0,0,0,0,Left,No,USA,7000.0,Rookie
22,1969,,Steve Garvey,20,3,3,3,0,1,0,0,0,0,0,0,0,1,0.333,0.333,0.333,0.667,94,1,0,0,0,0,0,Right,No,USA,7000.0,Rookie
23,1969,,Bill Buckner,19,1,1,1,0,0,0,0,0,0,0,0,0,0,0.0,0.0,0.0,0.0,-100,0,0,0,0,0,0,Left,No,USA,8000.0,Rookie
24,1969,,Bobby Valentine,19,5,0,0,3,0,0,0,0,0,0,0,0,0,0.0,0.0,0.0,0.0,0,0,0,0,0,0,0,Right,No,USA,9000.0,Rookie
25,1969,P,Claude Osteen,29,44,126,111,7,24,1,0,1,12,0,0,5,25,0.216,0.246,0.252,0.498,45,28,3,0,8,2,0,Left,No,Dominican Republic,8000.0,Rookie
26,1969,P,Bill Singer,25,41,118,108,7,11,1,0,0,2,0,0,1,47,0.102,0.118,0.111,0.229,-33,12,1,1,8,0,0,Right,No,USA,9000.0,Rookie
27,1969,P,Don Sutton,24,41,108,98,6,15,0,0,0,3,0,0,0,28,0.153,0.162,0.153,0.315,-8,15,5,1,9,0,0,Right,No,USA,400000.0,Star
28,1969,P,Alan Foster,22,24,33,27,1,2,0,0,0,1,0,0,3,16,0.074,0.167,0.074,0.241,-28,2,0,0,3,0,0,Right,No,USA,7000.0,Rookie
29,1969,P,Don Drysdale,32,12,25,22,1,3,1,0,0,3,0,0,2,11,0.136,0.208,0.182,0.39,14,4,1,0,1,0,0,Right,No,USA,125000.0,Star
30,1969,P,Jim Bunning,37,9,21,18,0,2,0,0,0,1,0,0,0,6,0.111,0.111,0.111,0.222,-35,2,1,0,3,0,0,Right,No,USA,8000.0,Rookie
31,1969,P,Jim Brewer,31,59,12,11,0,1,1,0,0,0,0,0,1,4,0.091,0.167,0.182,0.348,1,2,0,0,0,0,0,Left,No,USA,8000.0,Rookie
32,1969,P,Joe Moeller,26,23,10,10,1,2,0,0,0,1,0,0,0,5,0.2,0.2,0.2,0.4,16,2,0,0,0,0,0,Right,No,USA,9000.0,Rookie
33,1969,P,Pete Mikkelsen,29,48,7,6,0,1,0,0,0,0,0,0,0,4,0.167,0.167,0.167,0.333,-3,1,0,0,1,0,0,Right,No,USA,9000.0,Rookie
34,1969,P,Al McBean,31,31,4,3,0,0,0,0,0,0,0,0,1,2,0.0,0.25,0.0,0.25,-22,0,0,0,0,0,0,Right,No,USA,9000.0,Rookie
35,1969,P,John Purdin,26,9,2,2,0,0,0,0,0,0,0,0,0,1,0.0,0.0,0.0,0.0,-100,0,0,0,0,0,0,Right,No,Dominican Republic,8000.0,Rookie
36,1969,P,Ray Lamb,24,10,1,1,0,0,0,0,0,0,0,0,0,0,0.0,0.0,0.0,0.0,-100,0,0,0,0,0,0,Right,No,USA,9000.0,Rookie
37,1969,P,Bobby Darwin,26,6,0,0,1,0,0,0,0,0,0,0,0,0,0.0,0.0,0.0,0.0,0,0,0,0,0,0,0,Right,No,Dominican Republic,8000.0,Rookie
38,1969,P,Jack Jenkins,26,1,0,0,0,0,0,0,0,0,0,0,0,0,0.0,0.0,0.0,0.0,0,0,0,0,0,0,0,Right,No,USA,8000.0,Rookie
1,1968,C,Tom Haller,31,144,534,474,37,135,27,5,4,53,1,4,46,76,0.285,0.345,0.388,0.733,128,184,3,2,3,9,13,Left,No,USA,18000.0,Rookie
2,1968,1B,Wes Parker,28,135,534,468,42,112,22,2,3,27,4,6,49,87,0.239,0.312,0.314,0.626,96,147,3,2,12,3,6,Right,Yes,USA,11000.0,Rookie
3,1968,2B,Paul Popovich,27,134,462,418,35,97,8,1,2,25,1,3,29,37,0.232,0.28,0.27,0.551,72,113,7,1,9,5,2,Right,Yes,USA,10000.0,Rookie
4,1968,SS,Zoilo Versalles,28,122,436,403,29,79,16,3,2,24,6,4,26,84,0.196,0.244,0.266,0.51,59,107,7,0,6,1,4,Right,No,USA,9000.0,Rookie
5,1968,3B,Bob Bailey,25,105,365,322,24,73,9,3,8,39,1,2,38,69,0.227,0.308,0.348,0.656,104,112,8,1,1,3,4,Right,No,Venezuela,11000.0,Rookie
6,1968,LF,Len Gabrielson,28,108,343,304,38,82,16,1,10,35,1,1,32,47,0.27,0.337,0.428,0.765,137,130,7,0,5,2,4,Left,No,USA,25000.0,Rookie
7,1968,CF,Willie Davis,28,160,686,643,86,161,24,10,7,31,36,10,31,88,0.25,0.284,0.351,0.636,97,226,3,1,7,4,4,Left,No,USA,13000.0,Rookie
8,1968,RF,Ron Fairly,29,141,494,441,32,103,15,1,4,43,0,2,41,61,0.234,0.301,0.299,0.6,88,132,11,4,2,6,10,Left,No,USA,14000.0,Rookie
9,1968,2B,Jim Lefebvre,26,84,317,286,23,69,12,1,5,31,0,0,26,55,0.241,0.304,0.343,0.646,101,98,3,1,1,3,4,Right,Yes,Dominican Republic,12000.0,Rookie
10,1968,CI,Ken Boyer,37,83,243,221,20,60,7,2,6,41,2,2,16,34,0.271,0.317,0.403,0.72,123,89,2,1,0,5,3,Right,No,USA,19000.0,Rookie
11,1968,LF,Willie Crawford,21,61,198,175,25,44,12,1,4,14,1,3,20,64,0.251,0.335,0.4,0.735,129,70,0,2,1,0,0,Left,No,USA,14000.0,Rookie
12,1968,OF,Jim Fairey,23,99,166,156,17,31,3,3,1,10,1,1,9,32,0.199,0.241,0.276,0.517,61,43,2,0,0,1,0,Left,No,USA,8000.0,Rookie
13,1968,OF,Ted Savage,32,61,137,126,7,26,6,1,2,7,1,2,10,20,0.206,0.27,0.317,0.588,83,40,7,1,0,0,0,Right,No,Puerto Rico,9000.0,Rookie
14,1968,OF,Rocky Colavito,34,40,129,113,8,23,3,0,3,11,0,1,15,18,0.204,0.295,0.31,0.604,89,35,6,0,0,1,1,Right,No,USA,12000.0,Rookie
15,1968,IF,Luis Alcaraz,27,41,115,106,4,16,1,0,2,5,1,1,9,23,0.151,0.217,0.217,0.434,36,23,2,0,0,0,2,Right,No,Cuba,10000.0,Rookie
16,1968,3B,Bill Sudakis,22,24,102,87,11,24,4,2,3,12,1,0,15,14,0.276,0.382,0.471,0.854,165,41,4,0,0,0,1,Right,Yes,USA,19000.0,Rookie
17,1968,C,Jeff Torborg,26,37,100,93,2,15,2,0,0,4,0,0,6,10,0.161,0.212,0.183,0.395,24,17,2,0,1,0,2,Right,No,USA,8000.0,Rookie
18,1968,MI,Bart Shirley,28,39,96,83,6,15,3,0,0,4,0,1,10,13,0.181,0.269,0.217,0.486,53,18,5,0,3,0,1,Right,No,Venezuela,7000.0,Rookie
19,1968,C,Jim Campanis,24,4,12,11,0,1,0,0,0,0,0,0,1,2,0.091,0.167,0.091,0.258,-18,1,1,0,0,0,0,Right,No,USA,8000.0,Rookie
20,1968,LF,Cleo James,27,10,10,10,2,2,1,0,0,0,0,0,0,6,0.2,0.2,0.3,0.5,54,3,0,0,0,0,0,Right,No,USA,8000.0,Rookie
21,1968,LF,Al Ferrara,28,2,7,7,0,1,0,0,0,0,0,0,0,2,0.143,0.143,0.143,0.286,-11,1,0,0,0,0,0,Right,No,USA,9000.0,Rookie
22,1968,P,Claude Osteen,28,40,95,84,4,15,3,0,0,2,0,0,2,26,0.179,0.198,0.214,0.412,29,18,3,0,9,0,0,Left,No,Dominican Republic,7000.0,Rookie
23,1968,P,Bill Singer,24,37,89,81,6,12,7,0,0,4,0,0,4,30,0.148,0.198,0.235,0.432,34,19,0,1,3,0,0,Right,No,USA,8000.0,Rookie
24,1968,P,Don Drysdale,31,31,84,79,4,14,1,0,0,3,0,0,0,29,0.177,0.188,0.19,0.377,18,15,1,1,4,0,0,Right,No,USA,125000.0,Star
25,1968,P,Don Sutton,23,36,72,62,3,11,0,0,0,3,0,0,2,22,0.177,0.197,0.177,0.374,18,11,1,0,6,2,0,Right,No,USA,400000.0,Star
26,1968,P,Mike Kekich,23,25,40,37,3,3,0,0,0,1,0,0,1,9,0.081,0.105,0.081,0.186,-41,3,0,0,2,0,0,Right,No,Cuba,8000.0,Rookie
27,1968,P,Mudcat Grant,32,43,31,31,1,4,0,0,1,2,0,0,0,9,0.129,0.129,0.226,0.355,9,7,0,0,0,0,0,Right,No,Dominican Republic,8000.0,Rookie
28,1968,P,Jim Brewer,30,54,10,9,0,2,0,0,0,2,0,0,0,1,0.222,0.222,0.222,0.444,39,2,0,0,1,0,0,Left,No,USA,8000.0,Rookie
29,1968,P,Joe Moeller,25,3,7,7,0,0,0,0,0,0,0,0,0,5,0.0,0.0,0.0,0.0,-100,0,0,0,0,0,0,Right,No,USA,9000.0,Rookie
30,1968,P,John Purdin,25,36,6,6,1,3,0,0,0,0,0,0,0,2,0.5,0.5,0.5,1.0,213,3,0,0,0,0,0,Right,No,USA,7000.0,Rookie
31,1968,P,Jack Billingham,25,50,6,3,0,0,0,0,0,0,0,0,1,1,0.0,0.25,0.0,0.25,-17,0,1,0,2,0,0,Right,No,USA,9000.0,Rookie
32,1968,P,Alan Foster,21,3,5,4,0,1,0,0,0,1,0,0,0,2,0.25,0.25,0.25,0.5,56,1,0,0,1,0,0,Right,No,USA,8000.0,Rookie
33,1968,P,Hank Aguirre,37,25,3,3,0,0,0,0,0,0,0,0,0,2,0.0,0.0,0.0,0.0,-100,0,0,0,0,0,0,Right,No,USA,8000.0,Rookie
34,1968,P,Phil Regan,31,5,1,1,0,0,0,0,0,0,0,0,0,0,0.0,0.0,0.0,0.0,-100,0,0,0,0,0,0,Right,No,USA,7000.0,Rookie
35,1968,P,Vicente Romo,25,1,0,0,0,0,0,0,0,0,0,0,0,0,0.0,0.0,0.0,0.0,0,0,0,0,0,0,0,Right,No,USA,8000.0,Rookie
1,1967,C,John Roseboro,34,116,380,334,37,91,18,2,4,24,2,4,38,33,0.272,0.348,0.374,0.723,116,125,8,2,4,2,12,Left,No,USA,20000.0,Rookie
2,1967,1B,Wes Parker,27,139,496,413,56,102,16,5,5,31,10,5,65,83,0.247,0.358,0.346,0.704,111,143,10,7,10,1,10,Right,Yes,USA,19000.0,Rookie
3,1967,2B,Ron Hunt,26,110,442,388,44,102,17,3,3,33,2,1,39,24,0.263,0.344,0.345,0.689,107,134,9,10,3,2,3,Right,No,Cuba,14000.0,Rookie
4,1967,SS,Gene Michael,29,98,245,223,20,45,3,1,0,7,1,3,11,30,0.202,0.246,0.224,0.47,41,50,4,2,9,0,0,Right,Yes,Venezuela,11000.0,Rookie
5,1967,3B,Jim Lefebvre,25,136,553,494,51,129,18,5,8,50,1,5,44,64,0.261,0.322,0.366,0.689,105,181,10,3,7,5,11,Right,Yes,Dominican Republic,13000.0,Rookie
6,1967,LF,Lou Johnson,32,104,371,330,39,89,14,1,11,41,4,3,24,52,0.27,0.33,0.418,0.748,122,138,9,7,7,3,5,Right,No,USA,26000.0,Rookie
7,1967,CF,Willie Davis,27,143,610,569,65,146,27,9,6,41,20,6,29,65,0.257,0.295,0.367,0.662,97,209,8,3,6,3,5,Left,No,USA,11000.0,Rookie
8,1967,RF,Ron Fairly,28,153,554,486,45,107,19,0,10,55,1,4,54,51,0.22,0.295,0.321,0.616,84,156,13,1,5,8,9,Left,No,USA,14000.0,Rookie
9,1967,OF,Al Ferrara,27,122,384,347,41,96,16,1,16,50,0,1,33,73,0.277,0.345,0.467,0.812,140,162,5,3,1,0,4,Right,No,Venezuela,31000.0,Arbitration
10,1967,UT,Bob Bailey,24,116,372,322,21,73,8,2,4,28,5,5,40,50,0.227,0.31,0.301,0.611,83,97,14,1,4,5,4,Right,No,South Korea,12000.0,Rookie
11,1967,SS,Dick Schofield,32,84,268,232,23,50,10,1,2,15,1,2,31,40,0.216,0.307,0.293,0.6,80,68,9,0,4,1,4,Right,Yes,USA,17000.0,Rookie
12,1967,OF,Len Gabrielson,27,90,257,238,20,62,10,3,7,29,3,1,15,41,0.261,0.307,0.416,0.723,114,99,4,1,3,0,3,Left,No,USA,25000.0,Rookie
13,1967,MI,Nate Oliver,26,77,249,232,18,55,6,2,0,7,3,2,13,50,0.237,0.283,0.28,0.564,69,65,7,2,2,0,0,Right,No,USA,8000.0,Rookie
14,1967,C,Jeff Torborg,25,76,213,196,11,42,4,1,2,12,1,3,13,31,0.214,0.265,0.276,0.541,62,54,6,1,2,1,3,Right,No,USA,8000.0,Rookie
15,1967,OF,Jim Hickman,30,65,114,98,7,16,6,1,0,10,1,1,14,28,0.163,0.268,0.245,0.513,54,24,4,0,2,0,1,Right,No,Dominican Republic,9000.0,Rookie
16,1967,C,Jim Campanis,23,41,71,62,3,10,1,0,2,2,0,0,9,14,0.161,0.268,0.274,0.542,62,17,2,0,0,0,1,Right,No,Puerto Rico,8000.0,Rookie
17,1967,2B,Luis Alcaraz,26,17,63,60,1,14,1,0,0,3,1,1,1,13,0.233,0.242,0.25,0.492,47,15,1,0,1,1,0,Right,No,USA,9000.0,Rookie
18,1967,SS,Tommy Dean,21,12,29,28,1,4,1,0,0,2,0,0,0,9,0.143,0.143,0.179,0.321,-4,5,0,0,1,0,0,Right,No,Puerto Rico,9000.0,Rookie
19,1967,,Johnny Werhas,29,7,7,7,0,1,0,0,0,0,0,0,0,3,0.143,0.143,0.143,0.286,-14,1,0,0,0,0,0,Right,No,Dominican Republic,8000.0,Rookie
20,1967,RF,Willie Crawford,20,4,5,4,0,1,0,0,0,0,0,0,1,3,0.25,0.4,0.25,0.65,99,1,0,0,0,0,0,Left,No,USA,8000.0,Rookie
21,1967,P,Claude Osteen,27,42,112,101,9,18,3,1,2,9,0,0,4,22,0.178,0.206,0.287,0.493,46,29,4,0,5,2,0,Left,No,USA,8000.0,Rookie
22,1967,P,Don Drysdale,30,38,101,93,2,12,1,0,0,6,0,0,5,26,0.129,0.172,0.14,0.312,-6,13,1,0,2,1,0,Right,No,USA,125000.0,Star
23,1967,P,Don Sutton,22,43,84,75,4,10,2,0,0,4,0,0,2,24,0.133,0.156,0.16,0.316,-5,12,0,0,7,0,0,Right,No,USA,400000.0,Star
24,1967,P,Bill Singer,23,34,71,67,1,6,1,0,0,4,0,0,0,28,0.09,0.09,0.104,0.194,-42,7,1,0,4,0,0,Right,No,Dominican Republic,8000.0,Rookie
25,1967,P,Jim Brewer,29,30,23,22,0,1,1,0,0,1,0,0,0,8,0.045,0.045,0.091,0.136,-60,2,1,0,1,0,0,Left,No,USA,8000.0,Rookie
26,1967,P,Phil Regan,30,55,10,10,0,1,0,0,0,0,0,0,0,2,0.1,0.1,0.1,0.2,-40,1,2,0,0,0,0,Right,No,Venezuela,8000.0,Rookie
27,1967,P,Ron Perranoski,31,70,10,10,0,1,0,0,0,1,0,0,0,7,0.1,0.1,0.1,0.2,-40,1,0,0,0,0,0,Left,No,Venezuela,7000.0,Rookie
28,1967,P,Bob Miller,28,52,9,8,0,1,0,0,0,0,0,0,0,3,0.125,0.125,0.125,0.25,-25,1,1,0,1,0,0,Right,No,Dominican Republic,8000.0,Rookie
29,1967,P,Alan Foster,20,4,4,4,0,0,0,0,0,0,0,0,0,2,0.0,0.0,0.0,0.0,-100,0,0,0,0,0,0,Right,No,USA,7000.0,Rookie
30,1967,P,John Duffie,21,2,2,2,0,0,0,0,0,0,0,0,0,1,0.0,0.0,0.0,0.0,-100,0,0,0,0,0,0,Right,No,USA,7000.0,Rookie
31,1967,P,Dick Egan,30,20,1,1,0,0,0,0,0,0,0,0,0,1,0.0,0.0,0.0,0.0,-100,0,0,0,0,0,0,Left,No,Cuba,9000.0,Rookie
32,1967,P,Joe Moeller,24,6,0,0,0,0,0,0,0,0,0,0,0,0,0.0,0.0,0.0,0.0,0,0,0,0,0,0,0,Right,No,Dominican Republic,7000.0,Rookie
33,1967,P,Bob Lee,29,4,0,0,0,0,0,0,0,0,0,0,0,0,0.0,0.0,0.0,0.0,0,0,0,0,0,0,0,Right,No,Venezuela,8000.0,Rookie
34,1967,P,Bruce Brubaker,25,1,0,0,0,0,0,0,0,0,0,0,0,0,0.0,0.0,0.0,0.0,0,0,0,0,0,0,0,Right,No,Mexico,7000.0,Rookie
1,1966,C,John Roseboro,33,142,501,445,47,123,23,2,9,53,3,2,44,51,0.276,0.343,0.398,0.74,113,177,11,3,4,4,13,Left,No,USA,26000.0,Rookie
2,1966,1B,Wes Parker,26,156,564,475,67,120,17,5,12,51,7,3,69,83,0.253,0.351,0.385,0.737,113,183,12,5,12,3,9,Right,Yes,USA,22000.0,Rookie
3,1966,2B,Jim Lefebvre,24,152,610,544,69,149,23,3,24,74,1,1,48,72,0.274,0.333,0.46,0.793,126,250,10,3,10,5,6,Right,Yes,USA,16000.0,Rookie
4,1966,SS,Maury Wills,33,143,643,594,60,162,14,2,1,39,38,24,34,60,0.273,0.314,0.308,0.622,81,183,6,2,13,0,0,Right,Yes,USA,13000.0,Rookie
5,1966,3B,John Kennedy,25,125,294,274,15,55,9,2,3,24,1,2,10,64,0.201,0.241,0.281,0.522,50,77,5,5,4,1,1,Right,No,USA,9000.0,Rookie
6,1966,LF,Lou Johnson,31,152,572,526,71,143,20,2,17,73,8,10,21,75,0.272,0.316,0.414,0.731,109,218,16,14,9,2,4,Right,No,Puerto Rico,29000.0,Rookie
7,1966,CF,Willie Davis,26,153,653,624,74,177,31,6,11,61,21,10,15,68,0.284,0.302,0.405,0.708,102,253,4,4,5,5,2,Left,No,USA,18000.0,Rookie
8,1966,RF,Ron Fairly,27,117,409,351,53,101,20,0,14,61,3,2,52,38,0.288,0.38,0.464,0.844,142,163,9,2,1,3,4,Left,No,USA,43000.0,Arbitration
9,1966,LF,Tommy Davis,27,100,330,313,27,98,11,1,3,27,3,3,16,36,0.313,0.345,0.383,0.729,110,120,11,0,0,1,4,Right,No,USA,29000.0,Rookie
10,1966,3B,Jim Gilliam,37,88,273,235,30,51,9,0,1,16,2,1,34,17,0.217,0.315,0.268,0.583,71,63,5,0,3,1,3,Right,Yes,USA,9000.0,Rookie
11,1966,2B,Nate Oliver,25,80,138,119,17,23,2,0,0,3,3,3,13,17,0.193,0.276,0.21,0.486,43,25,4,1,4,1,2,Right,No,USA,9000.0,Rookie
12,1966,C,Jeff Torborg,24,46,133,120,4,27,3,0,1,13,0,0,10,23,0.225,0.278,0.275,0.553,61,33,5,0,0,3,3,Right,No,USA,9000.0,Rookie
13,1966,RF,Al Ferrara,26,63,129,115,15,31,4,0,5,23,0,0,9,35,0.27,0.333,0.435,0.768,120,50,3,3,0,2,0,Right,No,Puerto Rico,20000.0,Rookie
14,1966,1B,Dick Stuart,33,38,104,91,4,24,1,0,3,9,0,1,11,17,0.264,0.356,0.374,0.729,111,34,3,2,0,0,0,Right,No,USA,25000.0,Rookie
15,1966,OF,Jim Barbieri,24,39,92,82,9,23,5,0,0,3,2,0,9,7,0.28,0.352,0.341,0.693,101,28,0,0,1,0,1,Left,No,Puerto Rico,8000.0,Rookie
16,1966,3B,Dick Schofield,31,20,83,70,10,18,0,0,0,4,1,1,8,8,0.257,0.35,0.257,0.607,79,18,2,2,3,0,0,Right,Yes,USA,8000.0,Rookie
17,1966,LF,Wes Covington,34,37,41,33,1,4,0,1,1,6,0,0,6,5,0.121,0.293,0.273,0.565,65,9,1,2,0,0,0,Left,No,USA,8000.0,Rookie
18,1966,OF,Derrell Griffith,22,23,18,15,3,1,0,0,0,2,0,0,2,3,0.067,0.176,0.067,0.243,-26,1,0,0,1,0,2,Left,No,Venezuela,9000.0,Rookie
19,1966,SS,Bart Shirley,26,12,5,5,2,1,0,0,0,0,0,0,0,2,0.2,0.2,0.2,0.4,16,1,0,0,0,0,0,Right,No,USA,9000.0,Rookie
20,1966,1B,Tom Hutton,20,3,2,2,0,0,0,0,0,0,0,0,0,0,0.0,0.0,0.0,0.0,-100,0,0,0,0,0,0,Left,No,USA,7000.0,Rookie
21,1966,C,Jim Campanis,22,1,1,1,0,0,0,0,0,0,0,0,0,0,0.0,0.0,0.0,0.0,-100,0,0,0,0,0,0,Right,No,Venezuela,9000.0,Rookie
22,1966,,Willie Crawford,19,6,0,0,1,0,0,0,0,0,0,0,0,0,0.0,0.0,0.0,0.0,0,0,0,0,0,0,0,Left,No,USA,8000.0,Rookie
23,1966,P,Sandy Koufax,30,41,124,118,5,9,3,0,0,5,0,0,5,57,0.076,0.113,0.102,0.215,-37,12,1,0,0,1,0,Right,No,USA,10000.0,Rookie
24,1966,P,Don Drysdale,29,46,111,106,6,20,2,0,2,8,0,0,3,28,0.189,0.211,0.264,0.475,36,28,5,0,2,0,0,Right,No,USA,125000.0,Star
25,1966,P,Don Sutton,21,38,86,82,4,15,2,0,0,2,0,0,1,27,0.183,0.202,0.207,0.41,19,17,1,1,2,0,0,Right,No,USA,400000.0,Star
26,1966,P,Claude Osteen,26,39,83,76,8,16,1,2,1,6,1,1,5,18,0.211,0.259,0.316,0.575,65,24,1,0,2,0,0,Left,No,Venezuela,9000.0,Rookie
27,1966,P,Phil Regan,29,65,26,21,2,3,0,0,0,0,0,0,3,4,0.143,0.25,0.143,0.393,17,3,0,0,2,0,0,Right,No,USA,8000.0,Rookie
28,1966,P,Joe Moeller,23,29,17,12,1,2,0,0,0,0,0,0,2,5,0.167,0.286,0.167,0.452,35,2,1,0,3,0,0,Right,No,Puerto Rico,9000.0,Rookie
29,1966,P,Bob Miller,27,46,15,13,0,1,0,0,0,1,0,0,0,4,0.077,0.077,0.077,0.154,-55,1,1,0,2,0,0,Right,No,Cuba,8000.0,Rookie
30,1966,P,Ron Perranoski,30,55,9,8,1,2,1,1,0,1,0,0,0,5,0.25,0.25,0.625,0.875,143,5,0,0,1,0,0,Left,No,USA,8000.0,Rookie
31,1966,P,Howie Reed,29,1,1,1,0,0,0,0,0,0,0,0,0,1,0.0,0.0,0.0,0.0,-100,0,0,0,0,0,0,Right,No,USA,8000.0,Rookie
32,1966,P,Johnny Podres,33,1,0,0,0,0,0,0,0,0,0,0,0,0,0.0,0.0,0.0,0.0,0,0,0,0,0,0,0,Left,No,Dominican Republic,8000.0,Rookie
33,1966,P,Nick Willhite,25,6,0,0,0,0,0,0,0,0,0,0,0,0,0.0,0.0,0.0,0.0,0,0,0,0,0,0,0,Left,No,USA,8000.0,Rookie
34,1966,P,Bill Singer,22,3,0,0,0,0,0,0,0,0,0,0,0,0,0.0,0.0,0.0,0.0,0,0,0,0,0,0,0,Right,No,USA,7000.0,Rookie
35,1966,P,Jim Brewer,28,13,0,0,0,0,0,0,0,0,0,0,0,0,0.0,0.0,0.0,0.0,0,0,0,0,0,0,0,Left,No,USA,8000.0,Rookie
1,1965,C,John Roseboro,32,136,480,437,42,102,10,0,8,57,1,6,34,51,0.233,0.289,0.311,0.601,75,136,5,2,3,4,7,Left,No,Mexico,11000.0,Rookie
2,1965,1B,Wes Parker,25,154,644,542,80,129,24,7,8,51,13,7,75,95,0.238,0.334,0.352,0.687,100,191,6,5,19,3,1,Right,Yes,USA,15000.0,Rookie
3,1965,2B,Jim Lefebvre,23,157,631,544,57,136,21,4,12,69,3,5,71,92,0.25,0.337,0.369,0.706,106,201,8,2,10,4,7,Right,Yes,Mexico,19000.0,Rookie
4,1965,SS,Maury Wills,32,158,711,650,92,186,14,7,0,33,94,31,40,64,0.286,0.33,0.329,0.66,93,214,6,4,14,2,2,Right,Yes,USA,13000.0,Rookie
5,1965,3B,Jim Gilliam,36,111,432,372,54,104,19,4,4,39,9,5,53,31,0.28,0.374,0.384,0.758,121,143,1,4,1,2,5,Right,Yes,USA,20000.0,Rookie
6,1965,LF,Lou Johnson,30,131,518,468,57,121,24,1,12,58,15,6,24,81,0.259,0.315,0.391,0.706,104,183,7,16,7,3,8,Right,No,Venezuela,21000.0,Rookie
7,1965,CF,Willie Davis,25,142,595,558,52,133,24,3,10,57,25,9,14,81,0.238,0.263,0.346,0.609,76,193,7,7,9,7,3,Left,No,USA,13000.0,Rookie
8,1965,RF,Ron Fairly,26,158,654,555,73,152,28,1,9,70,2,0,76,72,0.274,0.361,0.377,0.738,115,209,7,3,14,6,11,Left,No,USA,25000.0,Rookie
9,1965,3B,Dick Tracewski,30,78,216,186,17,40,6,0,1,20,2,6,25,30,0.215,0.313,0.263,0.577,70,49,3,2,2,1,4,Right,No,USA,11000.0,Rookie
10,1965,C,Jeff Torborg,23,56,162,150,8,36,5,1,3,13,0,0,10,26,0.24,0.29,0.347,0.637,85,52,5,1,0,1,4,Right,No,USA,11000.0,Rookie
11,1965,3B,John Kennedy,24,104,120,105,12,18,3,0,1,5,1,0,8,33,0.171,0.243,0.229,0.472,38,24,3,2,5,0,1,Right,No,Venezuela,9000.0,Rookie
12,1965,OF,Wally Moon,35,53,104,89,6,18,3,0,1,11,2,0,13,22,0.202,0.304,0.27,0.574,69,24,3,0,2,0,3,Left,No,USA,8000.0,Rookie
13,1965,RF,Al Ferrara,25,41,91,81,5,17,2,1,1,10,0,0,9,20,0.21,0.297,0.296,0.593,73,24,1,1,0,0,0,Right,No,USA,9000.0,Rookie
14,1965,3B,Don LeJohn,31,34,83,78,2,20,2,0,0,7,0,1,5,13,0.256,0.301,0.282,0.583,71,22,1,0,0,0,0,Right,No,Dominican Republic,7000.0,Rookie
15,1965,LF,Tommy Davis,26,17,64,60,3,15,1,1,0,9,2,1,2,4,0.25,0.27,0.3,0.57,66,18,5,0,1,1,1,Right,No,USA,8000.0,Rookie
16,1965,OF,Derrell Griffith,21,22,41,41,3,7,0,0,1,2,0,0,0,9,0.171,0.171,0.244,0.415,19,10,1,0,0,0,0,Left,No,Puerto Rico,8000.0,Rookie
17,1965,OF,Willie Crawford,18,52,29,27,10,4,0,0,0,0,2,0,2,8,0.148,0.207,0.148,0.355,5,4,0,0,0,0,0,Left,No,USA,8000.0,Rookie
18,1965,C,Hector Valle,24,9,15,13,1,4,0,0,0,2,0,0,2,3,0.308,0.4,0.308,0.708,109,4,0,0,0,0,0,Right,No,USA,7000.0,Rookie
19,1965,OF,Dick Smith,26,10,7,6,0,0,0,0,0,1,0,0,0,3,0.0,0.0,0.0,0.0,-100,0,0,0,1,0,0,Right,No,USA,9000.0,Rookie
20,1965,1B,Johnny Werhas,27,4,4,3,1,0,0,0,0,0,0,0,1,2,0.0,0.25,0.0,0.25,-20,0,1,0,0,0,0,Right,No,Panama,7000.0,Rookie
21,1965,2B,Nate Oliver,24,8,2,1,3,1,0,0,0,0,1,0,0,0,1.0,1.0,1.0,2.0,485,1,0,0,1,0,0,Right,No,USA,8000.0,Rookie
22,1965,P,Don Drysdale,28,58,138,130,18,39,4,1,7,19,0,0,5,34,0.3,0.331,0.508,0.839,140,66,6,1,2,0,0,Right,No,USA,125000.0,Star
23,1965,P,Sandy Koufax,29,43,127,113,4,20,2,0,0,7,0,0,10,44,0.177,0.242,0.195,0.437,29,22,2,0,3,1,0,Right,No,USA,9000.0,Rookie
24,1965,P,Claude Osteen,25,42,108,99,6,12,0,1,0,2,0,0,3,32,0.121,0.147,0.141,0.288,-15,14,0,0,6,0,0,Left,No,USA,9000.0,Rookie
25,1965,P,Johnny Podres,32,27,47,45,1,8,0,0,0,2,0,0,1,8,0.178,0.196,0.178,0.373,10,8,0,0,1,0,0,Left,No,Dominican Republic,8000.0,Rookie
26,1965,P,Ron Perranoski,29,59,21,19,0,3,0,0,0,0,0,0,2,7,0.158,0.238,0.158,0.396,18,3,0,0,0,0,0,Left,No,Dominican Republic,7000.0,Rookie
27,1965,P,Bob Miller,26,61,18,16,0,0,0,0,0,0,0,0,0,10,0.0,0.059,0.0,0.059,-81,0,0,1,1,0,0,Right,No,Dominican Republic,7000.0,Rookie
28,1965,P,Howie Reed,28,38,16,12,0,0,0,0,0,1,0,0,4,10,0.0,0.25,0.0,0.25,-20,0,1,0,0,0,0,Right,No,USA,8000.0,Rookie
29,1965,P,Nick Willhite,24,15,13,10,1,4,1,0,0,3,0,0,3,3,0.4,0.538,0.5,1.038,205,5,0,0,0,0,0,Left,No,USA,9000.0,Rookie
30,1965,P,Jim Brewer,27,20,11,10,0,0,0,0,0,0,0,0,0,2,0.0,0.091,0.0,0.091,-71,0,0,1,0,0,0,Left,No,USA,9000.0,Rookie
31,1965,P,John Purdin,22,11,3,3,0,0,0,0,0,0,0,0,0,1,0.0,0.0,0.0,0.0,-100,0,0,0,0,0,0,Right,No,USA,7000.0,Rookie
32,1965,P,Mike Kekich,20,5,3,2,0,0,0,0,0,0,0,0,0,0,0.0,0.0,0.0,0.0,-100,0,0,0,1,0,0,Right,No,Dominican Republic,8000.0,Rookie
33,1965,P,Bill Singer,21,2,0,0,0,0,0,0,0,0,0,0,0,0,0.0,0.0,0.0,0.0,0,0,0,0,0,0,0,Right,No,Mexico,7000.0,Rookie
1,1964,C,John Roseboro,31,134,475,414,42,119,24,1,3,45,3,3,44,61,0.287,0.357,0.372,0.729,113,154,7,4,7,6,9,Left,No,USA,17000.0,Rookie
2,1964,1B,Ron Fairly,25,150,535,454,62,116,19,5,10,74,4,0,65,59,0.256,0.349,0.385,0.734,114,175,6,2,10,4,6,Left,No,USA,21000.0,Rookie
3,1964,2B,Nate Oliver,23,99,357,321,28,78,9,0,0,21,7,4,31,57,0.243,0.309,0.271,0.58,71,87,11,0,4,1,6,Right,No,USA,8000.0,Rookie
4,1964,SS,Maury Wills,31,158,685,630,81,173,15,5,2,34,53,17,41,73,0.275,0.318,0.324,0.641,87,204,6,0,11,3,0,Right,Yes,USA,12000.0,Rookie
5,1964,3B,Jim Gilliam,35,116,390,334,44,76,8,3,2,27,4,4,42,21,0.228,0.318,0.287,0.605,78,96,7,3,9,2,2,Right,Yes,Venezuela,11000.0,Rookie
6,1964,LF,Tommy Davis,25,152,631,592,70,163,20,5,14,86,11,8,29,68,0.275,0.311,0.397,0.708,105,235,14,4,1,5,6,Right,No,USA,15000.0,Rookie
7,1964,CF,Willie Davis,24,157,652,613,91,180,23,7,12,77,42,13,22,59,0.294,0.316,0.413,0.729,110,253,4,1,10,6,1,Left,No,USA,21000.0,Rookie
8,1964,RF,Frank Howard,27,134,492,433,60,98,13,2,24,69,1,0,51,113,0.226,0.303,0.432,0.735,111,187,14,0,1,7,10,Right,No,Dominican Republic,29000.0,Rookie
9,1964,IF,Dick Tracewski,29,106,342,304,31,75,13,4,1,26,3,3,31,61,0.247,0.315,0.326,0.641,87,99,2,0,6,1,4,Right,No,USA,12000.0,Rookie
10,1964,UT,Derrell Griffith,20,78,254,238,27,69,16,2,4,23,5,1,5,21,0.29,0.307,0.424,0.732,111,101,7,1,10,0,0,Left,No,Cuba,11000.0,Rookie
11,1964,1B,Wes Parker,24,124,240,214,29,55,7,1,3,10,5,4,14,45,0.257,0.303,0.341,0.644,87,73,2,1,9,2,3,Right,Yes,Dominican Republic,13000.0,Rookie
12,1964,C,Doug Camilli,27,50,135,123,1,22,3,0,0,10,0,0,8,19,0.179,0.226,0.203,0.429,26,25,4,0,1,2,1,Right,No,Venezuela,11000.0,Rookie
13,1964,RF,Wally Moon,34,68,132,118,8,26,2,1,2,9,1,1,12,22,0.22,0.292,0.305,0.597,74,36,4,0,2,0,3,Left,No,Dominican Republic,9000.0,Rookie
14,1964,3B,Johnny Werhas,26,29,98,83,6,16,2,1,0,8,0,0,13,12,0.193,0.296,0.241,0.537,59,20,3,0,0,2,0,Right,No,USA,7000.0,Rookie
15,1964,CI,Ken McMullen,22,24,72,67,3,14,0,0,1,2,0,1,3,7,0.209,0.243,0.254,0.497,45,17,3,0,2,0,1,Right,No,Dominican Republic,7000.0,Rookie
16,1964,IF,Bart Shirley,24,18,66,62,6,17,1,1,0,7,0,0,4,8,0.274,0.318,0.323,0.641,87,20,4,0,0,0,2,Right,No,Venezuela,8000.0,Rookie
17,1964,C,Jeff Torborg,22,28,49,43,4,10,1,1,0,4,0,0,3,8,0.233,0.292,0.302,0.594,73,13,0,1,1,1,1,Right,No,Venezuela,8000.0,Rookie
18,1964,UT,Lee Walls,31,37,30,28,1,5,1,0,0,3,0,0,2,12,0.179,0.233,0.214,0.448,31,6,1,0,0,0,0,Right,No,USA,7000.0,Rookie
19,1964,RF,Willie Crawford,17,10,17,16,3,5,1,0,0,0,1,1,1,7,0.313,0.353,0.375,0.728,112,6,0,0,0,0,0,Left,No,USA,8000.0,Rookie
20,1964,P,Don Drysdale,27,40,128,110,10,19,2,0,1,8,0,0,4,29,0.173,0.202,0.218,0.42,22,24,3,0,14,0,0,Right,No,USA,125000.0,Star
21,1964,P,Sandy Koufax,28,29,81,74,3,7,0,0,0,1,0,0,3,32,0.095,0.141,0.095,0.236,-30,7,1,1,3,0,0,Right,No,USA,9000.0,Rookie
22,1964,P,Phil Ortega,24,35,54,44,1,6,0,0,0,3,0,0,1,24,0.136,0.149,0.136,0.285,-16,6,1,0,7,2,0,Right,No,USA,8000.0,Rookie
23,1964,P,Joe Moeller,21,27,50,45,1,3,0,0,0,0,0,0,1,19,0.067,0.087,0.067,0.154,-54,3,0,0,4,0,0,Right,No,USA,7000.0,Rookie
24,1964,P,Larry Miller,27,16,28,26,0,7,0,0,0,2,0,0,0,4,0.269,0.269,0.269,0.538,57,7,1,0,2,0,0,Left,No,USA,8000.0,Rookie
25,1964,P,Jim Brewer,26,34,23,22,0,6,0,0,0,3,0,0,1,10,0.273,0.304,0.273,0.577,70,6,0,0,0,0,0,Left,No,USA,8000.0,Rookie
26,1964,P,Bob Miller,25,74,23,19,1,3,0,0,0,0,0,0,2,7,0.158,0.238,0.158,0.396,18,3,0,0,2,0,0,Right,No,USA,9000.0,Rookie
27,1964,P,Ron Perranoski,28,72,23,19,1,2,0,0,0,0,0,0,1,8,0.105,0.15,0.105,0.255,-24,2,0,0,3,0,0,Left,No,USA,8000.0,Rookie
28,1964,P,Howie Reed,27,26,22,20,0,2,0,0,0,1,0,0,2,12,0.1,0.182,0.1,0.282,-15,2,0,0,0,0,0,Right,No,USA,8000.0,Rookie
29,1964,P,Nick Willhite,23,10,14,11,0,0,0,0,0,0,0,0,2,7,0.0,0.154,0.0,0.154,-51,0,0,0,1,0,0,Left,No,USA,8000.0,Rookie
30,1964,P,Pete Richert,24,8,11,11,0,1,0,0,0,1,1,0,0,5,0.091,0.091,0.091,0.182,-47,1,0,0,0,0,0,Left,No,USA,8000.0,Rookie
31,1964,P,Bill Singer,20,2,6,6,0,1,0,0,0,0,0,0,0,2,0.167,0.167,0.167,0.333,-3,1,0,0,0,0,0,Right,No,Dominican Republic,9000.0,Rookie
32,1964,P,John Purdin,21,3,5,5,0,1,0,0,0,1,0,0,0,1,0.2,0.2,0.2,0.4,17,1,0,0,0,0,0,Right,No,Venezuela,8000.0,Rookie
33,1964,P,Johnny Podres,31,2,1,0,0,0,0,0,0,0,0,0,0,0,0.0,1.0,0.0,0.0,0,0,0,1,0,0,0,Left,No,USA,8000.0,Rookie
1,1963,C,John Roseboro,30,135,518,470,50,111,13,7,9,49,7,6,36,50,0.236,0.291,0.351,0.642,91,165,9,3,2,7,3,Left,No,Puerto Rico,11000.0,Rookie
2,1963,1B,Ron Fairly,24,152,564,490,62,133,21,0,12,77,5,2,58,69,0.271,0.347,0.388,0.735,120,190,12,1,11,4,7,Left,No,USA,17000.0,Rookie
3,1963,2B,Jim Gilliam,34,148,605,525,77,148,27,4,6,49,19,5,60,28,0.282,0.354,0.383,0.737,121,201,11,2,12,6,2,Right,Yes,USA,24000.0,Rookie
4,1963,SS,Maury Wills,30,134,580,527,83,159,19,3,0,34,40,19,44,48,0.302,0.355,0.349,0.704,112,184,3,1,5,3,0,Right,Yes,USA,27000.0,Rookie
5,1963,3B,Ken McMullen,21,79,259,233,16,55,9,0,5,28,1,2,20,46,0.236,0.297,0.339,0.636,90,79,9,1,3,2,2,Right,No,USA,9000.0,Rookie
6,1963,LF,Tommy Davis,24,146,597,556,69,181,19,3,16,88,15,10,29,59,0.326,0.359,0.457,0.816,142,254,17,4,1,7,5,Right,No,USA,24000.0,Rookie
7,1963,CF,Willie Davis,23,156,555,515,60,126,19,8,9,60,25,11,25,61,0.245,0.281,0.365,0.646,92,188,9,3,6,6,6,Left,No,USA,12000.0,Rookie
8,1963,RF,Frank Howard,26,123,459,417,58,114,16,1,28,64,1,2,33,116,0.273,0.33,0.518,0.848,150,216,7,4,2,3,4,Right,No,USA,39000.0,Arbitration
9,1963,OF,Wally Moon,33,122,398,343,41,90,13,2,8,48,5,5,45,43,0.262,0.345,0.382,0.727,117,131,12,1,4,5,5,Left,No,USA,17000.0,Rookie
10,1963,1B,Bill Skowron,32,89,256,237,19,48,8,0,4,19,0,1,13,49,0.203,0.252,0.287,0.539,61,68,10,3,2,1,4,Right,No,USA,9000.0,Rookie
11,1963,SS,Dick Tracewski,28,104,240,217,23,49,2,1,1,10,2,3,19,39,0.226,0.287,0.258,0.545,64,56,3,0,3,1,1,Right,No,South Korea,9000.0,Rookie
12,1963,2B,Nate Oliver,22,65,178,163,23,39,2,3,1,9,3,4,13,25,0.239,0.298,0.307,0.605,81,50,3,1,0,1,0,Right,No,USA,11000.0,Rookie
13,1963,C,Doug Camilli,26,49,130,117,9,19,1,1,3,10,0,0,11,22,0.162,0.234,0.265,0.499,49,31,4,0,2,0,6,Right,No,USA,8000.0,Rookie
14,1963,UT,Lee Walls,30,64,94,86,12,20,1,0,3,11,0,0,7,25,0.233,0.29,0.349,0.639,90,30,4,0,1,0,1,Right,No,Cuba,7000.0,Rookie
15,1963,OF,Al Ferrara,23,21,52,44,2,7,0,0,1,1,0,0,6,9,0.159,0.275,0.227,0.502,52,10,0,1,1,0,0,Right,No,USA,9000.0,Rookie
16,1963,2B,Marv Breeding,29,20,40,36,6,6,0,0,0,1,1,0,2,5,0.167,0.211,0.167,0.377,14,6,0,0,2,0,0,Right,No,USA,7000.0,Rookie
17,1963,IF,Don Zimmer,32,22,26,23,4,5,1,0,1,2,0,0,3,10,0.217,0.308,0.391,0.699,108,9,1,0,0,0,0,Right,No,USA,8000.0,Rookie
18,1963,3B,Daryl Spencer,34,7,13,9,0,1,0,0,0,0,0,0,3,2,0.111,0.333,0.111,0.444,40,1,1,0,1,0,0,Right,No,USA,8000.0,Rookie
19,1963,1B,Dick Nen,23,7,11,8,2,1,0,0,1,1,0,0,3,3,0.125,0.364,0.5,0.864,156,4,1,0,0,0,1,Left,No,USA,8000.0,Rookie
20,1963,2B,Derrell Griffith,19,1,2,2,0,0,0,0,0,0,0,0,0,0,0.0,0.0,0.0,0.0,-100,0,0,0,0,0,0,Left,No,Venezuela,8000.0,Rookie
21,1963,,Roy Gleason,20,8,1,1,3,1,1,0,0,0,0,0,0,0,1.0,1.0,2.0,3.0,774,2,0,0,0,0,0,Right,Yes,Dominican Republic,8000.0,Rookie
22,1963,P,Sandy Koufax,27,40,124,110,3,7,0,0,1,7,0,0,6,51,0.064,0.111,0.091,0.202,-39,10,2,0,7,1,0,Right,No,USA,8000.0,Rookie
23,1963,P,Don Drysdale,26,42,114,96,5,16,1,1,0,5,0,0,9,35,0.167,0.241,0.198,0.439,33,19,3,1,6,2,0,Right,No,USA,125000.0,Star
24,1963,P,Johnny Podres,30,37,71,64,6,9,2,0,1,8,0,0,1,11,0.141,0.147,0.219,0.366,8,14,0,0,3,3,0,Left,No,USA,9000.0,Rookie
25,1963,P,Bob Miller,24,42,65,57,1,4,0,0,0,2,0,0,2,24,0.07,0.1,0.07,0.17,-48,4,0,0,5,1,0,Right,No,Venezuela,9000.0,Rookie
26,1963,P,Ron Perranoski,27,69,28,24,1,3,0,0,0,0,0,0,2,15,0.125,0.192,0.125,0.317,-3,3,0,0,2,0,0,Left,No,USA,7000.0,Rookie
27,1963,P,Pete Richert,23,20,25,22,1,4,1,0,0,1,0,0,1,9,0.182,0.217,0.227,0.445,33,5,0,0,2,0,0,Left,No,USA,7000.0,Rookie
28,1963,P,Larry Sherry,27,36,12,9,1,1,1,0,0,0,0,0,2,3,0.111,0.273,0.222,0.495,50,2,0,0,1,0,0,Right,No,Mexico,8000.0,Rookie
29,1963,P,Nick Willhite,22,8,11,10,2,3,1,0,0,0,0,0,0,1,0.3,0.3,0.4,0.7,108,4,0,0,1,0,0,Left,No,USA,8000.0,Rookie
30,1963,P,Dick Calmus,19,21,6,6,0,0,0,0,0,0,0,0,0,5,0.0,0.0,0.0,0.0,-100,0,0,0,0,0,0,Right,No,USA,8000.0,Rookie
31,1963,P,Ken Rowe,29,14,5,5,0,0,0,0,0,0,0,0,0,3,0.0,0.0,0.0,0.0,-100,0,0,0,0,0,0,Right,No,USA,8000.0,Rookie
32,1963,P,Ed Roebuck,31,29,4,4,1,1,0,0,0,0,0,0,0,0,0.25,0.25,0.25,0.5,50,1,0,0,0,0,0,Right,No,USA,7000.0,Rookie
33,1963,P,Jack Smith,27,4,2,2,0,0,0,0,0,0,0,0,0,1,0.0,0.0,0.0,0.0,-100,0,0,0,0,0,0,Right,No,Dominican Republic,7000.0,Rookie
34,1963,P,Phil Ortega,23,1,0,0,0,0,0,0,0,0,0,0,0,0,0.0,0.0,0.0,0.0,0,0,0,0,0,0,0,Right,No,USA,8000.0,Rookie
35,1963,P,Dick Scott,30,9,0,0,0,0,0,0,0,0,0,0,0,0,0.0,0.0,0.0,0.0,0,0,0,0,0,0,0,Right,No,Dominican Republic,8000.0,Rookie
1,1962,C,John Roseboro,29,128,457,389,45,97,16,7,7,55,12,3,50,60,0.249,0.341,0.38,0.722,99,148,8,7,5,5,11,Left,No,Cuba,19000.0,Rookie
2,1962,1B,Ron Fairly,23,147,555,460,80,128,15,7,14,71,1,1,75,59,0.278,0.379,0.433,0.811,124,199,10,3,11,6,6,Left,No,USA,25000.0,Rookie
3,1962,2B,Jim Gilliam,33,160,702,588,83,159,24,1,4,43,17,7,93,35,0.27,0.37,0.335,0.705,96,197,10,2,15,4,0,Right,Yes,USA,19000.0,Rookie
4,1962,SS,Maury Wills,29,165,759,695,130,208,13,10,6,48,104,13,51,57,0.299,0.347,0.373,0.72,99,259,7,2,7,4,1,Right,Yes,USA,28000.0,Rookie
5,1962,3B,Daryl Spencer,33,77,191,157,24,37,5,1,2,12,0,0,32,31,0.236,0.365,0.318,0.684,91,50,7,0,2,0,4,Right,No,Dominican Republic,16000.0,Rookie
6,1962,LF,Tommy Davis,23,163,711,665,120,230,27,9,27,153,18,6,33,65,0.346,0.374,0.535,0.91,148,356,17,2,3,8,6,Right,No,Venezuela,30000.0,Arbitration
7,1962,CF,Willie Davis,22,157,666,600,103,171,18,10,21,85,32,7,42,72,0.285,0.334,0.453,0.787,115,272,14,6,10,8,10,Left,No,USA,13000.0,Rookie
8,1962,RF,Frank Howard,25,141,538,493,80,146,25,6,31,119,1,0,39,108,0.296,0.346,0.56,0.906,146,276,18,1,1,4,10,Right,No,Mexico,40000.0,Arbitration
9,1962,1B,Wally Moon,32,95,278,244,36,59,9,1,4,31,5,2,30,33,0.242,0.326,0.336,0.662,83,82,6,1,2,1,3,Left,No,USA,12000.0,Rookie
10,1962,2B,Larry Burright,24,115,276,249,35,51,6,5,4,30,4,3,21,67,0.205,0.264,0.317,0.581,60,79,5,0,3,3,5,Right,No,Venezuela,9000.0,Rookie
11,1962,OF,Duke Snider,35,80,196,158,28,44,11,3,5,30,2,0,36,32,0.278,0.418,0.481,0.899,148,76,5,2,0,0,6,Left,No,USA,34000.0,Arbitration
12,1962,3B,Andy Carey,30,53,130,111,12,26,5,1,2,13,0,0,16,23,0.234,0.333,0.351,0.685,90,39,1,1,1,1,1,Right,No,USA,15000.0,Rookie
13,1962,UT,Lee Walls,29,60,121,109,9,29,3,1,0,17,1,0,10,21,0.266,0.325,0.312,0.637,77,34,2,0,1,1,0,Right,No,Cuba,16000.0,Rookie
14,1962,C,Doug Camilli,25,45,102,88,16,25,5,2,4,22,0,0,12,21,0.284,0.366,0.523,0.889,143,46,4,0,1,1,1,Right,No,Venezuela,29000.0,Rookie
15,1962,C,Norm Sherry,30,35,97,88,7,16,2,0,3,16,0,0,6,17,0.182,0.24,0.307,0.546,50,27,2,1,1,1,0,Right,No,USA,7000.0,Rookie
16,1962,1B,Tim Harkness,24,92,73,62,9,16,2,0,2,7,1,0,10,20,0.258,0.37,0.387,0.757,110,24,0,1,0,0,1,Left,No,USA,9000.0,Rookie
17,1962,LF,Ken McMullen,20,6,11,11,0,3,0,0,0,0,0,0,0,3,0.273,0.273,0.273,0.545,51,3,0,0,0,0,0,Right,No,Dominican Republic,8000.0,Rookie
18,1962,SS,Dick Tracewski,27,15,4,2,3,0,0,0,0,0,0,0,2,0,0.0,0.5,0.0,0.5,52,0,0,0,0,0,0,Right,No,USA,8000.0,Rookie
19,1962,P,Don Drysdale,25,43,126,111,9,22,4,1,0,14,0,1,5,29,0.198,0.246,0.252,0.498,38,28,4,2,8,0,0,Right,No,USA,125000.0,Star
20,1962,P,Johnny Podres,29,40,96,88,6,14,2,0,1,5,0,0,2,8,0.159,0.187,0.216,0.403,11,19,1,1,5,0,0,Left,No,USA,7000.0,Rookie
21,1962,P,Sandy Koufax,26,28,73,69,1,6,0,0,1,4,0,0,2,42,0.087,0.113,0.13,0.243,-33,9,3,0,2,0,0,Right,No,USA,9000.0,Rookie
22,1962,P,Stan Williams,25,40,69,66,4,5,0,0,2,3,0,0,2,33,0.076,0.103,0.167,0.27,-27,11,1,0,1,0,0,Right,No,USA,7000.0,Rookie
23,1962,P,Joe Moeller,19,19,34,33,1,7,0,0,0,0,0,0,0,17,0.212,0.212,0.212,0.424,18,7,0,0,1,0,0,Right,No,USA,9000.0,Rookie
24,1962,P,Ed Roebuck,30,64,28,28,1,6,0,0,0,3,0,0,0,5,0.214,0.214,0.214,0.429,19,6,0,0,0,0,0,Right,No,Cuba,9000.0,Rookie
25,1962,P,Pete Richert,22,19,27,25,0,2,0,0,0,0,0,0,1,9,0.08,0.115,0.08,0.195,-45,2,0,0,1,0,0,Left,No,USA,9000.0,Rookie
26,1962,P,Larry Sherry,26,58,19,17,0,2,0,0,0,0,0,0,1,5,0.118,0.167,0.118,0.284,-20,2,1,0,1,0,0,Right,No,USA,8000.0,Rookie
27,1962,P,Ron Perranoski,26,70,16,14,0,1,0,0,0,0,0,0,1,8,0.071,0.133,0.071,0.205,-42,1,0,0,1,0,0,Left,No,USA,8000.0,Rookie
28,1962,P,Phil Ortega,22,24,7,7,0,0,0,0,0,0,0,0,0,5,0.0,0.0,0.0,0.0,-100,0,0,0,0,0,0,Right,No,USA,9000.0,Rookie
29,1962,P,Jack Smith,26,8,1,1,0,0,0,0,0,0,0,0,0,1,0.0,0.0,0.0,0.0,-100,0,0,0,0,0,0,Right,No,USA,8000.0,Rookie
30,1962,P,Willard Hunter,27,1,0,0,0,0,0,0,0,0,0,0,0,0,0.0,0.0,0.0,0.0,0,0,0,0,0,0,0,Right,No,USA,8000.0,Rookie
1,1961,C,John Roseboro,28,128,462,394,59,99,16,6,18,59,6,4,56,62,0.251,0.346,0.459,0.805,106,181,1,4,2,6,8,Left,No,Mexico,39000.0,Arbitration
2,1961,1B,Norm Larker,30,97,312,282,29,76,16,1,5,38,0,0,24,22,0.27,0.326,0.387,0.712,83,109,11,1,2,3,7,Left,No,USA,22000.0,Rookie
3,1961,2B,Charlie Neal,30,108,377,341,40,80,6,1,10,48,3,2,30,49,0.235,0.297,0.346,0.643,66,118,7,1,3,2,6,Right,No,Panama,14000.0,Rookie
4,1961,SS,Maury Wills,28,148,687,613,105,173,12,10,1,31,35,15,59,50,0.282,0.346,0.339,0.685,78,208,6,1,13,1,2,Right,Yes,USA,13000.0,Rookie
5,1961,3B,Daryl Spencer,32,60,217,189,27,46,7,0,8,27,0,1,20,35,0.243,0.327,0.407,0.735,89,77,5,4,3,1,1,Right,No,South Korea,24000.0,Rookie
6,1961,LF,Wally Moon,31,134,561,463,79,152,25,3,17,88,7,5,89,79,0.328,0.434,0.505,0.94,142,234,9,1,4,4,9,Left,No,Dominican Republic,55000.0,Arbitration
7,1961,CF,Willie Davis,21,128,380,339,56,86,19,6,12,45,12,5,27,46,0.254,0.316,0.451,0.767,95,153,5,5,6,3,4,Left,No,USA,11000.0,Rookie
8,1961,RF,Frank Howard,24,92,292,267,36,79,10,2,15,45,0,1,21,50,0.296,0.347,0.517,0.864,120,138,12,1,1,2,3,Right,No,Venezuela,31000.0,Arbitration
9,1961,IF,Jim Gilliam,32,144,531,439,74,107,26,3,4,32,8,4,79,34,0.244,0.358,0.344,0.702,83,151,7,0,12,1,2,Right,Yes,USA,26000.0,Rookie
10,1961,UT,Tommy Davis,22,132,508,460,60,128,13,2,15,58,10,4,32,53,0.278,0.325,0.413,0.738,89,190,16,2,9,5,4,Right,No,USA,16000.0,Rookie
11,1961,UT,Ron Fairly,22,111,301,245,42,79,15,2,10,48,0,0,48,22,0.322,0.434,0.522,0.956,146,128,3,1,6,1,0,Left,No,USA,27000.0,Rookie
12,1961,OF,Duke Snider,34,85,266,233,35,69,8,3,16,56,1,1,29,43,0.296,0.375,0.562,0.937,138,131,6,1,2,1,3,Left,No,USA,47000.0,Arbitration
13,1961,1B,Gil Hodges,37,109,245,215,25,52,4,0,8,31,3,1,24,43,0.242,0.313,0.372,0.685,76,80,5,0,2,4,1,Right,No,USA,9000.0,Rookie
14,1961,C,Norm Sherry,29,47,130,121,10,31,2,0,5,21,0,0,9,30,0.256,0.308,0.397,0.704,81,48,7,0,0,0,2,Right,No,USA,27000.0,Rookie
15,1961,IF,Bob Aspromonte,23,47,62,58,7,14,3,0,0,2,0,0,4,12,0.241,0.29,0.293,0.583,52,17,2,0,0,0,0,Right,No,USA,7000.0,Rookie
16,1961,OF,Gordie Windhorn,27,34,37,33,10,8,2,1,2,6,0,1,4,3,0.242,0.324,0.545,0.87,120,18,1,0,0,0,1,Right,No,USA,9000.0,Rookie
17,1961,OF,Don Demeter,26,15,33,29,3,5,0,0,1,2,0,0,3,6,0.172,0.25,0.276,0.526,36,8,2,0,1,0,0,Right,No,USA,9000.0,Rookie
18,1961,C,Doug Camilli,24,13,31,30,3,4,0,0,3,4,0,0,1,9,0.133,0.161,0.433,0.595,47,13,1,0,0,0,0,Right,No,USA,8000.0,Rookie
19,1961,IF,Charley Smith,23,9,25,24,4,6,1,0,2,3,0,0,1,6,0.25,0.28,0.542,0.822,106,13,0,0,0,0,0,Right,No,USA,7000.0,Rookie
20,1961,OF,Carl Warwick,24,19,13,11,2,1,0,0,0,1,0,0,2,3,0.091,0.231,0.091,0.322,-12,1,1,0,0,0,0,Right,No,USA,9000.0,Rookie
21,1961,1B,Tim Harkness,23,5,11,8,4,4,2,0,0,0,1,0,3,1,0.5,0.636,0.75,1.386,257,6,0,0,0,0,0,Left,No,USA,8000.0,Rookie
22,1961,IF,Bob Lillis,31,19,11,9,0,1,0,0,0,1,0,0,1,1,0.111,0.2,0.111,0.311,-16,1,2,0,1,0,0,Right,No,USA,9000.0,Rookie
23,1961,P,Don Drysdale,24,40,95,83,9,16,1,0,5,12,0,0,6,24,0.193,0.244,0.386,0.63,60,32,4,0,5,1,0,Right,No,USA,125000.0,Star
24,1961,P,Sandy Koufax,25,42,94,77,3,5,0,0,0,2,0,1,9,35,0.065,0.163,0.065,0.228,-38,5,0,0,8,0,0,Right,No,USA,7000.0,Rookie
25,1961,P,Stan Williams,24,41,91,78,3,13,2,0,0,5,0,0,7,39,0.167,0.235,0.192,0.428,12,15,1,0,6,0,0,Right,No,USA,9000.0,Rookie
26,1961,P,Johnny Podres,28,32,76,69,3,16,2,0,0,7,0,0,2,8,0.232,0.25,0.261,0.511,33,18,2,0,4,1,0,Left,No,Mexico,8000.0,Rookie
27,1961,P,Roger Craig,31,40,33,27,3,4,1,0,0,0,0,0,3,12,0.148,0.233,0.185,0.419,10,5,0,0,3,0,0,Right,No,Japan,9000.0,Rookie
28,1961,P,Turk Farrell,27,50,21,18,0,0,0,0,0,0,0,0,0,5,0.0,0.0,0.0,0.0,-100,0,1,0,3,0,0,Right,No,USA,8000.0,Rookie
29,1961,P,Larry Sherry,25,53,15,13,2,2,0,0,0,1,0,0,1,2,0.154,0.267,0.154,0.421,13,2,0,1,0,0,0,Right,No,USA,8000.0,Rookie
30,1961,P,Ron Perranoski,25,53,14,12,2,1,0,0,0,0,0,0,2,8,0.083,0.214,0.083,0.298,-19,1,0,0,0,0,0,Left,No,South Korea,8000.0,Rookie
31,1961,P,Phil Ortega,21,4,4,4,0,1,0,0,0,0,0,0,0,2,0.25,0.25,0.25,0.5,30,1,0,0,0,0,0,Right,No,Cuba,8000.0,Rookie
32,1961,P,Jim Golden,25,28,3,3,0,0,0,0,0,0,0,0,0,1,0.0,0.0,0.0,0.0,-100,0,0,0,0,0,0,Left,No,Puerto Rico,8000.0,Rookie
33,1961,P,Ed Roebuck,29,5,2,2,0,0,0,0,0,0,0,0,0,1,0.0,0.0,0.0,0.0,-100,0,0,0,0,0,0,Right,No,USA,8000.0,Rookie
34,1961,P,Ed Palmquist,28,5,0,0,0,0,0,0,0,0,0,0,0,0,0.0,0.0,0.0,0.0,0,0,0,0,0,0,0,Right,No,USA,8000.0,Rookie
1,1960,C,John Roseboro,27,103,340,287,22,61,15,3,8,42,7,6,44,53,0.213,0.323,0.369,0.693,85,106,1,4,3,2,6,Left,No,USA,13000.0,Rookie
2,1960,1B,Norm Larker,29,133,493,440,56,142,26,3,5,78,1,0,36,24,0.323,0.368,0.43,0.798,113,189,9,1,7,9,2,Left,No,Venezuela,27000.0,Rookie
3,1960,2B,Charlie Neal,29,139,547,477,60,122,23,2,8,40,5,5,48,75,0.256,0.321,0.363,0.684,83,173,18,1,14,7,2,Right,No,USA,12000.0,Rookie
4,1960,SS,Maury Wills,27,148,559,516,75,152,15,2,0,27,50,12,35,47,0.295,0.342,0.331,0.673,81,171,11,3,3,2,8,Right,Yes,USA,15000.0,Rookie
5,1960,3B,Jim Gilliam,31,151,670,557,96,138,20,2,5,40,12,9,96,28,0.248,0.359,0.318,0.677,83,177,6,3,9,4,1,Right,Yes,USA,12000.0,Rookie
6,1960,LF,Wally Moon,30,138,547,469,74,140,21,6,13,69,6,10,67,53,0.299,0.383,0.452,0.835,123,212,21,1,4,6,4,Left,No,Dominican Republic,39000.0,Arbitration
7,1960,CF,Tommy Davis,21,110,374,352,43,97,18,1,11,44,6,2,13,35,0.276,0.302,0.426,0.728,93,150,6,2,3,4,2,Right,No,USA,13000.0,Rookie
8,1960,RF,Frank Howard,23,117,487,448,54,120,15,2,23,77,0,1,32,108,0.268,0.32,0.464,0.784,107,208,8,3,2,2,1,Right,No,USA,14000.0,Rookie
9,1960,OF,Duke Snider,33,101,285,235,38,57,13,5,14,36,1,0,46,54,0.243,0.366,0.519,0.885,134,122,7,1,1,2,8,Left,No,USA,29000.0,Rookie
10,1960,1B,Gil Hodges,36,101,231,197,22,39,8,1,8,30,0,1,26,37,0.198,0.291,0.371,0.661,76,73,5,1,4,3,1,Right,No,USA,10000.0,Rookie
11,1960,CF,Don Demeter,25,64,181,168,23,46,7,1,9,29,0,1,8,34,0.274,0.306,0.488,0.794,109,82,1,1,1,3,1,Right,No,Dominican Republic,21000.0,Rookie
12,1960,C,Norm Sherry,28,47,154,138,22,39,4,1,8,19,0,0,12,29,0.283,0.353,0.5,0.853,126,69,2,3,1,0,3,Right,No,USA,42000.0,Arbitration
13,1960,C,Joe Pignatano,30,58,106,90,11,21,4,0,2,9,1,1,15,17,0.233,0.343,0.344,0.687,85,31,0,0,1,0,2,Right,No,USA,11000.0,Rookie
14,1960,CF,Willie Davis,20,22,94,88,12,28,6,1,2,10,3,5,4,12,0.318,0.348,0.477,0.825,119,42,1,0,2,0,2,Left,No,USA,9000.0,Rookie
15,1960,LF,Chuck Essegian,28,52,88,79,8,17,3,0,3,11,0,0,8,24,0.215,0.284,0.367,0.651,73,29,0,0,0,1,1,Right,No,Puerto Rico,8000.0,Rookie
16,1960,3B,Charley Smith,22,18,66,60,2,10,1,1,0,5,0,0,1,15,0.167,0.172,0.217,0.389,3,13,0,0,2,3,0,Right,No,Venezuela,8000.0,Rookie
17,1960,IF,Bob Lillis,30,48,64,60,6,16,4,0,0,6,2,0,2,6,0.267,0.29,0.333,0.624,67,20,2,0,2,0,1,Right,No,USA,9000.0,Rookie
18,1960,IF,Bob Aspromonte,22,21,56,55,1,10,1,0,1,6,1,0,0,6,0.182,0.196,0.255,0.451,20,14,1,1,0,0,0,Right,No,Dominican Republic,8000.0,Rookie
19,1960,OF,Ron Fairly,21,14,45,37,6,4,0,3,1,3,0,0,7,12,0.108,0.25,0.351,0.601,59,13,1,0,1,0,0,Left,No,USA,8000.0,Rookie
20,1960,C,Doug Camilli,23,6,26,24,4,8,2,0,1,3,0,0,1,4,0.333,0.385,0.542,0.926,145,13,0,1,0,0,0,Right,No,USA,7000.0,Rookie
21,1960,,Irv Noren,35,26,26,25,1,5,0,0,1,1,0,0,1,8,0.2,0.231,0.32,0.551,46,8,1,0,0,0,0,Left,No,Puerto Rico,7000.0,Rookie
22,1960,OF,Sandy Amorós,30,9,17,14,1,2,0,0,0,0,0,0,3,2,0.143,0.294,0.143,0.437,22,2,0,0,0,0,1,Left,No,USA,8000.0,Rookie
23,1960,RF,Carl Furillo,38,8,10,10,1,2,0,1,0,1,0,0,0,2,0.2,0.2,0.4,0.6,56,4,0,0,0,0,0,Right,No,Dominican Republic,7000.0,Rookie
24,1960,RF,Rip Repulski,31,4,5,5,0,1,0,0,0,0,0,0,0,1,0.2,0.2,0.2,0.4,8,1,1,0,0,0,0,Right,No,USA,8000.0,Rookie
25,1960,P,Don Drysdale,23,41,99,83,3,13,6,2,0,4,0,0,6,32,0.157,0.211,0.277,0.488,30,23,0,0,9,1,0,Right,No,USA,125000.0,Star
26,1960,P,Johnny Podres,27,34,83,66,3,9,0,0,0,3,0,0,5,15,0.136,0.205,0.136,0.342,-6,9,0,1,10,1,0,Left,No,USA,8000.0,Rookie
27,1960,P,Stan Williams,23,38,74,64,7,9,1,0,2,7,0,0,3,35,0.141,0.179,0.25,0.429,14,16,1,0,7,0,0,Right,No,Dominican Republic,7000.0,Rookie
28,1960,P,Sandy Koufax,24,37,64,57,1,7,0,0,0,1,0,0,3,28,0.123,0.167,0.123,0.289,-21,7,1,0,4,0,0,Right,No,USA,8000.0,Rookie
29,1960,P,Roger Craig,30,21,43,36,2,2,0,0,0,2,0,0,4,16,0.056,0.15,0.056,0.206,-42,2,1,0,3,0,0,Right,No,USA,8000.0,Rookie
30,1960,P,Larry Sherry,24,57,41,37,1,6,0,1,1,2,0,0,1,7,0.162,0.184,0.297,0.482,26,11,2,0,3,0,0,Right,No,Venezuela,9000.0,Rookie
31,1960,P,Ed Roebuck,28,58,29,24,3,4,1,0,0,1,0,0,1,8,0.167,0.2,0.208,0.408,10,5,1,0,4,0,0,Right,No,USA,7000.0,Rookie
32,1960,P,Danny McDevitt,27,24,13,10,2,2,0,0,0,0,0,0,1,6,0.2,0.273,0.2,0.473,29,2,0,0,2,0,0,Left,No,USA,9000.0,Rookie
33,1960,P,Ed Palmquist,27,22,7,7,0,0,0,0,0,0,0,0,0,1,0.0,0.0,0.0,0.0,-100,0,0,0,0,0,0,Right,No,USA,8000.0,Rookie
34,1960,P,Ed Rakow,25,9,6,6,0,2,0,0,0,0,0,0,0,1,0.333,0.333,0.333,0.667,79,2,0,0,0,0,0,Right,Yes,USA,8000.0,Rookie
35,1960,P,Jim Golden,24,1,3,3,1,1,1,0,0,0,0,0,0,1,0.333,0.333,0.667,1.0,160,2,0,0,0,0,0,Left,No,USA,8000.0,Rookie
36,1960,P,Clem Labine,33,13,2,2,1,1,1,0,0,0,0,0,0,1,0.5,0.5,1.0,1.5,290,2,0,0,0,0,0,Right,No,USA,7000.0,Rookie
37,1960,P,Phil Ortega,20,3,1,1,0,0,0,0,0,0,0,0,0,0,0.0,0.0,0.0,0.0,-100,0,0,0,0,0,0,Right,No,USA,7000.0,Rookie
1,1959,C,John Roseboro,26,118,461,397,39,92,14,7,10,38,7,5,52,69,0.232,0.322,0.378,0.7,81,150,7,3,5,4,11,Left,No,USA,23000.0,Rookie
2,1959,1B,Gil Hodges,35,124,480,413,57,114,19,2,25,80,3,2,58,92,0.276,0.367,0.513,0.88,125,212,13,3,3,3,6,Right,No,USA,28000.0,Rookie
3,1959,2B,Charlie Neal,28,151,686,616,103,177,30,11,19,83,17,6,43,86,0.287,0.337,0.464,0.802,106,286,22,4,21,1,2,Right,No,Dominican Republic,43000.0,Arbitration
4,1959,SS,Don Zimmer,28,97,292,249,21,41,7,1,4,28,3,1,37,56,0.165,0.274,0.249,0.523,37,62,8,1,4,1,7,Right,No,USA,9000.0,Rookie
5,1959,3B,Jim Gilliam,30,145,655,553,91,156,18,4,3,34,23,10,96,25,0.282,0.387,0.345,0.732,92,191,3,0,3,3,4,Right,Yes,Venezuela,19000.0,Rookie
6,1959,LF,Wally Moon,29,145,637,543,93,164,26,11,19,74,15,6,81,64,0.302,0.394,0.495,0.89,129,269,9,3,8,2,1,Left,No,Dominican Republic,40000.0,Arbitration
7,1959,CF,Don Demeter,24,139,401,371,55,95,11,1,18,70,5,6,16,87,0.256,0.294,0.437,0.731,87,162,7,6,3,5,1,Right,No,Cuba,16000.0,Rookie
8,1959,RF,Duke Snider,32,126,435,370,59,114,11,2,23,88,1,5,58,71,0.308,0.4,0.535,0.935,140,198,8,0,5,2,13,Left,No,USA,51000.0,Arbitration
9,1959,UT,Norm Larker,28,108,351,311,37,90,14,1,8,49,0,1,26,25,0.289,0.344,0.418,0.762,97,130,12,2,8,4,1,Left,No,USA,26000.0,Rookie
10,1959,OF,Ron Fairly,20,118,284,244,27,58,12,1,4,23,0,4,31,29,0.238,0.324,0.344,0.668,74,84,3,1,6,2,2,Left,No,USA,10000.0,Rookie
11,1959,SS,Maury Wills,26,83,258,242,27,63,5,2,0,7,7,3,13,27,0.26,0.298,0.298,0.596,55,72,3,0,3,0,5,Right,Yes,USA,10000.0,Rookie
12,1959,C,Joe Pignatano,29,52,166,139,17,33,4,1,1,11,1,0,21,15,0.237,0.346,0.302,0.648,70,42,2,2,4,0,2,Right,No,Venezuela,15000.0,Rookie
13,1959,OF,Rip Repulski,30,53,109,94,11,24,4,0,2,14,0,1,13,23,0.255,0.343,0.362,0.704,83,34,3,0,1,1,2,Right,No,Cuba,25000.0,Rookie
14,1959,RF,Carl Furillo,37,50,103,93,8,27,4,0,0,13,0,0,7,11,0.29,0.333,0.333,0.667,74,31,5,0,1,2,2,Right,No,USA,13000.0,Rookie
15,1959,3B,Dick Gray,27,21,59,52,8,8,1,0,2,4,0,0,6,12,0.154,0.241,0.288,0.53,37,15,1,0,1,0,0,Right,No,USA,8000.0,Rookie
16,1959,SS,Bob Lillis,29,30,51,48,7,11,2,0,0,2,0,0,3,4,0.229,0.275,0.271,0.545,42,13,0,0,0,0,1,Right,No,USA,7000.0,Rookie
17,1959,OF,Chuck Essegian,27,24,50,46,6,14,6,0,1,5,0,0,4,11,0.304,0.36,0.5,0.86,120,23,1,0,0,0,1,Right,No,USA,8000.0,Rookie
18,1959,3B,Jim Baxes,30,11,38,33,4,10,1,0,2,5,1,0,4,7,0.303,0.395,0.515,0.91,134,17,3,1,0,0,0,Right,No,USA,7000.0,Rookie
19,1959,OF,Frank Howard,22,9,23,21,2,3,0,1,1,6,0,0,2,9,0.143,0.217,0.381,0.598,51,8,0,0,0,0,0,Right,No,Venezuela,8000.0,Rookie
20,1959,OF,Solly Drake,28,9,9,8,2,2,0,0,0,0,1,0,1,3,0.25,0.333,0.25,0.583,55,2,0,0,0,0,0,Right,Yes,USA,8000.0,Rookie
21,1959,,Sandy Amorós,29,5,5,5,1,1,0,0,0,1,0,0,0,1,0.2,0.2,0.2,0.4,4,1,0,0,0,0,0,Left,No,USA,8000.0,Rookie
22,1959,C,Norm Sherry,27,2,4,3,0,1,0,0,0,2,0,0,0,0,0.333,0.5,0.333,0.833,122,1,1,1,0,0,0,Right,No,Dominican Republic,7000.0,Rookie
23,1959,,Tommy Davis,20,1,1,1,0,0,0,0,0,0,0,0,0,1,0.0,0.0,0.0,0.0,-100,0,0,0,0,0,0,Right,No,Venezuela,9000.0,Rookie
24,1959,P,Don Drysdale,22,46,104,91,9,15,1,1,4,12,0,1,4,31,0.165,0.198,0.33,0.528,34,30,2,0,8,1,0,Right,No,USA,125000.0,Star
25,1959,P,Johnny Podres,26,34,75,65,4,16,1,0,0,4,0,0,6,13,0.246,0.306,0.262,0.567,49,17,1,0,3,1,0,Left,No,USA,8000.0,Rookie
26,1959,P,Sandy Koufax,23,35,58,54,3,6,3,0,0,0,0,0,2,29,0.111,0.143,0.167,0.31,-20,9,0,0,2,0,0,Right,No,USA,8000.0,Rookie
27,1959,P,Roger Craig,29,29,57,52,1,3,0,0,0,3,0,0,1,28,0.058,0.075,0.058,0.133,-65,3,0,0,4,0,0,Right,No,USA,8000.0,Rookie
28,1959,P,Danny McDevitt,26,39,49,46,4,5,1,0,0,3,0,0,0,17,0.109,0.128,0.13,0.258,-33,6,0,1,2,0,0,Left,No,USA,7000.0,Rookie
29,1959,P,Stan Williams,22,35,40,36,3,7,0,0,0,3,0,0,3,15,0.194,0.256,0.194,0.451,19,7,1,0,1,0,0,Right,No,Venezuela,7000.0,Rookie
30,1959,P,Larry Sherry,23,23,34,32,3,7,0,0,2,5,0,0,1,6,0.219,0.242,0.406,0.649,65,13,0,0,1,0,0,Right,No,USA,9000.0,Rookie
31,1959,P,Clem Labine,32,56,17,16,1,0,0,0,0,0,0,0,0,9,0.0,0.0,0.0,0.0,-100,0,0,0,1,0,0,Right,No,USA,9000.0,Rookie
32,1959,P,Art Fowler,36,36,13,12,0,1,0,0,0,0,0,0,0,4,0.083,0.083,0.083,0.167,-57,1,0,0,1,0,0,Right,No,USA,8000.0,Rookie
33,1959,P,Gene Snyder,28,11,9,6,1,0,0,0,0,0,0,0,2,2,0.0,0.25,0.0,0.25,-28,0,0,0,1,0,0,Right,No,USA,7000.0,Rookie
34,1959,P,Carl Erskine,32,10,7,7,0,0,0,0,0,0,0,0,0,4,0.0,0.0,0.0,0.0,-100,0,0,0,0,0,0,Right,No,USA,8000.0,Rookie
35,1959,P,Johnny Klippstein,31,28,7,7,0,1,0,0,0,0,0,0,0,2,0.143,0.143,0.143,0.286,-25,1,0,0,0,0,0,Right,No,Venezuela,9000.0,Rookie
36,1959,P,Chuck Churn,29,14,6,6,1,1,1,0,0,0,0,0,0,3,0.167,0.167,0.333,0.5,26,2,0,0,0,0,0,Right,No,USA,9000.0,Rookie
37,1959,P,Fred Kipp,27,2,0,0,0,0,0,0,0,0,0,0,0,0,0.0,0.0,0.0,0.0,0,0,0,0,0,0,0,Left,No,Dominican Republic,7000.0,Rookie
38,1959,P,Bill Harris,28,1,0,0,0,0,0,0,0,0,0,0,0,0,0.0,0.0,0.0,0.0,0,0,0,0,0,0,0,Left,No,USA,7000.0,Rookie
1,1958,C,John Roseboro,25,114,431,384,52,104,11,9,14,43,11,8,36,56,0.271,0.333,0.456,0.788,103,175,5,2,4,5,2,Left,No,Venezuela,22000.0,Rookie
2,1958,1B,Gil Hodges,34,141,532,475,68,123,15,1,22,64,8,2,52,87,0.259,0.33,0.434,0.764,98,206,15,0,2,3,3,Right,No,USA,19000.0,Rookie
3,1958,2B,Charlie Neal,27,140,549,473,87,120,9,6,22,65,7,6,61,91,0.254,0.341,0.438,0.779,102,207,11,5,4,6,4,Right,No,USA,20000.0,Rookie
4,1958,SS,Don Zimmer,27,127,495,455,52,119,15,2,17,60,14,2,28,92,0.262,0.305,0.415,0.72,86,189,17,1,9,2,1,Right,No,Dominican Republic,17000.0,Rookie
5,1958,3B,Dick Gray,26,58,221,197,25,49,5,6,9,30,1,1,19,30,0.249,0.327,0.472,0.799,106,93,6,4,1,0,0,Right,No,USA,22000.0,Rookie
6,1958,LF,Jim Gilliam,29,147,636,555,81,145,25,5,2,43,18,11,78,22,0.261,0.352,0.335,0.687,81,186,5,0,3,0,1,Right,Yes,USA,16000.0,Rookie
7,1958,CF,Duke Snider,31,106,365,327,45,102,12,3,15,58,2,2,32,49,0.312,0.371,0.505,0.875,126,165,11,1,1,4,4,Left,No,USA,44000.0,Arbitration
8,1958,RF,Carl Furillo,36,122,459,411,54,119,19,3,18,83,0,2,35,28,0.29,0.343,0.482,0.825,112,198,15,2,4,7,2,Right,No,USA,28000.0,Rookie
9,1958,OF,Gino Cimoli,28,109,352,325,35,80,6,3,9,27,3,3,18,49,0.246,0.292,0.366,0.658,71,119,16,3,6,0,0,Right,No,USA,14000.0,Rookie
10,1958,UT,Norm Larker,27,99,291,253,32,70,16,5,4,29,1,1,29,21,0.277,0.352,0.427,0.779,102,108,8,3,1,5,0,Left,No,USA,18000.0,Rookie
11,1958,IF,Pee Wee Reese,39,59,181,147,21,33,7,2,4,17,1,2,26,15,0.224,0.337,0.381,0.718,87,56,3,0,6,2,0,Right,No,USA,14000.0,Rookie
12,1958,C,Joe Pignatano,28,63,163,142,18,31,4,0,9,17,4,1,16,26,0.218,0.306,0.437,0.743,91,62,3,2,3,0,1,Right,No,USA,22000.0,Rookie
13,1958,OF,Elmer Valo,37,65,115,101,9,25,2,1,1,14,0,1,12,11,0.248,0.322,0.317,0.639,68,32,2,0,0,2,0,Left,No,Dominican Republic,12000.0,Rookie
14,1958,OF,Don Demeter,23,43,112,106,11,20,2,0,5,8,2,3,5,32,0.189,0.225,0.349,0.574,47,37,0,0,1,0,0,Right,No,USA,8000.0,Rookie
15,1958,1B,Steve Bilko,29,47,110,101,13,21,1,2,7,18,0,0,8,37,0.208,0.264,0.465,0.729,85,47,4,0,0,1,0,Right,No,Dominican Republic,20000.0,Rookie
16,1958,SS,Bob Lillis,28,20,77,69,10,27,3,1,1,5,1,2,4,2,0.391,0.421,0.507,0.928,141,35,1,1,1,2,0,Right,No,USA,7000.0,Rookie
17,1958,3B,Randy Jackson,32,35,70,65,8,12,3,0,1,4,0,0,5,10,0.185,0.243,0.277,0.52,35,18,3,0,0,0,1,Right,No,USA,8000.0,Rookie
18,1958,OF,Ron Fairly,19,15,60,53,6,15,1,0,2,8,0,0,6,7,0.283,0.35,0.415,0.765,99,22,1,0,0,1,0,Left,No,USA,7000.0,Rookie
19,1958,C,Rube Walker,32,25,50,44,3,5,2,0,1,7,0,0,5,10,0.114,0.2,0.227,0.427,11,10,2,0,0,1,2,Left,No,Venezuela,7000.0,Rookie
20,1958,1B,Jim Gentile,24,12,34,30,0,4,1,0,0,4,0,0,4,6,0.133,0.235,0.167,0.402,8,5,1,0,0,0,1,Left,No,USA,9000.0,Rookie
21,1958,OF,Frank Howard,21,8,30,29,3,7,1,0,1,2,0,0,1,11,0.241,0.267,0.379,0.646,66,11,1,0,0,0,0,Right,No,USA,8000.0,Rookie
22,1958,LF,Don Miles,22,8,23,22,2,4,0,0,0,0,0,0,0,6,0.182,0.217,0.182,0.399,6,4,0,1,0,0,0,Left,No,USA,8000.0,Rookie
23,1958,3B,Earl Robinson,21,8,16,15,3,3,0,0,0,0,0,0,1,4,0.2,0.25,0.2,0.45,20,3,2,0,0,0,0,Right,No,Puerto Rico,9000.0,Rookie
24,1958,RF,Bob Wilson,33,3,5,5,0,1,0,0,0,0,0,0,0,1,0.2,0.2,0.2,0.4,5,1,0,0,0,0,0,Right,No,USA,9000.0,Rookie
25,1958,P,Johnny Podres,25,42,79,71,5,9,0,0,0,4,0,0,2,17,0.127,0.147,0.127,0.273,-28,9,0,0,4,2,0,Left,No,Panama,8000.0,Rookie
26,1958,P,Don Drysdale,21,47,72,66,9,15,1,1,7,12,0,0,3,25,0.227,0.261,0.591,0.852,114,39,0,0,3,0,0,Right,No,USA,125000.0,Star
27,1958,P,Sandy Koufax,22,40,55,49,2,6,1,0,0,1,0,0,1,26,0.122,0.14,0.143,0.283,-26,7,0,0,5,0,0,Right,No,USA,8000.0,Rookie
28,1958,P,Stan Williams,21,27,43,40,2,2,0,0,1,1,0,0,0,24,0.05,0.05,0.125,0.175,-56,5,0,0,3,0,0,Right,No,Puerto Rico,8000.0,Rookie
29,1958,P,Fred Kipp,26,42,37,36,4,9,1,0,0,1,0,0,1,4,0.25,0.27,0.278,0.548,44,10,0,0,0,0,0,Left,No,USA,8000.0,Rookie
30,1958,P,Carl Erskine,31,32,29,27,1,1,0,0,0,0,0,0,1,8,0.037,0.071,0.037,0.108,-71,1,0,0,1,0,0,Right,No,USA,8000.0,Rookie
31,1958,P,Johnny Klippstein,30,45,21,20,1,1,0,0,0,0,0,0,0,10,0.05,0.05,0.05,0.1,-74,1,0,0,1,0,0,Right,No,USA,8000.0,Rookie
32,1958,P,Clem Labine,31,52,21,18,0,1,0,0,0,0,0,0,2,12,0.056,0.15,0.056,0.206,-43,1,0,0,1,0,0,Right,No,USA,8000.0,Rookie
33,1958,P,Danny McDevitt,25,13,15,15,1,2,1,0,0,2,0,0,0,6,0.133,0.133,0.2,0.333,-14,3,0,0,0,0,0,Left,No,Mexico,7000.0,Rookie
34,1958,P,Don Newcombe,32,11,14,12,2,5,0,0,0,0,0,0,2,2,0.417,0.5,0.417,0.917,143,5,0,0,0,0,0,Left,No,USA,8000.0,Rookie
35,1958,P,Roger Craig,28,9,10,9,0,0,0,0,0,0,0,0,1,3,0.0,0.1,0.0,0.1,-71,0,0,0,0,0,0,Right,No,USA,7000.0,Rookie
36,1958,P,Bob Giallombardo,21,8,9,6,1,1,0,0,0,0,0,0,0,3,0.167,0.167,0.167,0.333,-12,1,0,0,3,0,0,Left,No,USA,8000.0,Rookie
37,1958,P,Babe Birrer,28,16,8,7,0,4,1,0,0,0,0,0,1,2,0.571,0.625,0.714,1.339,249,5,0,0,0,0,0,Right,No,USA,8000.0,Rookie
38,1958,P,Ed Roebuck,26,32,4,4,2,2,1,0,0,0,0,0,0,1,0.5,0.5,0.75,1.25,221,3,0,0,0,0,0,Right,No,USA,8000.0,Rookie
39,1958,P,Ralph Mauriello,23,3,4,4,0,0,0,0,0,0,0,0,0,2,0.0,0.0,0.0,0.0,-100,0,0,0,0,0,0,Right,No,USA,9000.0,Rookie
40,1958,P,Don Bessent,27,19,3,2,0,0,0,0,0,0,0,0,0,1,0.0,0.0,0.0,0.0,-100,0,0,0,1,0,0,Right,No,Venezuela,9000.0,Rookie
41,1958,P,Ron Negray,28,4,2,2,0,0,0,0,0,0,0,0,0,1,0.0,0.0,0.0,0.0,-100,0,0,0,0,0,0,Right,No,USA,8000.0,Rookie
42,1958,P,Jackie Collum,31,2,1,1,0,0,0,0,0,0,0,0,0,0,0.0,0.0,0.0,0.0,-100,0,0,0,0,0,0,Left,No,USA,9000.0,Rookie
43,1958,P,Larry Sherry,22,5,0,0,0,0,0,0,0,0,0,0,0,0,0.0,0.0,0.0,0.0,0,0,0,0,0,0,0,Right,No,USA,8000.0,Rookie
